<?xml version="1.0" encoding="UTF-8" standalone="yes"?>
<contentHaul xmlns:a="http://www.appian.com/ae/types/2009">
    <rule>
        <name>IAL_Query_Entity_getQuestionDetails</name>
        <uuid>023fcd14-f681-44a1-9ec4-2c6efaf1650f</uuid>
        <description>Returns the Question details based on the selection of columns upon applying the filters</description>
        <parentUuid>_a-0000dd13-5aaa-8000-9ccd-01ef9001ef90_55729</parentUuid>
        <visibility>
            <advertise>false</advertise>
            <hierarchy>true</hierarchy>
            <indexable>true</indexable>
            <quota>false</quota>
            <searchable>true</searchable>
            <system>false</system>
            <unlogged>false</unlogged>
        </visibility>
        <definition>#&quot;SYSTEM_SYSRULES_queryEntity&quot;(
  entity: #&quot;_a-0000dd13-5aaa-8000-9ccd-01ef9001ef90_55744&quot;,
  query: #&quot;SYSTEM_SYSRULES_query&quot;(
    selection: if(
      #&quot;3cb44a61-09f2-4f15-91e8-489ab1280ef0&quot;(
        array: ri!selectionColumns
      ),
      {},
      #&quot;SYSTEM_SYSRULES_querySelection&quot;(
        columns: apply(
          #&quot;SYSTEM_SYSRULES_queryColumn&quot;(
            field: _,
            visible: true()
          ),
          ri!selectionColumns
        )
      )
    ),
    logicalExpression: #&quot;SYSTEM_SYSRULES_queryLogicalExpression&quot;(
      operator: &quot;AND&quot;,
      filters: {
        if(
          #&quot;3cb44a61-09f2-4f15-91e8-489ab1280ef0&quot;(
            ri!cdt_ialQuestion.int_id
          ),
          #&quot;SYSTEM_SYSRULES_queryFilter&quot;(
            field: &quot;int_id&quot;,
            operator: &quot;not null&quot;
          ),
          #&quot;SYSTEM_SYSRULES_queryFilter&quot;(
            field: &quot;int_id&quot;,
            operator: &quot;=&quot;,
            value: ri!cdt_ialQuestion.int_id
          )
        ),
        if(
          #&quot;3cb44a61-09f2-4f15-91e8-489ab1280ef0&quot;(
            ri!cdt_ialQuestion.text_questionCode
          ),
          {},
          #&quot;SYSTEM_SYSRULES_queryFilter&quot;(
            field: &quot;text_questionCode&quot;,
            operator: &quot;=&quot;,
            value: ri!cdt_ialQuestion.text_questionCode
          )
        ),
        if(
          #&quot;3cb44a61-09f2-4f15-91e8-489ab1280ef0&quot;(
            ri!cdt_ialQuestion.text_questionName
          ),
          {},
          #&quot;SYSTEM_SYSRULES_queryFilter&quot;(
            field: &quot;text_questionName&quot;,
            operator: &quot;=&quot;,
            value: ri!cdt_ialQuestion.text_questionName
          )
        ),
        if(
          #&quot;3cb44a61-09f2-4f15-91e8-489ab1280ef0&quot;(
            ri!cdt_ialQuestion.text_questionDescription
          ),
          {},
          #&quot;SYSTEM_SYSRULES_queryFilter&quot;(
            field: &quot;text_questionDescription&quot;,
            operator: &quot;=&quot;,
            value: ri!cdt_ialQuestion.text_questionDescription
          )
        ),
        if(
          #&quot;3cb44a61-09f2-4f15-91e8-489ab1280ef0&quot;(
            ri!cdt_ialQuestion.int_questionDocumetId
          ),
          {},
          #&quot;SYSTEM_SYSRULES_queryFilter&quot;(
            field: &quot;int_questionDocumetId&quot;,
            operator: &quot;=&quot;,
            value: ri!cdt_ialQuestion.int_questionDocumetId
          )
        ),
        if(
          #&quot;3cb44a61-09f2-4f15-91e8-489ab1280ef0&quot;(
            ri!cdt_ialQuestion.text_questionDocumentName
          ),
          {},
          #&quot;SYSTEM_SYSRULES_queryFilter&quot;(
            field: &quot;text_questionDocumentName&quot;,
            operator: &quot;=&quot;,
            value: ri!cdt_ialQuestion.text_questionDocumentName
          )
        ),
        if(
          #&quot;3cb44a61-09f2-4f15-91e8-489ab1280ef0&quot;(
            ri!cdt_ialQuestion.dec_evaluationTimeInHours
          ),
          {},
          #&quot;SYSTEM_SYSRULES_queryFilter&quot;(
            field: &quot;dec_evaluationTimeInHours&quot;,
            operator: &quot;=&quot;,
            value: ri!cdt_ialQuestion.dec_evaluationTimeInHours
          )
        ),
        if(
          #&quot;3cb44a61-09f2-4f15-91e8-489ab1280ef0&quot;(
            ri!cdt_ialQuestion.int_topicId
          ),
          {},
          #&quot;SYSTEM_SYSRULES_queryFilter&quot;(
            field: &quot;int_topicId&quot;,
            operator: &quot;=&quot;,
            value: ri!cdt_ialQuestion.int_topicId
          )
        ),
        if(
          #&quot;3cb44a61-09f2-4f15-91e8-489ab1280ef0&quot;(
            ri!cdt_ialQuestion.int_categoryId
          ),
          {},
          #&quot;SYSTEM_SYSRULES_queryFilter&quot;(
            field: &quot;int_categoryId&quot;,
            operator: &quot;=&quot;,
            value: ri!cdt_ialQuestion.int_categoryId
          )
        ),
        if(
          #&quot;3cb44a61-09f2-4f15-91e8-489ab1280ef0&quot;(
            ri!cdt_ialQuestion.datetime_startDate
          ),
          {},
          #&quot;SYSTEM_SYSRULES_queryFilter&quot;(
            field: &quot;datetime_startDate&quot;,
            operator: &quot;=&quot;,
            value: ri!cdt_ialQuestion.datetime_startDate
          )
        ),
        if(
          #&quot;3cb44a61-09f2-4f15-91e8-489ab1280ef0&quot;(
            ri!cdt_ialQuestion.datetime_endDate
          ),
          {},
          #&quot;SYSTEM_SYSRULES_queryFilter&quot;(
            field: &quot;datetime_endDate&quot;,
            operator: &quot;=&quot;,
            value: ri!cdt_ialQuestion.datetime_endDate
          )
        ),
        if(
          #&quot;3cb44a61-09f2-4f15-91e8-489ab1280ef0&quot;(
            ri!cdt_ialQuestion.int_questionComplexityId
          ),
          {},
          #&quot;SYSTEM_SYSRULES_queryFilter&quot;(
            field: &quot;int_questionComplexityId&quot;,
            operator: &quot;=&quot;,
            value: ri!cdt_ialQuestion.int_questionComplexityId
          )
        ),
        if(
          #&quot;3cb44a61-09f2-4f15-91e8-489ab1280ef0&quot;(
            ri!cdt_ialQuestion.int_weightage
          ),
          {},
          #&quot;SYSTEM_SYSRULES_queryFilter&quot;(
            field: &quot;int_weightage&quot;,
            operator: &quot;=&quot;,
            value: ri!cdt_ialQuestion.int_weightage
          )
        ),
        if(
          #&quot;3cb44a61-09f2-4f15-91e8-489ab1280ef0&quot;(
            ri!cdt_ialQuestion.int_relevancePoints
          ),
          {},
          #&quot;SYSTEM_SYSRULES_queryFilter&quot;(
            field: &quot;int_relevancePoints&quot;,
            operator: &quot;=&quot;,
            value: ri!cdt_ialQuestion.int_relevancePoints
          )
        ),
        if(
          #&quot;3cb44a61-09f2-4f15-91e8-489ab1280ef0&quot;(
            ri!cdt_ialQuestion.bool_isActive
          ),
          {},
          #&quot;SYSTEM_SYSRULES_queryFilter&quot;(
            field: &quot;bool_isActive&quot;,
            operator: &quot;=&quot;,
            value: ri!cdt_ialQuestion.bool_isActive
          )
        ),
        if(
          #&quot;3cb44a61-09f2-4f15-91e8-489ab1280ef0&quot;(
            ri!cdt_ialQuestion.datetime_createdOn
          ),
          {},
          #&quot;SYSTEM_SYSRULES_queryFilter&quot;(
            field: &quot;datetime_createdOn&quot;,
            operator: &quot;=&quot;,
            value: ri!cdt_ialQuestion.datetime_createdOn
          )
        ),
        if(
          #&quot;3cb44a61-09f2-4f15-91e8-489ab1280ef0&quot;(
            ri!cdt_ialQuestion.text_createdBy
          ),
          {},
          #&quot;SYSTEM_SYSRULES_queryFilter&quot;(
            field: &quot;text_createdBy&quot;,
            operator: &quot;=&quot;,
            value: ri!cdt_ialQuestion.text_createdBy
          )
        ),
        if(
          #&quot;3cb44a61-09f2-4f15-91e8-489ab1280ef0&quot;(
            ri!cdt_ialQuestion.datetime_updatedOn
          ),
          {},
          #&quot;SYSTEM_SYSRULES_queryFilter&quot;(
            field: &quot;datetime_updatedOn&quot;,
            operator: &quot;=&quot;,
            value: ri!cdt_ialQuestion.datetime_updatedOn
          )
        ),
        if(
          #&quot;3cb44a61-09f2-4f15-91e8-489ab1280ef0&quot;(
            ri!cdt_ialQuestion.text_updatedBy
          ),
          {},
          #&quot;SYSTEM_SYSRULES_queryFilter&quot;(
            field: &quot;text_updatedBy&quot;,
            operator: &quot;=&quot;,
            value: ri!cdt_ialQuestion.text_updatedBy
          )
        ),
        if(
          #&quot;3cb44a61-09f2-4f15-91e8-489ab1280ef0&quot;(
            ri!questionNameContains
          ),
          {},
          #&quot;SYSTEM_SYSRULES_queryFilter&quot;(
            field: &quot;text_questionName&quot;,
            operator: &quot;includes&quot;,
            value: ri!questionNameContains
          )
        ),
        if(
          #&quot;3cb44a61-09f2-4f15-91e8-489ab1280ef0&quot;(
            ri!queryFilters
          ),
          {},
          ri!queryFilters
        )
      }
    ),
    pagingInfo: ri!pagingInfo
  )
)</definition>
        <namedTypedValue>
            <name>selectionColumns</name>
            <type>
                <name>Text?list</name>
                <namespace>http://www.appian.com/ae/types/2009</namespace>
            </type>
        </namedTypedValue>
        <namedTypedValue>
            <name>cdt_ialQuestion</name>
            <type>
                <name>IAL_Question</name>
                <namespace>urn:com:appian:types:IAL</namespace>
            </type>
        </namedTypedValue>
        <namedTypedValue>
            <name>pagingInfo</name>
            <type>
                <name>PagingInfo</name>
                <namespace>http://www.appian.com/ae/types/2009</namespace>
            </type>
        </namedTypedValue>
        <namedTypedValue>
            <name>questionNameContains</name>
            <type>
                <name>string</name>
                <namespace>http://www.w3.org/2001/XMLSchema</namespace>
            </type>
            <value/>
        </namedTypedValue>
        <namedTypedValue>
            <name>queryFilters</name>
            <type>
                <name>Variant</name>
                <namespace>http://www.appian.com/ae/types/2009</namespace>
            </type>
        </namedTypedValue>
        <preferredEditor>legacy</preferredEditor>
        <offlineEnabled>false</offlineEnabled>
    </rule>
    <roleMap public="true">
        <role allowForAll="false" inherit="true" name="readers">
            <users/>
            <groups/>
        </role>
        <role allowForAll="false" inherit="true" name="authors">
            <users/>
            <groups/>
        </role>
        <role allowForAll="false" inherit="true" name="administrators">
            <users/>
            <groups/>
        </role>
        <role allowForAll="false" inherit="false" name="denyReaders">
            <users/>
            <groups/>
        </role>
        <role allowForAll="false" inherit="false" name="denyAuthors">
            <users/>
            <groups/>
        </role>
        <role allowForAll="false" inherit="false" name="denyAdministrators">
            <users/>
            <groups/>
        </role>
    </roleMap>
</contentHaul>
