<?xml version="1.0" encoding="UTF-8" standalone="yes"?>
<contentHaul xmlns:a="http://www.appian.com/ae/types/2009">
    <rule>
        <name>IAL_Query_Entity_getQuestionEvaluationDetails</name>
        <uuid>05c6089b-8244-4254-984b-247b00e713a0</uuid>
        <description>Returns the Question Evaluation details based on the selection of columns upon applying the filters</description>
        <parentUuid>_a-0000dd13-5aaa-8000-9ccd-01ef9001ef90_55729</parentUuid>
        <visibility>
            <advertise>false</advertise>
            <hierarchy>true</hierarchy>
            <indexable>true</indexable>
            <quota>false</quota>
            <searchable>true</searchable>
            <system>false</system>
            <unlogged>false</unlogged>
        </visibility>
        <definition>#&quot;SYSTEM_SYSRULES_queryEntity&quot;(
  entity: #&quot;_a-0000dd13-5aaa-8000-9ccd-01ef9001ef90_55752&quot;,
  query: #&quot;SYSTEM_SYSRULES_query&quot;(
    selection: if(
      #&quot;3cb44a61-09f2-4f15-91e8-489ab1280ef0&quot;(
        array: ri!selectionColumns
      ),
      {},
      #&quot;SYSTEM_SYSRULES_querySelection&quot;(
        columns: apply(
          #&quot;SYSTEM_SYSRULES_queryColumn&quot;(
            field: _,
            visible: true()
          ),
          ri!selectionColumns
        )
      )
    ),
    logicalExpression: #&quot;SYSTEM_SYSRULES_queryLogicalExpression&quot;(
      operator: &quot;AND&quot;,
      filters: {
        if(
          #&quot;3cb44a61-09f2-4f15-91e8-489ab1280ef0&quot;(
            ri!cdt_ialQuestionEvaluation.int_id
          ),
          #&quot;SYSTEM_SYSRULES_queryFilter&quot;(
            field: &quot;int_id&quot;,
            operator: &quot;not null&quot;
          ),
          #&quot;SYSTEM_SYSRULES_queryFilter&quot;(
            field: &quot;int_id&quot;,
            operator: &quot;=&quot;,
            value: ri!cdt_ialQuestionEvaluation.int_id
          )
        ),
        if(
          #&quot;3cb44a61-09f2-4f15-91e8-489ab1280ef0&quot;(
            ri!cdt_ialQuestionEvaluation.int_questionSolutionId
          ),
          {},
          #&quot;SYSTEM_SYSRULES_queryFilter&quot;(
            field: &quot;int_questionSolutionId&quot;,
            operator: &quot;=&quot;,
            value: ri!cdt_ialQuestionEvaluation.int_questionSolutionId
          )
        ),
        if(
          #&quot;3cb44a61-09f2-4f15-91e8-489ab1280ef0&quot;(
            ri!cdt_ialQuestionEvaluation.int_evaluatorId
          ),
          {},
          #&quot;SYSTEM_SYSRULES_queryFilter&quot;(
            field: &quot;int_evaluatorId&quot;,
            operator: &quot;=&quot;,
            value: ri!cdt_ialQuestionEvaluation.int_evaluatorId
          )
        ),
        if(
          #&quot;3cb44a61-09f2-4f15-91e8-489ab1280ef0&quot;(
            ri!cdt_ialQuestionEvaluation.int_marksGiven
          ),
          {},
          #&quot;SYSTEM_SYSRULES_queryFilter&quot;(
            field: &quot;int_marksGiven&quot;,
            operator: &quot;=&quot;,
            value: ri!cdt_ialQuestionEvaluation.int_marksGiven
          )
        ),
        if(
          #&quot;3cb44a61-09f2-4f15-91e8-489ab1280ef0&quot;(
            ri!cdt_ialQuestionEvaluation.text_feedback
          ),
          {},
          #&quot;SYSTEM_SYSRULES_queryFilter&quot;(
            field: &quot;text_feedback&quot;,
            operator: &quot;=&quot;,
            value: ri!cdt_ialQuestionEvaluation.text_feedback
          )
        ),
        if(
          #&quot;3cb44a61-09f2-4f15-91e8-489ab1280ef0&quot;(
            ri!cdt_ialQuestionEvaluation.datetime_evaluationStartDate
          ),
          {},
          #&quot;SYSTEM_SYSRULES_queryFilter&quot;(
            field: &quot;datetime_evaluationStartDate&quot;,
            operator: &quot;=&quot;,
            value: ri!cdt_ialQuestionEvaluation.datetime_evaluationStartDate
          )
        ),
        if(
          #&quot;3cb44a61-09f2-4f15-91e8-489ab1280ef0&quot;(
            ri!cdt_ialQuestionEvaluation.datetime_evaluationEndDate
          ),
          {},
          #&quot;SYSTEM_SYSRULES_queryFilter&quot;(
            field: &quot;datetime_evaluationEndDate&quot;,
            operator: &quot;=&quot;,
            value: ri!cdt_ialQuestionEvaluation.datetime_evaluationEndDate
          )
        ),
        if(
          #&quot;3cb44a61-09f2-4f15-91e8-489ab1280ef0&quot;(
            ri!cdt_ialQuestionEvaluation.int_questionEvaluationStatusId
          ),
          {},
          #&quot;SYSTEM_SYSRULES_queryFilter&quot;(
            field: &quot;int_questionEvaluationStatusId&quot;,
            operator: &quot;=&quot;,
            value: ri!cdt_ialQuestionEvaluation.int_questionEvaluationStatusId
          )
        ),
        if(
          #&quot;3cb44a61-09f2-4f15-91e8-489ab1280ef0&quot;(
            ri!cdt_ialQuestionEvaluation.text_processId
          ),
          {},
          #&quot;SYSTEM_SYSRULES_queryFilter&quot;(
            field: &quot;text_processId&quot;,
            operator: &quot;=&quot;,
            value: ri!cdt_ialQuestionEvaluation.text_processId
          )
        ),
        if(
          #&quot;3cb44a61-09f2-4f15-91e8-489ab1280ef0&quot;(
            ri!cdt_ialQuestionEvaluation.datetime_createdOn
          ),
          {},
          #&quot;SYSTEM_SYSRULES_queryFilter&quot;(
            field: &quot;datetime_createdOn&quot;,
            operator: &quot;=&quot;,
            value: ri!cdt_ialQuestionEvaluation.datetime_createdOn
          )
        ),
        if(
          #&quot;3cb44a61-09f2-4f15-91e8-489ab1280ef0&quot;(
            ri!cdt_ialQuestionEvaluation.text_createdBy
          ),
          {},
          #&quot;SYSTEM_SYSRULES_queryFilter&quot;(
            field: &quot;text_createdBy&quot;,
            operator: &quot;=&quot;,
            value: ri!cdt_ialQuestionEvaluation.text_createdBy
          )
        ),
        if(
          #&quot;3cb44a61-09f2-4f15-91e8-489ab1280ef0&quot;(
            ri!cdt_ialQuestionEvaluation.datetime_updatedOn
          ),
          {},
          #&quot;SYSTEM_SYSRULES_queryFilter&quot;(
            field: &quot;datetime_updatedOn&quot;,
            operator: &quot;=&quot;,
            value: ri!cdt_ialQuestionEvaluation.datetime_updatedOn
          )
        ),
        if(
          #&quot;3cb44a61-09f2-4f15-91e8-489ab1280ef0&quot;(
            ri!cdt_ialQuestionEvaluation.text_updatedBy
          ),
          {},
          #&quot;SYSTEM_SYSRULES_queryFilter&quot;(
            field: &quot;text_updatedBy&quot;,
            operator: &quot;=&quot;,
            value: ri!cdt_ialQuestionEvaluation.text_updatedBy
          )
        ),
        if(
          #&quot;3cb44a61-09f2-4f15-91e8-489ab1280ef0&quot;(
            ri!queryFilters
          ),
          {},
          ri!queryFilters
        )
      }
    ),
    pagingInfo: ri!pagingInfo
  )
)</definition>
        <namedTypedValue>
            <name>selectionColumns</name>
            <type>
                <name>Text?list</name>
                <namespace>http://www.appian.com/ae/types/2009</namespace>
            </type>
        </namedTypedValue>
        <namedTypedValue>
            <name>cdt_ialQuestionEvaluation</name>
            <type>
                <name>IAL_Question_Evaluation</name>
                <namespace>urn:com:appian:types:IAL</namespace>
            </type>
        </namedTypedValue>
        <namedTypedValue>
            <name>pagingInfo</name>
            <type>
                <name>PagingInfo</name>
                <namespace>http://www.appian.com/ae/types/2009</namespace>
            </type>
        </namedTypedValue>
        <namedTypedValue>
            <name>queryFilters</name>
            <type>
                <name>Variant</name>
                <namespace>http://www.appian.com/ae/types/2009</namespace>
            </type>
        </namedTypedValue>
        <preferredEditor>legacy</preferredEditor>
        <offlineEnabled>false</offlineEnabled>
    </rule>
    <roleMap public="true">
        <role allowForAll="false" inherit="true" name="readers">
            <users/>
            <groups/>
        </role>
        <role allowForAll="false" inherit="true" name="authors">
            <users/>
            <groups/>
        </role>
        <role allowForAll="false" inherit="true" name="administrators">
            <users/>
            <groups/>
        </role>
        <role allowForAll="false" inherit="false" name="denyReaders">
            <users/>
            <groups/>
        </role>
        <role allowForAll="false" inherit="false" name="denyAuthors">
            <users/>
            <groups/>
        </role>
        <role allowForAll="false" inherit="false" name="denyAdministrators">
            <users/>
            <groups/>
        </role>
    </roleMap>
</contentHaul>
