<?xml version="1.0" encoding="UTF-8" standalone="yes"?>
<contentHaul xmlns:a="http://www.appian.com/ae/types/2009">
    <rule>
        <name>IAL_prepareDataForTotalAcceptedEvaluators</name>
        <uuid>0d36d8ab-884b-4313-a4af-8f5f0280f34e</uuid>
        <description>This rule is used to prepare display CDT</description>
        <parentUuid>_a-0000dd13-5aaa-8000-9ccd-01ef9001ef90_55727</parentUuid>
        <visibility>
            <advertise>false</advertise>
            <hierarchy>true</hierarchy>
            <indexable>true</indexable>
            <quota>false</quota>
            <searchable>true</searchable>
            <system>false</system>
            <unlogged>false</unlogged>
        </visibility>
        <definition>with(
  local!totalresult:apply(#&quot;_a-0000dda7-8771-8000-9ccd-01ef9001ef90_88627&quot;(_,ri!text_string1),ri!text_strings2),
  local!totalMatchedValues:length(where(local!totalresult)),
  local!getEvaluatorFullName:#&quot;_a-0000dd13-5aaa-8000-9ccd-01ef9001ef90_55778&quot;(ri!text_string1),
  local!getEvaluatorEmail:user(ri!text_string1,&quot;email&quot;),
  #&quot;_a-0000dd98-6750-8000-9ccd-01ef9001ef90_85618&quot;(evaluatorName:ri!text_string1,evaluatorFullName:local!getEvaluatorFullName,totalEvaluations:local!totalMatchedValues,evaluatorEmail:local!getEvaluatorEmail)
  )</definition>
        <namedTypedValue>
            <name>text_string1</name>
            <type>
                <name>string</name>
                <namespace>http://www.w3.org/2001/XMLSchema</namespace>
            </type>
            <value/>
        </namedTypedValue>
        <namedTypedValue>
            <name>text_strings2</name>
            <type>
                <name>Text?list</name>
                <namespace>http://www.appian.com/ae/types/2009</namespace>
            </type>
        </namedTypedValue>
        <preferredEditor>legacy</preferredEditor>
        <offlineEnabled>false</offlineEnabled>
    </rule>
    <roleMap public="true">
        <role allowForAll="false" inherit="true" name="readers">
            <users/>
            <groups/>
        </role>
        <role allowForAll="false" inherit="true" name="authors">
            <users/>
            <groups/>
        </role>
        <role allowForAll="false" inherit="true" name="administrators">
            <users/>
            <groups/>
        </role>
        <role allowForAll="false" inherit="false" name="denyReaders">
            <users/>
            <groups/>
        </role>
        <role allowForAll="false" inherit="false" name="denyAuthors">
            <users/>
            <groups/>
        </role>
        <role allowForAll="false" inherit="false" name="denyAdministrators">
            <users/>
            <groups/>
        </role>
    </roleMap>
</contentHaul>
