<?xml version="1.0" encoding="UTF-8" standalone="yes"?>
<contentHaul xmlns:a="http://www.appian.com/ae/types/2009">
    <queryRule>
        <name>IAL_getQuestionDetailsByQuestionID</name>
        <uuid>1ef0b9e0-a7f9-4b71-984b-6a4105b9d70e</uuid>
        <description>This query rule will return a perticular question details based on the question ID</description>
        <folderUuid>_a-0000dd13-5aaa-8000-9ccd-01ef9001ef90_55730</folderUuid>
        <dataStoreEntityCompositeUuid>7107a1d1-3bf9-4b89-8e79-750c4a589d7e@_a-0000dd13-5aaa-8000-9ccd-01ef9001ef90_55505</dataStoreEntityCompositeUuid>
        <params>
            <param>
                <description>This is the question id primery key for the perticular question.</description>
                <name>int_questionID</name>
                <type>{http://www.appian.com/ae/types/2009}Integer?list</type>
            </param>
        </params>
        <filters>
            <filter>
                <field>
                    <name>int_id</name>
                    <type>{http://www.w3.org/2001/XMLSchema}int</type>
                </field>
                <op>in</op>
                <value>int_questionID</value>
                <valueType>PARAMETER</valueType>
            </filter>
        </filters>
        <orderings/>
    </queryRule>
    <roleMap public="false">
        <role allowForAll="false" inherit="true" name="readers">
            <users/>
            <groups/>
        </role>
        <role allowForAll="false" inherit="true" name="authors">
            <users/>
            <groups/>
        </role>
        <role allowForAll="false" inherit="true" name="administrators">
            <users/>
            <groups/>
        </role>
        <role allowForAll="false" inherit="false" name="denyReaders">
            <users/>
            <groups/>
        </role>
        <role allowForAll="false" inherit="false" name="denyAuthors">
            <users/>
            <groups/>
        </role>
        <role allowForAll="false" inherit="false" name="denyAdministrators">
            <users/>
            <groups/>
        </role>
    </roleMap>
</contentHaul>
