<?xml version="1.0" encoding="UTF-8" standalone="yes"?>
<contentHaul xmlns:a="http://www.appian.com/ae/types/2009">
    <rule>
        <name>IAL_prepareDisplayCDTForCandidateReport</name>
        <uuid>4e9d1ff4-5bf3-4327-91cd-bc80f2ec9de0</uuid>
        <description>This is used to prepare data for candidate report</description>
        <parentUuid>_a-0000dd13-5aaa-8000-9ccd-01ef9001ef90_55727</parentUuid>
        <visibility>
            <advertise>false</advertise>
            <hierarchy>true</hierarchy>
            <indexable>true</indexable>
            <quota>false</quota>
            <searchable>true</searchable>
            <system>false</system>
            <unlogged>false</unlogged>
        </visibility>
        <definition>{
  candidateID:index(ri!candidateQuestion,&quot;int_candidateId&quot;,&quot;&quot;),
  candidateQuestionID:index(ri!candidateQuestion,&quot;int_id&quot;,&quot;&quot;),
  questionSolutionID:index(ri!questionSolution,&quot;int_id&quot;,&quot;&quot;),
  solutionEvaluationID:index(ri!solutionEvaluation,&quot;int_id&quot;,&quot;&quot;),
  evaluationMarks:index(ri!solutionEvaluation,&quot;int_marksGiven&quot;,0),
  questionID:index(ri!questionsData,&quot;int_id&quot;,&quot;&quot;),
  questionScore:index(ri!questionsData,&quot;int_weightage&quot;,0)
}</definition>
        <namedTypedValue>
            <name>candidateQuestion</name>
            <type>
                <name>Variant</name>
                <namespace>http://www.appian.com/ae/types/2009</namespace>
            </type>
        </namedTypedValue>
        <namedTypedValue>
            <name>questionSolution</name>
            <type>
                <name>Variant</name>
                <namespace>http://www.appian.com/ae/types/2009</namespace>
            </type>
        </namedTypedValue>
        <namedTypedValue>
            <name>solutionEvaluation</name>
            <type>
                <name>Variant</name>
                <namespace>http://www.appian.com/ae/types/2009</namespace>
            </type>
        </namedTypedValue>
        <namedTypedValue>
            <name>questionsData</name>
            <type>
                <name>Variant</name>
                <namespace>http://www.appian.com/ae/types/2009</namespace>
            </type>
        </namedTypedValue>
        <preferredEditor>legacy</preferredEditor>
        <offlineEnabled>false</offlineEnabled>
    </rule>
    <roleMap public="true">
        <role allowForAll="false" inherit="true" name="readers">
            <users/>
            <groups/>
        </role>
        <role allowForAll="false" inherit="true" name="authors">
            <users/>
            <groups/>
        </role>
        <role allowForAll="false" inherit="true" name="administrators">
            <users/>
            <groups/>
        </role>
        <role allowForAll="false" inherit="false" name="denyReaders">
            <users/>
            <groups/>
        </role>
        <role allowForAll="false" inherit="false" name="denyAuthors">
            <users/>
            <groups/>
        </role>
        <role allowForAll="false" inherit="false" name="denyAdministrators">
            <users/>
            <groups/>
        </role>
    </roleMap>
</contentHaul>
