<?xml version="1.0" encoding="UTF-8" standalone="yes"?>
<contentHaul xmlns:a="http://www.appian.com/ae/types/2009">
    <rule>
        <name>IAL_getEntityIdByActionType</name>
        <uuid>571a805b-8849-476b-ba46-d100c9def799</uuid>
        <description>Fetches the Entity Id from database based on the action type passed as a parameter</description>
        <parentUuid>_a-0000dd13-5aaa-8000-9ccd-01ef9001ef90_55727</parentUuid>
        <visibility>
            <advertise>false</advertise>
            <hierarchy>true</hierarchy>
            <indexable>true</indexable>
            <quota>false</quota>
            <searchable>true</searchable>
            <system>false</system>
            <unlogged>false</unlogged>
        </visibility>
        <definition>= with(
  entityID: index(
    #&quot;775ac157-c359-4876-9d81-d920b855da65&quot;(
      selectionColumns: {
        &quot;int_id&quot;
      },
      cdt_ialEntityLookup: {
        text_entityName: if(
          ri!text_actionType = #&quot;_a-0000dd28-5c84-8000-9ccd-01ef9001ef90_58024&quot;[1],
          &quot;IAL_Question&quot;,
          if(
            ri!text_actionType = #&quot;_a-0000dd28-5c84-8000-9ccd-01ef9001ef90_58026&quot;[1],
            &quot;IAL_Category&quot;,
            if(
              ri!text_actionType = #&quot;_a-0000dd28-5c84-8000-9ccd-01ef9001ef90_58028&quot;[1],
              &quot;IAL_Topic_Lookup&quot;,
              if(
                or(
                  ri!text_actionType = #&quot;_a-0000dd4c-1b8d-8000-9ccd-01ef9001ef90_62263&quot;[1],
                  ri!text_actionType = #&quot;_a-0000dd4c-1b8d-8000-9ccd-01ef9001ef90_62263&quot;[2],
                  ri!text_actionType = #&quot;_a-0000dd4c-1b8d-8000-9ccd-01ef9001ef90_62263&quot;[3],
                  ri!text_actionType = &quot;Add Users to Evaluator Group&quot;,
                  ri!text_actionType = &quot;Remove Users from Evaluator Group&quot;
                ),
                &quot;IAL_Candidate&quot;,
                &quot;&quot;
              )
            )
          )
        )
      },
      pagingInfo: #&quot;_a-0000dd13-5aaa-8000-9ccd-01ef9001ef90_56189&quot;(
        int_startIndex: 1,
        int_batchSize: 1,
        text_sortField: &quot;int_id&quot;,
        bool_isAscending: true
      )
    ).data,
    &quot;int_id&quot;,
    &quot;&quot;
  ),
  tointeger(
    entityID[1]
  )
)</definition>
        <namedTypedValue>
            <name>text_actionType</name>
            <type>
                <name>string</name>
                <namespace>http://www.w3.org/2001/XMLSchema</namespace>
            </type>
            <value/>
        </namedTypedValue>
        <preferredEditor>legacy</preferredEditor>
        <offlineEnabled>false</offlineEnabled>
    </rule>
    <roleMap public="true">
        <role allowForAll="false" inherit="true" name="readers">
            <users/>
            <groups/>
        </role>
        <role allowForAll="false" inherit="true" name="authors">
            <users/>
            <groups/>
        </role>
        <role allowForAll="false" inherit="true" name="administrators">
            <users/>
            <groups/>
        </role>
        <role allowForAll="false" inherit="false" name="denyReaders">
            <users/>
            <groups/>
        </role>
        <role allowForAll="false" inherit="false" name="denyAuthors">
            <users/>
            <groups/>
        </role>
        <role allowForAll="false" inherit="false" name="denyAdministrators">
            <users/>
            <groups/>
        </role>
    </roleMap>
</contentHaul>
