<?xml version="1.0" encoding="UTF-8" standalone="yes"?>
<contentHaul xmlns:a="http://www.appian.com/ae/types/2009">
    <rule>
        <name>IAL_SAIL_candidateLandingDashboard</name>
        <uuid>712545c3-4148-4314-ba5b-dab4c8304e91</uuid>
        <description>Refers to the Interface of Candidate Landing Page</description>
        <parentUuid>_a-0000dd13-5aaa-8000-9ccd-01ef9001ef90_55728</parentUuid>
        <visibility>
            <advertise>false</advertise>
            <hierarchy>true</hierarchy>
            <indexable>true</indexable>
            <quota>false</quota>
            <searchable>true</searchable>
            <system>false</system>
            <unlogged>false</unlogged>
        </visibility>
        <definition>load(
  local!candidateDetails,
  {
    #&quot;_a-0000dd5e-66e2-8000-9ccd-01ef9001ef90_62455&quot;(
      int_candidateId: #&quot;2ccad6b6-df16-4b91-b5cc-c118c46b770f&quot;(
        selectionColumns: {
          &quot;int_id&quot;
        },
        cdt_ialCandidate: 'type!{urn:com:appian:types:IAL}IAL_Candidate'(
          text_username: loggedInUser(),
          bool_isActive:true()
        ),
        pagingInfo: #&quot;_a-0000dd13-5aaa-8000-9ccd-01ef9001ef90_56189&quot;(
          int_startIndex: 1,
          int_batchSize: 1
        )
      ).data.int_id[1],
      bool_showProfilePic: true
    ),
    /*rule!IAL_SAIL_Section_candidateProfile(),*/
    /*rule!IAL_SAIL_Section_categoryGridReadOnly(),*/
    #&quot;_a-0000dd28-5c84-8000-9ccd-01ef9001ef90_57919&quot;(
      bool_isSelectionRequired: true(),
      bool_displayCategory: true()
    )
  }
)</definition>
        <preferredEditor>interface</preferredEditor>
        <offlineEnabled>false</offlineEnabled>
    </rule>
    <roleMap public="true">
        <role allowForAll="false" inherit="true" name="readers">
            <users/>
            <groups/>
        </role>
        <role allowForAll="false" inherit="true" name="authors">
            <users/>
            <groups/>
        </role>
        <role allowForAll="false" inherit="true" name="administrators">
            <users>
                <userUuid>poornag</userUuid>
            </users>
            <groups/>
        </role>
        <role allowForAll="false" inherit="false" name="denyReaders">
            <users/>
            <groups/>
        </role>
        <role allowForAll="false" inherit="false" name="denyAuthors">
            <users/>
            <groups/>
        </role>
        <role allowForAll="false" inherit="false" name="denyAdministrators">
            <users/>
            <groups/>
        </role>
    </roleMap>
</contentHaul>
