<?xml version="1.0" encoding="UTF-8" standalone="yes"?>
<contentHaul xmlns:a="http://www.appian.com/ae/types/2009">
    <rule>
        <name>IAL_isQuestionEligibleForSubmission</name>
        <uuid>74affea5-023f-4878-b6fb-fe6a9f9ce9fb</uuid>
        <description>Returns true if the question is eligible for submission or false when there is a solution is already submitted for evaluation</description>
        <parentUuid>_a-0000dd13-5aaa-8000-9ccd-01ef9001ef90_55727</parentUuid>
        <visibility>
            <advertise>false</advertise>
            <hierarchy>true</hierarchy>
            <indexable>true</indexable>
            <quota>false</quota>
            <searchable>true</searchable>
            <system>false</system>
            <unlogged>false</unlogged>
        </visibility>
        <definition>with(
  local!candidateDetails: #&quot;2ccad6b6-df16-4b91-b5cc-c118c46b770f&quot;(
    selectionColumns: {
      &quot;int_id&quot;
    },
    cdt_ialCandidate: {
      text_username: loggedInUser(),
      bool_isActive: true
    },
    pagingInfo: #&quot;_a-0000dd13-5aaa-8000-9ccd-01ef9001ef90_56189&quot;(
      int_startIndex: 1,
      int_batchSize: 1,
      text_sortField: &quot;int_id&quot;,
      bool_isAscending: true
    )
  ).data,
  local!candidateQuestionDetails: if(
    #&quot;3cb44a61-09f2-4f15-91e8-489ab1280ef0&quot;(
      local!candidateDetails.int_id
    ),
    {},
    #&quot;fba144b4-59fe-4235-9cc1-d993ff73fe0e&quot;(
      selectionColumns: {
        &quot;int_questionStatusId&quot;
      },
      cdt_ialCandidateQuestion: {
        int_candidateId: index(
          local!candidateDetails,
          &quot;int_id&quot;,
          {}
        ),
        int_questionId: ri!int_questionId
      },
      pagingInfo: #&quot;_a-0000dd13-5aaa-8000-9ccd-01ef9001ef90_56189&quot;(
        int_startIndex: 1,
        int_batchSize: 1,
        text_sortField: &quot;datetime_createdOn&quot;,
        bool_isAscending: false
      )
    )
  ).data,
  if(
    or(
      tointeger(
        index(
          local!candidateQuestionDetails,
          &quot;int_questionStatusId&quot;,
          {}
        )
      ) = 5,
      tointeger(
        index(
          local!candidateQuestionDetails,
          &quot;int_questionStatusId&quot;,
          {}
        )
      ) = 8
    ),
    false(),
    true()
  )
)</definition>
        <namedTypedValue>
            <name>int_questionId</name>
            <type>
                <name>int</name>
                <namespace>http://www.w3.org/2001/XMLSchema</namespace>
            </type>
        </namedTypedValue>
        <preferredEditor>legacy</preferredEditor>
        <offlineEnabled>false</offlineEnabled>
    </rule>
    <roleMap public="true">
        <role allowForAll="false" inherit="true" name="readers">
            <users/>
            <groups/>
        </role>
        <role allowForAll="false" inherit="true" name="authors">
            <users/>
            <groups/>
        </role>
        <role allowForAll="false" inherit="true" name="administrators">
            <users/>
            <groups/>
        </role>
        <role allowForAll="false" inherit="false" name="denyReaders">
            <users/>
            <groups/>
        </role>
        <role allowForAll="false" inherit="false" name="denyAuthors">
            <users/>
            <groups/>
        </role>
        <role allowForAll="false" inherit="false" name="denyAdministrators">
            <users/>
            <groups/>
        </role>
    </roleMap>
</contentHaul>
