<?xml version="1.0" encoding="UTF-8" standalone="yes"?>
<contentHaul xmlns:a="http://www.appian.com/ae/types/2009">
    <rule>
        <name>IAL_SAIL_Section_questionSolutionGrid</name>
        <uuid>77ea24d0-8405-4d3b-a2ce-ee0906d22938</uuid>
        <description>Renders a grid of question solutions details submitted by the candidate</description>
        <parentUuid>_a-0000dd13-5aaa-8000-9ccd-01ef9001ef90_55729</parentUuid>
        <visibility>
            <advertise>false</advertise>
            <hierarchy>true</hierarchy>
            <indexable>true</indexable>
            <quota>false</quota>
            <searchable>true</searchable>
            <system>false</system>
            <unlogged>false</unlogged>
        </visibility>
        <definition>load(
  local!gridPagingInfo: #&quot;_a-0000dd13-5aaa-8000-9ccd-01ef9001ef90_56189&quot;(
    int_startIndex: 1,
    int_batchSize: 2
  ),
  local!candidateDetails: #&quot;2ccad6b6-df16-4b91-b5cc-c118c46b770f&quot;(
    selectionColumns: {
      &quot;int_id&quot;
    },
    cdt_ialCandidate: {
      text_username: loggedInUser(),
      bool_isActive: true()
    },
    pagingInfo: #&quot;_a-0000dd13-5aaa-8000-9ccd-01ef9001ef90_56189&quot;(
      int_startIndex: 1,
      int_batchSize: 1,
      text_sortField: &quot;int_id&quot;,
      bool_isAscending: true()
    )
  ).data,
  local!candidateQuestionDetails: if(
    #&quot;3cb44a61-09f2-4f15-91e8-489ab1280ef0&quot;(
      local!candidateDetails
    ),
    {},
    #&quot;fba144b4-59fe-4235-9cc1-d993ff73fe0e&quot;(
      selectionColumns: {
        &quot;int_id&quot;,
        &quot;int_questionStatusId&quot;
      },
      cdt_ialCandidateQuestion: {
        int_candidateId: tointeger(
          index(
            local!candidateDetails,
            &quot;int_id&quot;,
            null
          )
        ),
        int_questionId: ri!int_questionId
      },
      pagingInfo: #&quot;_a-0000dd13-5aaa-8000-9ccd-01ef9001ef90_56189&quot;(
        int_startIndex: 1,
        int_batchSize: - 1,
        text_sortField: &quot;int_id&quot;,
        bool_isAscending: true()
      ),
      queryFilters: {
        #&quot;SYSTEM_SYSRULES_queryFilter&quot;(
          field: &quot;int_questionStatusId&quot;,
          operator: &quot;in&quot;,
          value: tointeger(
            {
              5,
              7
            }
          )
        )
      }
    ).data
  ),
  local!questionSolutionDetails: if(
    or(
      #&quot;3cb44a61-09f2-4f15-91e8-489ab1280ef0&quot;(
        local!candidateDetails
      ),
      #&quot;3cb44a61-09f2-4f15-91e8-489ab1280ef0&quot;(
        local!candidateQuestionDetails
      )
    ),
    {},
    #&quot;f55e3b14-16ec-42c0-bcb9-ec8b9b34e43d&quot;(
      selectionColumns: {},
      pagingInfo: #&quot;_a-0000dd13-5aaa-8000-9ccd-01ef9001ef90_56189&quot;(
        int_startIndex: 1,
        int_batchSize: - 1,
        text_sortField: &quot;datetime_submissionDate&quot;,
        bool_isAscending: false()
      ),
      queryFilters: {
        #&quot;SYSTEM_SYSRULES_queryFilter&quot;(
          field: &quot;int_candidateQuestionId&quot;,
          operator: &quot;in&quot;,
          value: tointeger(
            index(
              local!candidateQuestionDetails,
              &quot;int_id&quot;,
              null
            )
          )
        )
      }
    ).data
  ),
  local!statusDetails: if(
    or(
      #&quot;3cb44a61-09f2-4f15-91e8-489ab1280ef0&quot;(
        local!candidateDetails
      ),
      #&quot;3cb44a61-09f2-4f15-91e8-489ab1280ef0&quot;(
        local!candidateQuestionDetails
      )
    ),
    {},
    #&quot;c7b8b551-ade8-4113-9fc7-5f3c9ea2449d&quot;(
      selectionColumns: {
        &quot;text_statusName&quot;
      },
      cdt_ialStatus: {
        bool_isActive: true()
      },
      pagingInfo: #&quot;_a-0000dd13-5aaa-8000-9ccd-01ef9001ef90_56189&quot;(
        int_startIndex: 1,
        int_batchSize: - 1,
        text_sortField: &quot;int_id&quot;,
        bool_isAscending: true()
      ),
      queryFilters: {
        #&quot;SYSTEM_SYSRULES_queryFilter&quot;(
          field: &quot;int_id&quot;,
          operator: &quot;in&quot;,
          value: tointeger(
            index(
              local!candidateQuestionDetails,
              &quot;int_questionStatusId&quot;,
              null
            )
          )
        )
      }
    ).data
  ),
  local!evaluationDetails: if(
    #&quot;3cb44a61-09f2-4f15-91e8-489ab1280ef0&quot;(
      local!questionSolutionDetails
    ),
    {},
    #&quot;05c6089b-8244-4254-984b-247b00e713a0&quot;(
      selectionColumns: {},
      pagingInfo: #&quot;_a-0000dd13-5aaa-8000-9ccd-01ef9001ef90_56189&quot;(
        int_startIndex: 1,
        int_batchSize: - 1,
        text_sortField: &quot;datetime_evaluationEndDate&quot;,
        bool_isAscending: false()
      ),
      queryFilters: {
        #&quot;SYSTEM_SYSRULES_queryFilter&quot;(
          field: &quot;int_questionSolutionId&quot;,
          operator: &quot;in&quot;,
          value: tointeger(
            index(
              local!questionSolutionDetails,
              &quot;int_id&quot;,
              null
            )
          )
        )
      }
    ).data
  ),
  with(
    local!datasubset: todatasubset(
      local!questionSolutionDetails,
      local!gridPagingInfo
    ),
    {
      /*a!textField(*/
      /*  value: local!datasubset.data,*/
      /*  readOnly: true()*/
      /*),*/
      #&quot;SYSTEM_SYSRULES_sectionLayout&quot;(
        label: &quot;Previous Solutions&quot;,
        firstColumnContents: {
          #&quot;SYSTEM_SYSRULES_gridField&quot;(
            label: &quot;&quot;,
            columns: {
              #&quot;SYSTEM_SYSRULES_gridTextColumn&quot;(
                label: &quot;Patch&quot;,
                field: &quot;int_solutionPatchId&quot;,
                data: if(
                  #&quot;3cb44a61-09f2-4f15-91e8-489ab1280ef0&quot;(
                    index(
                      local!datasubset.data,
                      &quot;int_solutionPatchId&quot;,
                      {}
                    )
                  ),
                  {
                    
                  },
                  apply(
                    #&quot;_a-0000dd65-2699-8000-9ccd-01ef9001ef90_62611&quot;(
                      int_documentId: _
                    ),
                    index(
                      local!datasubset.data,
                      &quot;int_solutionPatchId&quot;,
                      null
                    )
                  )
                ),
                links: if(
                  #&quot;3cb44a61-09f2-4f15-91e8-489ab1280ef0&quot;(
                    index(
                      local!datasubset.data,
                      &quot;int_solutionPatchId&quot;,
                      {}
                    )
                  ),
                  {},
                  {
                    apply(
                      #&quot;_a-0000dd65-2699-8000-9ccd-01ef9001ef90_62610&quot;(
                        int_documentId: _
                      ),
                     tointeger( index(
                        local!datasubset.data,
                        &quot;int_solutionPatchId&quot;,
                        null
                      )
                    ))
                  }
                )
              ),
              #&quot;SYSTEM_SYSRULES_gridTextColumn&quot;(
                label: &quot;Submission Date&quot;,
                field: &quot;datetime_submissionDate&quot;,
                data: apply(
                  #&quot;_a-0000dd13-5aaa-8000-9ccd-01ef9001ef90_55776&quot;(
                    dateTimeValue: _
                  ),
                  tointeger(index(
                    local!datasubset.data,
                    &quot;datetime_submissionDate&quot;,
                    {}
                  ))
                )
              ),
              #&quot;SYSTEM_SYSRULES_gridTextColumn&quot;(
                label: &quot;Solution Status&quot;,
                field: &quot;int_questionStatusId&quot;,
                data: index(
                  local!statusDetails,
                  &quot;text_statusName&quot;,
                  {}
                )
              ),
              #&quot;SYSTEM_SYSRULES_gridTextColumn&quot;(
                label: &quot;Score Achieved&quot;,
                field: &quot;int_marksGiven&quot;,
                data: index(
                  local!evaluationDetails,
                  &quot;int_marksGiven&quot;,
                  {}
                )
              ),
              #&quot;SYSTEM_SYSRULES_gridTextColumn&quot;(
                label: &quot;Feedback&quot;,
                field: &quot;text_feedback&quot;,
                data: index(
                  local!evaluationDetails,
                  &quot;text_feedback&quot;,
                  {}
                )
              ),
              #&quot;SYSTEM_SYSRULES_gridTextColumn&quot;(
                label: &quot;Evaluation Submission Date&quot;,
                field: &quot;datetime_evaluationEndDate&quot;,
                data: index(
                  local!evaluationDetails,
                  &quot;datetime_evaluationEndDate&quot;,
                  {}
                )
              )
            },
            totalCount: index(
              local!datasubset,
              &quot;totalCount&quot;,
              0
            ),
            value: local!gridPagingInfo,
            saveInto: local!gridPagingInfo
          )
        }
      )
    }
  )
)</definition>
        <namedTypedValue>
            <name>int_questionId</name>
            <type>
                <name>int</name>
                <namespace>http://www.w3.org/2001/XMLSchema</namespace>
            </type>
        </namedTypedValue>
        <preferredEditor>interface</preferredEditor>
        <offlineEnabled>false</offlineEnabled>
    </rule>
    <roleMap public="true">
        <role allowForAll="false" inherit="true" name="readers">
            <users/>
            <groups/>
        </role>
        <role allowForAll="false" inherit="true" name="authors">
            <users/>
            <groups/>
        </role>
        <role allowForAll="false" inherit="true" name="administrators">
            <users>
                <userUuid>poornag</userUuid>
            </users>
            <groups/>
        </role>
        <role allowForAll="false" inherit="false" name="denyReaders">
            <users/>
            <groups/>
        </role>
        <role allowForAll="false" inherit="false" name="denyAuthors">
            <users/>
            <groups/>
        </role>
        <role allowForAll="false" inherit="false" name="denyAdministrators">
            <users/>
            <groups/>
        </role>
    </roleMap>
</contentHaul>
