<?xml version="1.0" encoding="UTF-8" standalone="yes"?>
<contentHaul xmlns:a="http://www.appian.com/ae/types/2009">
    <rule>
        <name>IAL_joinColumnsForCandidateReport</name>
        <uuid>7ed655fb-0c4f-4127-b29e-0ca8b2a2fa0a</uuid>
        <description>This rule will join all the tables data based on the candidate questions</description>
        <parentUuid>_a-0000dd13-5aaa-8000-9ccd-01ef9001ef90_55727</parentUuid>
        <visibility>
            <advertise>false</advertise>
            <hierarchy>true</hierarchy>
            <indexable>true</indexable>
            <quota>false</quota>
            <searchable>true</searchable>
            <system>false</system>
            <unlogged>false</unlogged>
        </visibility>
        <definition>with(
  local!getCandidateQuestionsScore:fn!displayValue(index(ri!cdt_candidateQuestion,&quot;int_questionId&quot;,&quot;&quot;),index(ri!cdt_questionsData,&quot;int_id&quot;,&quot;&quot;),ri!cdt_questionsData,&quot;&quot;),
  local!getCandidateSolution:fn!displayValue(index(ri!cdt_candidateQuestion,&quot;int_id&quot;,&quot;&quot;),index(ri!cdt_questionSolution,&quot;int_candidateQuestionId&quot;,&quot;&quot;),ri!cdt_questionSolution,&quot;&quot;),
  local!getCandidateEvaluation:fn!displayValue(index(local!getCandidateSolution,&quot;int_id&quot;,&quot;&quot;),index(ri!cdt_solutionEvaluation,&quot;int_questionSolutionId&quot;,&quot;&quot;),ri!cdt_solutionEvaluation,&quot;&quot;),
  #&quot;4e9d1ff4-5bf3-4327-91cd-bc80f2ec9de0&quot;(candidateQuestion:ri!cdt_candidateQuestion,questionSolution:local!getCandidateSolution,solutionEvaluation:local!getCandidateEvaluation,questionsData:local!getCandidateQuestionsScore)
)</definition>
        <namedTypedValue>
            <name>cdt_candidateQuestion</name>
            <type>
                <name>Variant</name>
                <namespace>http://www.appian.com/ae/types/2009</namespace>
            </type>
        </namedTypedValue>
        <namedTypedValue>
            <name>cdt_questionSolution</name>
            <type>
                <name>Variant</name>
                <namespace>http://www.appian.com/ae/types/2009</namespace>
            </type>
        </namedTypedValue>
        <namedTypedValue>
            <name>cdt_solutionEvaluation</name>
            <type>
                <name>Variant</name>
                <namespace>http://www.appian.com/ae/types/2009</namespace>
            </type>
        </namedTypedValue>
        <namedTypedValue>
            <name>cdt_questionsData</name>
            <type>
                <name>Variant</name>
                <namespace>http://www.appian.com/ae/types/2009</namespace>
            </type>
        </namedTypedValue>
        <preferredEditor>legacy</preferredEditor>
        <offlineEnabled>false</offlineEnabled>
    </rule>
    <roleMap public="true">
        <role allowForAll="false" inherit="true" name="readers">
            <users/>
            <groups/>
        </role>
        <role allowForAll="false" inherit="true" name="authors">
            <users/>
            <groups/>
        </role>
        <role allowForAll="false" inherit="true" name="administrators">
            <users/>
            <groups/>
        </role>
        <role allowForAll="false" inherit="false" name="denyReaders">
            <users/>
            <groups/>
        </role>
        <role allowForAll="false" inherit="false" name="denyAuthors">
            <users/>
            <groups/>
        </role>
        <role allowForAll="false" inherit="false" name="denyAdministrators">
            <users/>
            <groups/>
        </role>
    </roleMap>
</contentHaul>
