<?xml version="1.0" encoding="UTF-8" standalone="yes"?>
<contentHaul xmlns:a="http://www.appian.com/ae/types/2009">
    <rule>
        <name>IAL_prepareRuleForCandidateReport</name>
        <uuid>804bed3a-1d9a-4ab1-8b86-e2dbc4db0cb8</uuid>
        <description>This is the report for candidate</description>
        <parentUuid>_a-0000dd13-5aaa-8000-9ccd-01ef9001ef90_55727</parentUuid>
        <visibility>
            <advertise>false</advertise>
            <hierarchy>true</hierarchy>
            <indexable>true</indexable>
            <quota>false</quota>
            <searchable>true</searchable>
            <system>false</system>
            <unlogged>false</unlogged>
        </visibility>
        <definition>with(
  local!candidateData: #&quot;2ccad6b6-df16-4b91-b5cc-c118c46b770f&quot;(
    selectionColumns: {
      &quot;int_id&quot;,
      &quot;text_employeeId&quot;,
      &quot;text_firstName&quot;,
      &quot;text_lastName&quot;,
      &quot;text_username&quot;,
      &quot;text_emailId&quot;
    },
    queryFilters: {
      #&quot;SYSTEM_SYSRULES_queryFilter&quot;(
        field: &quot;bool_isActive&quot;,
        operator: &quot;=&quot;,
        value: true
      ),
      #&quot;SYSTEM_SYSRULES_queryFilter&quot;(
        field: &quot;bool_isEvaluator&quot;,
        operator: &quot;=&quot;,
        value: false
      ),
      #&quot;SYSTEM_SYSRULES_queryFilter&quot;(
        field: &quot;bool_isAdministrator&quot;,
        operator: &quot;=&quot;,
        value: false
      )
    },
    pagingInfo: #&quot;SYSTEM_SYSRULES_pagingInfo&quot;(
      startIndex :1,
      batchSize :- 1,
      sort:#&quot;SYSTEM_SYSRULES_sortInfo&quot;(
        field:&quot;text_employeeId&quot;,
        ascending:false()
      )
    )
  ).data,
  local!submittedData: if(
    #&quot;3cb44a61-09f2-4f15-91e8-489ab1280ef0&quot;(
      index(
        local!candidateData,
        &quot;int_id&quot;,
        &quot;&quot;
      )
    ),
    null,
    #&quot;fba144b4-59fe-4235-9cc1-d993ff73fe0e&quot;(
      selectionColumns: {
        &quot;int_id&quot;,
        &quot;int_candidateId&quot;,
        &quot;int_questionId&quot;
      },
      pagingInfo: #&quot;SYSTEM_SYSRULES_pagingInfo&quot;(
        1,
        - 1
      ),
      queryFilters: {
        #&quot;SYSTEM_SYSRULES_queryFilter&quot;(
          field: &quot;int_candidateId&quot;,
          operator: &quot;in&quot;,
          value: apply(
            fn!tointeger,
            index(
              local!candidateData,
              &quot;int_id&quot;,
              &quot;&quot;
            )
          )
        )
        ,
        #&quot;SYSTEM_SYSRULES_queryFilter&quot;(
          field: &quot;datetime_createdOn&quot;,
          operator: &quot;&gt;=&quot;,
          value: if(
    #&quot;3cb44a61-09f2-4f15-91e8-489ab1280ef0&quot;(ri!datetime_fromDate),datetime(
          2010,
          9,
          10,
          0,
          0,
          0,
          0
        ),
        ri!datetime_fromDate)
        ),
        #&quot;SYSTEM_SYSRULES_queryFilter&quot;(
          field: &quot;datetime_createdOn&quot;,
          operator: &quot;&lt;=&quot;,
          value: if(
    #&quot;3cb44a61-09f2-4f15-91e8-489ab1280ef0&quot;(ri!datetime_toDate),datetime(
          2020,
          1,
          1,
          0,
          0,
          0,
          0
        ),ri!datetime_toDate)
        )
      }
    ).data
  ),
  local!submittedSolution:if(
    #&quot;3cb44a61-09f2-4f15-91e8-489ab1280ef0&quot;(
      index(
          local!submittedData,
        &quot;int_id&quot;,
        &quot;&quot;
      )
    ),
    null, #&quot;f55e3b14-16ec-42c0-bcb9-ec8b9b34e43d&quot;(
    selectionColumns: {
      &quot;int_id&quot;,
      &quot;int_candidateQuestionId&quot;,
      &quot;datetime_submissionDate&quot;
    },
    pagingInfo: #&quot;SYSTEM_SYSRULES_pagingInfo&quot;(
      1,
      - 1
    ),
    queryFilters: {
      #&quot;SYSTEM_SYSRULES_queryFilter&quot;(
        field: &quot;int_candidateQuestionId&quot;,
        operator: &quot;in&quot;,
        value: apply(
          fn!tointeger,
          index(local!submittedData,&quot;int_id&quot;,&quot;&quot;)
        )
      ),
      #&quot;SYSTEM_SYSRULES_queryFilter&quot;(
        field: &quot;datetime_submissionDate&quot;,
        operator: &quot;&gt;=&quot;,
        value:if(
    #&quot;3cb44a61-09f2-4f15-91e8-489ab1280ef0&quot;(ri!datetime_fromDate),datetime(
          2016,
          9,
          10,
          0,
          0,
          0,
          0
        ),
        ri!datetime_fromDate)
      ),
      #&quot;SYSTEM_SYSRULES_queryFilter&quot;(
        field: &quot;datetime_submissionDate&quot;,
        operator: &quot;&lt;=&quot;,
        value: if(
    #&quot;3cb44a61-09f2-4f15-91e8-489ab1280ef0&quot;(ri!datetime_toDate),datetime(
          2020,
          1,
          1,
          0,
          0,
          0,
          0
        ),ri!datetime_toDate)
      )
    }
  ).data
  
  ),
  local!evaluatedQuestions: if(
    #&quot;3cb44a61-09f2-4f15-91e8-489ab1280ef0&quot;(
      index(
          local!submittedSolution,
        &quot;int_id&quot;,
        &quot;&quot;
      )
    ),
    null,#&quot;05c6089b-8244-4254-984b-247b00e713a0&quot;(
    selectionColumns: {
      &quot;int_id&quot;,
      &quot;int_questionSolutionId&quot;,
      &quot;int_marksGiven&quot;,
      &quot;int_evaluatorId&quot;,
      &quot;datetime_evaluationEndDate&quot;
    },
    pagingInfo: #&quot;SYSTEM_SYSRULES_pagingInfo&quot;(
      1,
      - 1
    ),
    queryFilters: {
      #&quot;SYSTEM_SYSRULES_queryFilter&quot;(
        field: &quot;int_questionSolutionId&quot;,
        operator: &quot;in&quot;,
        value: apply(
          fn!tointeger,
          index(local!submittedSolution,&quot;int_id&quot;,&quot;&quot;)
        )
      ),
        #&quot;SYSTEM_SYSRULES_queryFilter&quot;(
        field: &quot;datetime_evaluationEndDate&quot;,
        operator: &quot;&gt;=&quot;,
        value:if(
    #&quot;3cb44a61-09f2-4f15-91e8-489ab1280ef0&quot;(ri!datetime_fromDate),datetime(
          2016,
          9,
          10,
          0,
          0,
          0,
          0
        ),
        ri!datetime_fromDate)
      ),
      #&quot;SYSTEM_SYSRULES_queryFilter&quot;(
        field: &quot;datetime_evaluationEndDate&quot;,
        operator: &quot;&lt;=&quot;,
        value: if(
    #&quot;3cb44a61-09f2-4f15-91e8-489ab1280ef0&quot;(ri!datetime_toDate),datetime(
          2020,
          1,
          1,
          0,
          0,
          0,
          0
        ),ri!datetime_toDate)
      )
    }
  ).data
  ),
  local!getQuestionsData:#&quot;023fcd14-f681-44a1-9ec4-2c6efaf1650f&quot;(
    selectionColumns:
    {
      &quot;int_id&quot;,
    &quot;int_weightage&quot;
  },
  pagingInfo:fn!topagingInfo(1,-1),
  queryFilters:{#&quot;SYSTEM_SYSRULES_queryFilter&quot;(
            field: &quot;bool_isActive&quot;,
            operator: &quot;=&quot;,
            value:true()
          )}
  ).data,
  
  local!getJoinedColumnData:if(
    #&quot;3cb44a61-09f2-4f15-91e8-489ab1280ef0&quot;(
      index(
        local!candidateData,
        &quot;int_id&quot;,
        &quot;&quot;
      )
    )
    ,
    null, apply(
    #&quot;7ed655fb-0c4f-4127-b29e-0ca8b2a2fa0a&quot;(
      cdt_candidateQuestion: _,
      cdt_questionSolution: local!submittedSolution,
      cdt_solutionEvaluation: local!evaluatedQuestions,
      cdt_questionsData:local!getQuestionsData
    ),
    local!submittedData
  )
  
  ),
 local!resultData: 
    if(#&quot;3cb44a61-09f2-4f15-91e8-489ab1280ef0&quot;(
      index(
        local!candidateData,
        &quot;int_id&quot;,
        &quot;&quot;
      )
    )
    ,
    null,apply(
    #&quot;96415dd6-31c0-4537-a4f1-13ecda40b764&quot;(
      int_candidateID: _,
      text_employeeID: _,
      text_candidateUserName: _,
      text_candidateFirstName: _,
      text_candidateLastName: _,
      text_candidateEmail:_,
      int_totalIALQuestions:length(local!getQuestionsData),
      int_totalIALQuestionsScore:sum(index(local!getQuestionsData,&quot;int_weightage&quot;,&quot;&quot;)),
      cdt_joinedData: local!getJoinedColumnData
    ),
    merge(
     
      {index(local!candidateData,&quot;int_id&quot;,&quot;&quot;)},
      {index(local!candidateData,&quot;text_employeeId&quot;,&quot;&quot;)},
      {index(local!candidateData,&quot;text_username&quot;,&quot;&quot;)},
      {index(local!candidateData,&quot;text_firstName&quot;,&quot;&quot;)},
      {index(local!candidateData,&quot;text_lastName&quot;,&quot;&quot;)},
      {index(local!candidateData,&quot;text_emailId&quot;,&quot;&quot;)}
    )
  )),local!resultData
)</definition>
        <namedTypedValue>
            <name>datetime_fromDate</name>
            <type>
                <name>dateTime</name>
                <namespace>http://www.w3.org/2001/XMLSchema</namespace>
            </type>
        </namedTypedValue>
        <namedTypedValue>
            <name>datetime_toDate</name>
            <type>
                <name>dateTime</name>
                <namespace>http://www.w3.org/2001/XMLSchema</namespace>
            </type>
        </namedTypedValue>
        <preferredEditor>legacy</preferredEditor>
        <offlineEnabled>false</offlineEnabled>
    </rule>
    <roleMap public="true">
        <role allowForAll="false" inherit="true" name="readers">
            <users/>
            <groups/>
        </role>
        <role allowForAll="false" inherit="true" name="authors">
            <users/>
            <groups/>
        </role>
        <role allowForAll="false" inherit="true" name="administrators">
            <users/>
            <groups/>
        </role>
        <role allowForAll="false" inherit="false" name="denyReaders">
            <users/>
            <groups/>
        </role>
        <role allowForAll="false" inherit="false" name="denyAuthors">
            <users/>
            <groups/>
        </role>
        <role allowForAll="false" inherit="false" name="denyAdministrators">
            <users/>
            <groups/>
        </role>
    </roleMap>
</contentHaul>
