<?xml version="1.0" encoding="UTF-8" standalone="yes"?>
<contentHaul xmlns:a="http://www.appian.com/ae/types/2009">
    <rule>
        <name>IAL_fetchCandidateEvaluatorData</name>
        <uuid>8208ca60-b841-412e-9f80-73f1dd33e6e4</uuid>
        <description>This returns the Evaluator details based on the Candidate Ids passed</description>
        <parentUuid>_a-0000dd13-5aaa-8000-9ccd-01ef9001ef90_55727</parentUuid>
        <visibility>
            <advertise>false</advertise>
            <hierarchy>true</hierarchy>
            <indexable>true</indexable>
            <quota>false</quota>
            <searchable>true</searchable>
            <system>false</system>
            <unlogged>false</unlogged>
        </visibility>
        <definition>load(
  local!candidateDetails: #&quot;2ccad6b6-df16-4b91-b5cc-c118c46b770f&quot;(
    selectionColumns: {
      &quot;int_id&quot;
    },
    cdt_ialCandidate: {
      bool_isActive: true,
      bool_isEvaluator: true
    },
    pagingInfo: #&quot;_a-0000dd13-5aaa-8000-9ccd-01ef9001ef90_56189&quot;(
      int_startIndex: 1,
      int_batchSize: - 1,
      text_sortField: &quot;int_id&quot;,
      bool_isAscending: true
    ),
    queryFilters: {
      #&quot;SYSTEM_SYSRULES_queryFilter&quot;(
        field: &quot;text_username&quot;,
        operator: &quot;in&quot;,
        value: ri!text_selectedUserNames
      )
    }
  ).data,
  local!evaluatorDetails: #&quot;2dd26ae8-0d81-4e52-b452-dfa365e82668&quot;(
    selectionColumns: {},
    pagingInfo: #&quot;_a-0000dd13-5aaa-8000-9ccd-01ef9001ef90_56189&quot;(
      int_startIndex: 1,
      int_batchSize: - 1,
      text_sortField: &quot;int_id&quot;,
      bool_isAscending: true
    ),
    queryFilters: {
      #&quot;SYSTEM_SYSRULES_queryFilter&quot;(
        field: &quot;int_candidateId&quot;,
        operator: &quot;in&quot;,
        value: tointeger(index(
          local!candidateDetails,
          &quot;int_id&quot;,
          null
        ))
      )
    }
  ).data,
  local!evaluatorDetails
)</definition>
        <namedTypedValue>
            <name>text_selectedUserNames</name>
            <type>
                <name>Text?list</name>
                <namespace>http://www.appian.com/ae/types/2009</namespace>
            </type>
        </namedTypedValue>
        <preferredEditor>legacy</preferredEditor>
        <offlineEnabled>false</offlineEnabled>
    </rule>
    <roleMap public="true">
        <role allowForAll="false" inherit="true" name="readers">
            <users/>
            <groups/>
        </role>
        <role allowForAll="false" inherit="true" name="authors">
            <users/>
            <groups/>
        </role>
        <role allowForAll="false" inherit="true" name="administrators">
            <users/>
            <groups/>
        </role>
        <role allowForAll="false" inherit="false" name="denyReaders">
            <users/>
            <groups/>
        </role>
        <role allowForAll="false" inherit="false" name="denyAuthors">
            <users/>
            <groups/>
        </role>
        <role allowForAll="false" inherit="false" name="denyAdministrators">
            <users/>
            <groups/>
        </role>
    </roleMap>
</contentHaul>
