<?xml version="1.0" encoding="UTF-8" standalone="yes"?>
<contentHaul xmlns:a="http://www.appian.com/ae/types/2009">
    <rule>
        <name>IAL_prepareDataForCandidateReport</name>
        <uuid>96415dd6-31c0-4537-a4f1-13ecda40b764</uuid>
        <description>This will return data for candidate report</description>
        <parentUuid>_a-0000dd13-5aaa-8000-9ccd-01ef9001ef90_55727</parentUuid>
        <visibility>
            <advertise>false</advertise>
            <hierarchy>true</hierarchy>
            <indexable>true</indexable>
            <quota>false</quota>
            <searchable>true</searchable>
            <system>false</system>
            <unlogged>false</unlogged>
        </visibility>
        <definition>with(
  local!getTotalCountForSubmittedQuestions: if(#&quot;3cb44a61-09f2-4f15-91e8-489ab1280ef0&quot;(ri!cdt_joinedData),null,fn!wherecontains(ri!int_candidateID,apply(fn!tointeger,index(ri!cdt_joinedData,&quot;candidateID&quot;,&quot;&quot;)))),
  local!totalMatchedValueForSubmittedQuestions: if(#&quot;3cb44a61-09f2-4f15-91e8-489ab1280ef0&quot;(local!getTotalCountForSubmittedQuestions),0,length(local!getTotalCountForSubmittedQuestions)),
  local!totalMatchedValueForEvaluatedQuestions: if(or(#&quot;3cb44a61-09f2-4f15-91e8-489ab1280ef0&quot;(local!getTotalCountForSubmittedQuestions),#&quot;3cb44a61-09f2-4f15-91e8-489ab1280ef0&quot;(index(index(ri!cdt_joinedData,local!getTotalCountForSubmittedQuestions,&quot;&quot;),&quot;solutionEvaluationID&quot;,&quot;&quot;))),0,length(reject(fn!isnull,index(ri!cdt_joinedData[local!getTotalCountForSubmittedQuestions],&quot;solutionEvaluationID&quot;,&quot;&quot;)))),
  local!totalSubmittedQuestionsActualScore:if(or(#&quot;3cb44a61-09f2-4f15-91e8-489ab1280ef0&quot;(local!getTotalCountForSubmittedQuestions),#&quot;3cb44a61-09f2-4f15-91e8-489ab1280ef0&quot;(index(index(ri!cdt_joinedData,local!getTotalCountForSubmittedQuestions,&quot;&quot;),&quot;questionScore&quot;,&quot;&quot;))),0,sum(index(ri!cdt_joinedData[local!getTotalCountForSubmittedQuestions],&quot;questionScore&quot;,&quot;&quot;))),
  local!candidateFullName: ri!text_candidateFirstName &amp; &quot; &quot; &amp; ri!text_candidateLastName,
  local!evaluationScore:if(or(#&quot;3cb44a61-09f2-4f15-91e8-489ab1280ef0&quot;(local!getTotalCountForSubmittedQuestions),#&quot;3cb44a61-09f2-4f15-91e8-489ab1280ef0&quot;(index(index(ri!cdt_joinedData,local!getTotalCountForSubmittedQuestions,&quot;&quot;),&quot;evaluationMarks&quot;,&quot;&quot;))),0,sum(index(ri!cdt_joinedData[local!getTotalCountForSubmittedQuestions],&quot;evaluationMarks&quot;,&quot;&quot;))),
  #&quot;_a-0000dda1-e144-8000-aae2-01ef9001ef90_7802&quot;(
    employeeId: ri!text_employeeID,
    fullName: local!candidateFullName,
    emailId: ri!text_candidateEmail,
    submitedQuestions: local!totalMatchedValueForSubmittedQuestions,
    evaluatedQuestions:local!totalMatchedValueForEvaluatedQuestions,
    achivedScore:local!evaluationScore,
    totalIALQuestions:ri!int_totalIALQuestions,
    totalIALQuestionsScore:ri!int_totalIALQuestionsScore,
    totalSubmittedQuestionsScore:local!totalSubmittedQuestionsActualScore
  )
)</definition>
        <namedTypedValue>
            <name>int_candidateID</name>
            <type>
                <name>int</name>
                <namespace>http://www.w3.org/2001/XMLSchema</namespace>
            </type>
        </namedTypedValue>
        <namedTypedValue>
            <name>text_employeeID</name>
            <type>
                <name>string</name>
                <namespace>http://www.w3.org/2001/XMLSchema</namespace>
            </type>
            <value/>
        </namedTypedValue>
        <namedTypedValue>
            <name>text_candidateUserName</name>
            <type>
                <name>string</name>
                <namespace>http://www.w3.org/2001/XMLSchema</namespace>
            </type>
            <value/>
        </namedTypedValue>
        <namedTypedValue>
            <name>text_candidateFirstName</name>
            <type>
                <name>string</name>
                <namespace>http://www.w3.org/2001/XMLSchema</namespace>
            </type>
            <value/>
        </namedTypedValue>
        <namedTypedValue>
            <name>text_candidateLastName</name>
            <type>
                <name>string</name>
                <namespace>http://www.w3.org/2001/XMLSchema</namespace>
            </type>
            <value/>
        </namedTypedValue>
        <namedTypedValue>
            <name>text_candidateEmail</name>
            <type>
                <name>string</name>
                <namespace>http://www.w3.org/2001/XMLSchema</namespace>
            </type>
            <value/>
        </namedTypedValue>
        <namedTypedValue>
            <name>int_totalQuestions</name>
            <type>
                <name>int</name>
                <namespace>http://www.w3.org/2001/XMLSchema</namespace>
            </type>
        </namedTypedValue>
        <namedTypedValue>
            <name>cdt_joinedData</name>
            <type>
                <name>Variant</name>
                <namespace>http://www.appian.com/ae/types/2009</namespace>
            </type>
        </namedTypedValue>
        <namedTypedValue>
            <name>int_totalIALQuestions</name>
            <type>
                <name>int</name>
                <namespace>http://www.w3.org/2001/XMLSchema</namespace>
            </type>
        </namedTypedValue>
        <namedTypedValue>
            <name>int_totalIALQuestionsScore</name>
            <type>
                <name>int</name>
                <namespace>http://www.w3.org/2001/XMLSchema</namespace>
            </type>
        </namedTypedValue>
        <preferredEditor>legacy</preferredEditor>
        <offlineEnabled>false</offlineEnabled>
    </rule>
    <roleMap public="true">
        <role allowForAll="false" inherit="true" name="readers">
            <users/>
            <groups/>
        </role>
        <role allowForAll="false" inherit="true" name="authors">
            <users/>
            <groups/>
        </role>
        <role allowForAll="false" inherit="true" name="administrators">
            <users/>
            <groups/>
        </role>
        <role allowForAll="false" inherit="false" name="denyReaders">
            <users/>
            <groups/>
        </role>
        <role allowForAll="false" inherit="false" name="denyAuthors">
            <users/>
            <groups/>
        </role>
        <role allowForAll="false" inherit="false" name="denyAdministrators">
            <users/>
            <groups/>
        </role>
    </roleMap>
</contentHaul>
