<?xml version="1.0" encoding="UTF-8" standalone="yes"?>
<contentHaul xmlns:a="http://www.appian.com/ae/types/2009">
    <rule>
        <name>IAL_constructEvaluatorDetail</name>
        <uuid>9f7db43a-d09c-4686-8ba9-5f86e375bc8d</uuid>
        <description>Returns a row of type IAL_Evaluator constructed with respective values</description>
        <parentUuid>_a-0000dd13-5aaa-8000-9ccd-01ef9001ef90_55727</parentUuid>
        <visibility>
            <advertise>false</advertise>
            <hierarchy>true</hierarchy>
            <indexable>true</indexable>
            <quota>false</quota>
            <searchable>true</searchable>
            <system>false</system>
            <unlogged>false</unlogged>
        </visibility>
        <definition>load(
  local!candidateEvaluatorDetails: #&quot;8208ca60-b841-412e-9f80-73f1dd33e6e4&quot;(
    text_selectedUserNames: ri!cdt_updatedCandidateDetails.text_username
  ),
  if(
    not(
      #&quot;3cb44a61-09f2-4f15-91e8-489ab1280ef0&quot;(
        local!candidateEvaluatorDetails
      )
    ),
    {
      int_id: local!candidateEvaluatorDetails.int_id,
      int_candidateId: local!candidateEvaluatorDetails.int_candidateId,
      bool_isActive: if(
        ri!cdt_updatedCandidateDetails.bool_isEvaluator,
        true(),
        false()
      ),
      datetime_createdOn: local!candidateEvaluatorDetails.datetime_createdOn,
      text_createdBy: local!candidateEvaluatorDetails.text_createdBy,
      datetime_updatedOn: now(),
      text_updatedBy: ri!text_processInitiator
    },
    {
      int_id: null,
      int_candidateId: ri!cdt_updatedCandidateDetails.int_id,
      bool_isActive: if(
        ri!cdt_updatedCandidateDetails.bool_isEvaluator,
        true(),
        false()
      ),
      datetime_createdOn: now(),
      text_createdBy: ri!text_processInitiator,
      datetime_updatedOn: now(),
      text_updatedBy: ri!text_processInitiator
    }
  )
)</definition>
        <namedTypedValue>
            <name>cdt_updatedCandidateDetails</name>
            <type>
                <name>IAL_Candidate</name>
                <namespace>urn:com:appian:types:IAL</namespace>
            </type>
        </namedTypedValue>
        <namedTypedValue>
            <name>text_processInitiator</name>
            <type>
                <name>string</name>
                <namespace>http://www.w3.org/2001/XMLSchema</namespace>
            </type>
            <value/>
        </namedTypedValue>
        <preferredEditor>legacy</preferredEditor>
        <offlineEnabled>false</offlineEnabled>
    </rule>
    <roleMap public="true">
        <role allowForAll="false" inherit="true" name="readers">
            <users/>
            <groups/>
        </role>
        <role allowForAll="false" inherit="true" name="authors">
            <users/>
            <groups/>
        </role>
        <role allowForAll="false" inherit="true" name="administrators">
            <users/>
            <groups/>
        </role>
        <role allowForAll="false" inherit="false" name="denyReaders">
            <users/>
            <groups/>
        </role>
        <role allowForAll="false" inherit="false" name="denyAuthors">
            <users/>
            <groups/>
        </role>
        <role allowForAll="false" inherit="false" name="denyAdministrators">
            <users/>
            <groups/>
        </role>
    </roleMap>
</contentHaul>
