<?xml version="1.0" encoding="UTF-8" standalone="yes"?>
<contentHaul xmlns:a="http://www.appian.com/ae/types/2009">
    <rule>
        <name>IAL_getQuestionCode</name>
        <uuid>_a-0000dd13-5aaa-8000-9ccd-01ef9001ef90_56838</uuid>
        <description>Returns a code for a Question based on the selected Category</description>
        <parentUuid>_a-0000dd13-5aaa-8000-9ccd-01ef9001ef90_55727</parentUuid>
        <visibility>
            <advertise>false</advertise>
            <hierarchy>true</hierarchy>
            <indexable>true</indexable>
            <quota>false</quota>
            <searchable>true</searchable>
            <system>false</system>
            <unlogged>false</unlogged>
        </visibility>
        <definition>if(
  or(
    #&quot;3cb44a61-09f2-4f15-91e8-489ab1280ef0&quot;(
      ri!int_selectedTopicId
    ),
    ri!int_selectedTopicId = 0
  ),
  null,
  {
    with(
      local!questionDetials: #&quot;023fcd14-f681-44a1-9ec4-2c6efaf1650f&quot;(
        selectionColumns: {
          &quot;int_id&quot;
        },
        cdt_ialQuestion: {
          bool_isActive: true(),
          int_topicId: int_selectedTopicId
        },
        pagingInfo: #&quot;_a-0000dd13-5aaa-8000-9ccd-01ef9001ef90_56189&quot;(
          int_startIndex: 1,
          int_batchSize: - 1,
          text_sortField: &quot;int_id&quot;,
          bool_isAscending: true()
        )
      ),
      local!topicCodes: #&quot;35d301d2-8ed6-4d1d-b1e5-de135dd393d1&quot;(
        selectionColumns: {
          &quot;int_id&quot;,
          &quot;text_topicCode&quot;
        },
        cdt_ialTopic: {
          bool_isActive: true()
        },
        pagingInfo: #&quot;_a-0000dd13-5aaa-8000-9ccd-01ef9001ef90_56189&quot;(
          int_startIndex: 1,
          int_batchSize: - 1,
          text_sortField: &quot;int_id&quot;,
          bool_isAscending: true()
        )
      ),
      concat(
        #&quot;_a-0000dd2d-fe61-8000-9ccd-01ef9001ef90_58484&quot;,
        &quot;_&quot;,
        displayvalue(
          ri!int_selectedTopicId,
          {
            index(
              local!topicCodes.data,
              &quot;int_id&quot;,
              {}
            )
          },
          {
            index(
              local!topicCodes.data,
              &quot;text_topicCode&quot;,
              {}
            )
          },
          null
        ),
        &quot;_&quot;,
        index(
          local!questionDetials,
          &quot;totalCount&quot;,
          0
        ) + 1
      )
    )
  }
)</definition>
        <namedTypedValue>
            <name>int_selectedTopicId</name>
            <type>
                <name>int</name>
                <namespace>http://www.w3.org/2001/XMLSchema</namespace>
            </type>
        </namedTypedValue>
        <preferredEditor>legacy</preferredEditor>
        <offlineEnabled>false</offlineEnabled>
    </rule>
    <roleMap public="true">
        <role allowForAll="false" inherit="true" name="readers">
            <users/>
            <groups/>
        </role>
        <role allowForAll="false" inherit="true" name="authors">
            <users/>
            <groups/>
        </role>
        <role allowForAll="false" inherit="true" name="administrators">
            <users/>
            <groups/>
        </role>
        <role allowForAll="false" inherit="false" name="denyReaders">
            <users/>
            <groups/>
        </role>
        <role allowForAll="false" inherit="false" name="denyAuthors">
            <users/>
            <groups/>
        </role>
        <role allowForAll="false" inherit="false" name="denyAdministrators">
            <users/>
            <groups/>
        </role>
    </roleMap>
</contentHaul>
