<?xml version="1.0" encoding="UTF-8" standalone="yes"?>
<contentHaul xmlns:a="http://www.appian.com/ae/types/2009">
    <rule>
        <name>IAL_SAIL_Form_updateOrDeactivateTopic</name>
        <uuid>_a-0000dd3c-1880-8000-9ccd-01ef9001ef90_58869</uuid>
        <description>This will display topic details to edit or to deactivate that topic</description>
        <parentUuid>_a-0000dd13-5aaa-8000-9ccd-01ef9001ef90_55728</parentUuid>
        <visibility>
            <advertise>false</advertise>
            <hierarchy>true</hierarchy>
            <indexable>true</indexable>
            <quota>false</quota>
            <searchable>true</searchable>
            <system>false</system>
            <unlogged>false</unlogged>
        </visibility>
        <definition>= load(
  local!topicDetails: #&quot;35d301d2-8ed6-4d1d-b1e5-de135dd393d1&quot;(
    cdt_ialTopic: 'type!{urn:com:appian:types:IAL}IAL_Topic_Lookup'(
      bool_isActive: true
    ),
    pagingInfo: #&quot;SYSTEM_SYSRULES_pagingInfo&quot;(
      startIndex: 1,
      batchSize: - 1
    )
  ),
  local!pagingForTopics: #&quot;SYSTEM_SYSRULES_pagingInfo&quot;(
    startIndex: 1,
    batchSize: - 1
  ),
  local!pagingForQuestions: #&quot;SYSTEM_SYSRULES_pagingInfo&quot;(
    startIndex: 1,
    batchSize: 5
  ),
  local!selectedTopic,
  local!updatedTopic,
  local!actionsType,
  #&quot;SYSTEM_SYSRULES_formLayout&quot;(
    label: &quot;Topic Details&quot;,
    instructions: &quot;&quot;,
    firstColumnContents: {
      #&quot;SYSTEM_SYSRULES_gridField&quot;(
        label: &quot;&quot;,
        labelPosition: &quot;ABOVE&quot;,
        totalCount: local!topicDetails.totalCount,
        columns: {
          #&quot;SYSTEM_SYSRULES_gridTextColumn&quot;(
            label: &quot;Code&quot;,
            data: index(
              local!topicDetails.data,
              &quot;text_topicCode&quot;,
              {}
            )
          ),
          #&quot;SYSTEM_SYSRULES_gridTextColumn&quot;(
            label: &quot;Name&quot;,
            data: index(
              local!topicDetails.data,
              &quot;text_topicName&quot;,
              {}
            )
          ),
          #&quot;SYSTEM_SYSRULES_gridTextColumn&quot;(
            label: &quot;Update&quot;,
            data: repeat(
              local!topicDetails.totalCount,
              &quot;Update&quot;
            ),
            links: apply(
              #&quot;SYSTEM_SYSRULES_dynamicLink&quot;(
                value: _,
                saveInto: {
                  local!selectedTopic,
                  a!save(
                    local!updatedTopic,
                    local!selectedTopic
                  ),
                  a!save(
                    local!actionsType,
                    &quot;update&quot;
                  )
                }
              ),
              local!topicDetails.data
            )
          ),
          #&quot;SYSTEM_SYSRULES_gridTextColumn&quot;(
            label: &quot;Deactivate&quot;,
            data: repeat(
              local!topicDetails.totalCount,
              &quot;Deactivate&quot;
            ),
            links: apply(
              #&quot;SYSTEM_SYSRULES_dynamicLink&quot;(
                value: _,
                saveInto: {
                  local!selectedTopic,
                  a!save(
                    local!actionsType,
                    &quot;deactivate&quot;
                  )
                }
              ),
              local!topicDetails.data
            )
          )
        },
        value: local!pagingForTopics,
        saveInto: {},
        validations: {}
      ),
      if(
        local!actionsType = &quot;update&quot;,
        #&quot;SYSTEM_SYSRULES_sectionLayout&quot;(
          label: &quot;Update Details&quot;,
          firstColumnContents: {
            #&quot;SYSTEM_SYSRULES_textField&quot;(
              label: &quot;Code&quot;,
              labelPosition: &quot;ADJACENT&quot;,
              required: true,
              value: local!updatedTopic.text_topicCode,
              saveInto: local!updatedTopic.text_topicCode
            ),
            #&quot;SYSTEM_SYSRULES_textField&quot;(
              label: &quot;Name&quot;,
              labelPosition: &quot;ADJACENT&quot;,
              required: true,
              value: local!updatedTopic.text_topicName,
              saveInto: local!updatedTopic.text_topicName
            )/*,*/
            /*a!buttonLayout(*/
            /*  primaryButtons:{*/
            /*    a!buttonWidgetSubmit(*/
            /*      label: &quot;Update Details&quot;,*/
            /*      confirmMessage: &quot;Do you really want to update details?&quot;,*/
            /*      value: &quot;updateTopic&quot;,*/
            /*      saveInto: ri!txt_actionPerformed*/
            /*    )*/
            /*  },*/
            /*  secondaryButtons:{*/
            /*    a!buttonWidgetSubmit(*/
            /*      label: &quot;Cancel&quot;,*/
            /*      value: &quot;&quot;,*/
            /*      saveInto: local!actionsType*/
            /*    )*/
            /*  }*/
            /*)*/
            
          }
        ),
        if(
          local!actionsType = &quot;deactivate&quot;,
          #&quot;SYSTEM_SYSRULES_sectionLayout&quot;(
            label: &quot;Deactivate Topic&quot;,
            firstColumnContents: {
              #&quot;SYSTEM_SYSRULES_richTextDisplayField&quot;(
                label: &quot;Warning&quot;,
                labelPosition: &quot;ADJACENT&quot;,
                value: {
                  #&quot;SYSTEM_SYSRULES_richTextImage&quot;(
                    image: #&quot;SYSTEM_SYSRULES_documentImage&quot;(
                      document: #&quot;SYSTEM_SYSRULES_iconIndicator&quot;(
                        icon: &quot;STATUS_WARN&quot;
                      )
                    )
                  ),
                  &quot; If you deactivate the topic, all the questions related to this topic will also get deactivated.&quot;
                }
              ),
              #&quot;SYSTEM_SYSRULES_textField&quot;(
                label: &quot;Code&quot;,
                labelPosition: &quot;ADJACENT&quot;,
                value: local!selectedTopic.text_topicCode,
                readOnly: true
              ),
              #&quot;SYSTEM_SYSRULES_textField&quot;(
                label: &quot;Name&quot;,
                labelPosition: &quot;ADJACENT&quot;,
                value: local!selectedTopic.text_topicName,
                readOnly: true
              ),
              with(
                local!questionDetails: #&quot;_a-0000dd2d-fe61-8000-9ccd-01ef9001ef90_58220&quot;(
                  selectionColumns: {
                    &quot;text_questionCode&quot;,
                    &quot;text_questionName&quot;,
                    &quot;text_questionDescription&quot;,
                    &quot;int_weightage&quot;,
                    &quot;int_relevancePoints&quot;,
                    &quot;text_questionComplexity&quot;,
                    &quot;text_categoryName&quot;
                  },
                  cdt_ialViewQuestion: 'type!{urn:com:appian:types}IAL_View_Question'(
                    bool_isQuestionActive: true
                  ),
                  pagingInfo: local!pagingForQuestions
                ),
                #&quot;_a-0000dd3c-1880-8000-9ccd-01ef9001ef90_58845&quot;(
                  questionsDetails: local!questionDetails,
                  pagingForQuestionsGrid: local!pagingForQuestions
                )
              )
            }
          ),
          {}
        )
      )
    },
    secondColumnContents: {},
    buttons: #&quot;SYSTEM_SYSRULES_ButtonLayout&quot;(
      primaryButtons: {
        if(
          local!actionsType = &quot;update&quot;,
          #&quot;SYSTEM_SYSRULES_ButtonWidgetSubmit&quot;(
            label: &quot;Save Changes&quot;,
            style: &quot;PRIMARY&quot;,
            confirmMessage: &quot;Do you really want to update details?&quot;,
            value: &quot;saveChanges&quot;,
            saveInto: {
              ri!txt_actionPerformed,
              if(
                and(
                  local!selectedTopic.text_topicCode = local!updatedTopic.text_topicCode,
                  local!selectedTopic.text_topicName = local!updatedTopic.text_topicName
                ),
                a!save(ri!txt_actionPerformed,&quot;cancel&quot;),
                a!save(ri!cdt_ialTopicLookup,local!updatedTopic)
              )
            }
          ),
          if(
            local!actionsType = &quot;deactivate&quot;,
            #&quot;SYSTEM_SYSRULES_ButtonWidgetSubmit&quot;(
              label: &quot;Deactivate&quot;,
              style: &quot;DESTRUCTIVE&quot;,
              confirmMessage: &quot;Do you really want to deactivate the topic?&quot;,
              value: &quot;deactivate&quot;,
              saveInto: {
                ri!txt_actionPerformed,
                a!save(ri!cdt_ialTopicLookup,local!selectedTopic)
              }
            ),
            {}
          )
        )
      },
      secondaryButtons: {
        #&quot;SYSTEM_SYSRULES_ButtonWidgetSubmit&quot;(
          label: &quot;Cancel&quot;,
          style: &quot;NORMAL&quot;,
          value: &quot;cancel&quot;,
          saveInto: {
            ri!txt_actionPerformed,
            a!save(
              local!actionsType,
              &quot;cancel&quot;
            )
          },
          skipValidation: true
        )
      }
    ),
    validations: {}
  )
)</definition>
        <namedTypedValue>
            <name>txt_actionPerformed</name>
            <type>
                <name>string</name>
                <namespace>http://www.w3.org/2001/XMLSchema</namespace>
            </type>
            <value/>
        </namedTypedValue>
        <namedTypedValue>
            <name>cdt_ialTopicLookup</name>
            <type>
                <name>IAL_Topic_Lookup</name>
                <namespace>urn:com:appian:types:IAL</namespace>
            </type>
        </namedTypedValue>
        <preferredEditor>interface</preferredEditor>
        <offlineEnabled>false</offlineEnabled>
    </rule>
    <roleMap public="true">
        <role allowForAll="false" inherit="true" name="readers">
            <users/>
            <groups/>
        </role>
        <role allowForAll="false" inherit="true" name="authors">
            <users/>
            <groups/>
        </role>
        <role allowForAll="false" inherit="true" name="administrators">
            <users>
                <userUuid>rajasekharp</userUuid>
            </users>
            <groups/>
        </role>
        <role allowForAll="false" inherit="false" name="denyReaders">
            <users/>
            <groups/>
        </role>
        <role allowForAll="false" inherit="false" name="denyAuthors">
            <users/>
            <groups/>
        </role>
        <role allowForAll="false" inherit="false" name="denyAdministrators">
            <users/>
            <groups/>
        </role>
    </roleMap>
    <typedValue>
        <type>
            <name>RuleTestConfig?list</name>
            <namespace>http://www.appian.com/ae/types/2009</namespace>
        </type>
        <value>
            <el>
                <a:name/>
                <a:ruleInputTestConfigs>
                    <a:value xmlns:xsd="http://www.w3.org/2001/XMLSchema" xmlns:xsi="http://www.w3.org/2001/XMLSchema-instance" xsi:type="xsd:string"/>
                    <a:nameRef>txt_actionPerformed</a:nameRef>
                    <a:id/>
                </a:ruleInputTestConfigs>
                <a:ruleInputTestConfigs>
                    <a:value xmlns:n1="urn:com:appian:types:IAL" xmlns:xsi="http://www.w3.org/2001/XMLSchema-instance" xsi:nil="true" xsi:type="n1:IAL_Topic_Lookup"/>
                    <a:nameRef>cdt_ialTopicLookup</a:nameRef>
                    <a:id/>
                </a:ruleInputTestConfigs>
                <a:assertions xmlns:xsi="http://www.w3.org/2001/XMLSchema-instance" xsi:nil="true"/>
            </el>
        </value>
    </typedValue>
</contentHaul>
