<?xml version="1.0" encoding="UTF-8" standalone="yes"?>
<contentHaul xmlns:a="http://www.appian.com/ae/types/2009">
    <rule>
        <name>IAL_SAIL_Section_addUsersToEvaluatorGroup</name>
        <uuid>_a-0000dd5e-66e2-8000-9ccd-01ef9001ef90_62486</uuid>
        <description>It renders a section to add users to the Evaluator group</description>
        <parentUuid>_a-0000dd13-5aaa-8000-9ccd-01ef9001ef90_55728</parentUuid>
        <visibility>
            <advertise>false</advertise>
            <hierarchy>true</hierarchy>
            <indexable>true</indexable>
            <quota>false</quota>
            <searchable>true</searchable>
            <system>false</system>
            <unlogged>false</unlogged>
        </visibility>
        <definition>load(
  local!evaluators: getdistinctusers(
    #&quot;_a-0000dd13-5aaa-8000-9ccd-01ef9001ef90_55920&quot;
  ),
  local!administrators:getdistinctusers(
    #&quot;_a-0000dd13-5aaa-8000-9ccd-01ef9001ef90_55913&quot;
  ),
  local!arrayLength,
  with(
    #&quot;SYSTEM_SYSRULES_sectionLayout&quot;(
      label: &quot;Add Users to Evaluator Group&quot;,
      firstColumnContents: {
        #&quot;SYSTEM_SYSRULES_pickerFieldUsers&quot;(
          label: &quot;Select Users&quot;,
          required:true,
          labelPosition: &quot;ABOVE&quot;,
          groupFilter: #&quot;_a-0000dd13-5aaa-8000-9ccd-01ef9001ef90_55897&quot;,
          value: ri!user_selectedUsers,
          saveInto: {
            a!save(
              ri!user_selectedUsers,
              union(
                save!value,
                save!value
              )
            ),
            a!save(
              local!arrayLength,
              length(
                ri!user_selectedUsers
              )
            )
          },
          validations: {
            if(
              or(
                #&quot;3cb44a61-09f2-4f15-91e8-489ab1280ef0&quot;(
                  ri!user_selectedUsers
                ),
                #&quot;3cb44a61-09f2-4f15-91e8-489ab1280ef0&quot;(
                  ri!user_selectedUsers
                ),
                #&quot;3cb44a61-09f2-4f15-91e8-489ab1280ef0&quot;(
                  local!arrayLength
                )
              ),
              &quot;&quot;,
              if(
                contains(
                  local!evaluators,
                  ri!user_selectedUsers[local!arrayLength]
                ),
                &quot;User is already a member of Evaluator group&quot;,
                
                if(
                  contains(
                  local!administrators,
                  ri!user_selectedUsers[local!arrayLength]
                ),
                &quot;User is member of Admininstrator group&quot;,
                &quot;&quot;
                )
              )
            )
          }
        )
      },
      secondColumnContents: {
        #&quot;SYSTEM_SYSRULES_textField&quot;(
          value: &quot;&quot;,
          readOnly: true()
        )
      }
    )
  )
)</definition>
        <namedTypedValue>
            <name>user_selectedUsers</name>
            <type>
                <name>User?list</name>
                <namespace>http://www.appian.com/ae/types/2009</namespace>
            </type>
        </namedTypedValue>
        <preferredEditor>interface</preferredEditor>
        <offlineEnabled>false</offlineEnabled>
    </rule>
    <roleMap public="true">
        <role allowForAll="false" inherit="true" name="readers">
            <users/>
            <groups/>
        </role>
        <role allowForAll="false" inherit="true" name="authors">
            <users/>
            <groups/>
        </role>
        <role allowForAll="false" inherit="true" name="administrators">
            <users/>
            <groups/>
        </role>
        <role allowForAll="false" inherit="false" name="denyReaders">
            <users/>
            <groups/>
        </role>
        <role allowForAll="false" inherit="false" name="denyAuthors">
            <users/>
            <groups/>
        </role>
        <role allowForAll="false" inherit="false" name="denyAdministrators">
            <users/>
            <groups/>
        </role>
    </roleMap>
</contentHaul>
