<?xml version="1.0" encoding="UTF-8" standalone="yes"?>
<contentHaul xmlns:a="http://www.appian.com/ae/types/2009">
    <rule>
        <name>IAL_Form_MessageToDisplayUnableToProcessUpdation</name>
        <uuid>_a-0000dd96-1b17-8000-aae2-01ef9001ef90_7262</uuid>
        <description>This will display message like unable to process the request</description>
        <parentUuid>_a-0000dd13-5aaa-8000-9ccd-01ef9001ef90_55728</parentUuid>
        <visibility>
            <advertise>false</advertise>
            <hierarchy>true</hierarchy>
            <indexable>true</indexable>
            <quota>false</quota>
            <searchable>true</searchable>
            <system>false</system>
            <unlogged>false</unlogged>
        </visibility>
        <definition>= #&quot;SYSTEM_SYSRULES_formLayout&quot;(
  label: &quot;&quot;,
  instructions: &quot;&quot;,
  firstColumnContents: {
    #&quot;SYSTEM_SYSRULES_richTextDisplayField&quot;(
      align: &quot;CENTER&quot;,
      value: {
        #&quot;SYSTEM_SYSRULES_richTextImage&quot;(
          image: #&quot;SYSTEM_SYSRULES_documentImage&quot;(
            document: #&quot;SYSTEM_SYSRULES_iconIndicator&quot;(
              icon: &quot;STATUS_WARN&quot;
            )
          )
        ),
        #&quot;SYSTEM_SYSRULES_richTextItem&quot;(
          text: &quot;Sorry, Your solution already in evaluation process. You can't do any modification now.&quot;
        )
      }
    )
  },
  secondColumnContents: {
    /* Add components here for a two-column form */
    
  },
  buttons: #&quot;SYSTEM_SYSRULES_ButtonLayout&quot;(
    primaryButtons: {
      #&quot;SYSTEM_SYSRULES_ButtonWidgetSubmit&quot;(
        label: &quot;Ok&quot;,
        style: &quot;PRIMARY&quot;,
        saveInto: {}
      )
    },
    secondaryButtons: {}
  ),
  validations: {}
)</definition>
        <preferredEditor>interface</preferredEditor>
        <offlineEnabled>false</offlineEnabled>
    </rule>
    <roleMap public="true">
        <role allowForAll="false" inherit="true" name="readers">
            <users/>
            <groups/>
        </role>
        <role allowForAll="false" inherit="true" name="authors">
            <users/>
            <groups/>
        </role>
        <role allowForAll="false" inherit="true" name="administrators">
            <users/>
            <groups/>
        </role>
        <role allowForAll="false" inherit="false" name="denyReaders">
            <users/>
            <groups/>
        </role>
        <role allowForAll="false" inherit="false" name="denyAuthors">
            <users/>
            <groups/>
        </role>
        <role allowForAll="false" inherit="false" name="denyAdministrators">
            <users/>
            <groups/>
        </role>
    </roleMap>
</contentHaul>
