<?xml version="1.0" encoding="UTF-8" standalone="yes"?>
<contentHaul xmlns:a="http://www.appian.com/ae/types/2009">
    <rule>
        <name>IAL_getCandidateCategoryDetails</name>
        <uuid>_a-0000dd69-3122-8000-aae2-01ef9001ef90_5983</uuid>
        <description>This will all the category details related a particulate candidate </description>
        <parentUuid>_a-0000dd13-5aaa-8000-9ccd-01ef9001ef90_55727</parentUuid>
        <visibility>
            <advertise>false</advertise>
            <hierarchy>true</hierarchy>
            <indexable>true</indexable>
            <quota>false</quota>
            <searchable>true</searchable>
            <system>false</system>
            <unlogged>false</unlogged>
        </visibility>
        <definition>load(&#xD;
  local!candidateCategoryDetails: #&quot;_a-0000dd65-2699-8000-9ccd-01ef9001ef90_62653&quot;(&#xD;
      selectionColumns: {},&#xD;
      cdt_ialCandidateCategory: {&#xD;
        int_candidateId: ri!int_candidateId&#xD;
      },&#xD;
      pagingInfo: #&quot;_a-0000dd13-5aaa-8000-9ccd-01ef9001ef90_56189&quot;(&#xD;
        int_startIndex: 1,&#xD;
        int_batchSize: - 1,&#xD;
        text_sortField: &quot;int_id&quot;,&#xD;
        bool_isAscending: true()&#xD;
      )&#xD;
    ),&#xD;
  local!categoryDetailsCount: #&quot;6eb1ba97-ac38-4a80-938b-9327e78e60ff&quot;(&#xD;
    cdt_ialCategory: 'type!{urn:com:appian:types:IAL}IAL_Category'(bool_isActive: true),&#xD;
    pagingInfo: #&quot;_a-0000dd13-5aaa-8000-9ccd-01ef9001ef90_56189&quot;(&#xD;
      int_startIndex: 1,&#xD;
      int_batchSize: -1&#xD;
    )&#xD;
  ).totalCount,&#xD;
  if(&#xD;
    local!candidateCategoryDetails.totalCount = local!categoryDetailsCount,&#xD;
    local!candidateCategoryDetails,&#xD;
    todatasubset(&#xD;
    append(local!candidateCategoryDetails.data,#&quot;_a-0000dd65-2699-8000-9ccd-01ef9001ef90_62653&quot;(&#xD;
      selectionColumns: {},&#xD;
      queryFilters: {&#xD;
        #&quot;SYSTEM_SYSRULES_queryFilter&quot;(&#xD;
          field: &quot;int_candidateId&quot;,&#xD;
          operator: &quot;is null&quot;&#xD;
        ),&#xD;
        #&quot;SYSTEM_SYSRULES_queryFilter&quot;(&#xD;
          field: &quot;int_id&quot;,&#xD;
          operator: &quot;not in&quot;,&#xD;
          value: tointeger(index(local!candidateCategoryDetails.data,&quot;int_id&quot;,{}))&#xD;
        )&#xD;
      },&#xD;
      pagingInfo: #&quot;_a-0000dd13-5aaa-8000-9ccd-01ef9001ef90_56189&quot;(&#xD;
        int_startIndex: 1,&#xD;
        int_batchSize: - 1,&#xD;
        text_sortField: &quot;int_id&quot;,&#xD;
        bool_isAscending: true()&#xD;
      )&#xD;
    ).data)&#xD;
  ))&#xD;
)&#xD;
</definition>
        <namedTypedValue>
            <name>int_candidateId</name>
            <type>
                <name>int</name>
                <namespace>http://www.w3.org/2001/XMLSchema</namespace>
            </type>
        </namedTypedValue>
        <preferredEditor>legacy</preferredEditor>
        <offlineEnabled>false</offlineEnabled>
    </rule>
    <roleMap public="true">
        <role allowForAll="false" inherit="true" name="readers">
            <users/>
            <groups/>
        </role>
        <role allowForAll="false" inherit="true" name="authors">
            <users/>
            <groups/>
        </role>
        <role allowForAll="false" inherit="true" name="administrators">
            <users/>
            <groups/>
        </role>
        <role allowForAll="false" inherit="false" name="denyReaders">
            <users/>
            <groups/>
        </role>
        <role allowForAll="false" inherit="false" name="denyAuthors">
            <users/>
            <groups/>
        </role>
        <role allowForAll="false" inherit="false" name="denyAdministrators">
            <users/>
            <groups/>
        </role>
    </roleMap>
</contentHaul>
