<?xml version="1.0" encoding="UTF-8" standalone="yes"?>
<contentHaul xmlns:a="http://www.appian.com/ae/types/2009">
    <rule>
        <name>IAL_IsEvaluatorTaskExistWithProcessId</name>
        <uuid>_a-0000dd96-1b17-8000-aae2-01ef9001ef90_7260</uuid>
        <description>This will take process id as input and return boolean value like is task assigned to that group or not</description>
        <parentUuid>_a-0000dd13-5aaa-8000-9ccd-01ef9001ef90_55727</parentUuid>
        <visibility>
            <advertise>false</advertise>
            <hierarchy>true</hierarchy>
            <indexable>true</indexable>
            <quota>false</quota>
            <searchable>true</searchable>
            <system>false</system>
            <unlogged>false</unlogged>
        </visibility>
        <definition>load(&#xD;
  local!a:#&quot;3f8ec4dd-7e95-4953-83b4-c15469c832ef&quot;(pagingInfo: #&quot;SYSTEM_SYSRULES_pagingInfo&quot;(1,1),&#xD;
  assignmentGroup: #&quot;_a-0000dd13-5aaa-8000-9ccd-01ef9001ef90_55920&quot;,&#xD;
  text_processId:ri!text_processId&#xD;
  ),&#xD;
  #&quot;3cb44a61-09f2-4f15-91e8-489ab1280ef0&quot;(local!a.data)&#xD;
)</definition>
        <namedTypedValue>
            <name>text_processId</name>
            <type>
                <name>string</name>
                <namespace>http://www.w3.org/2001/XMLSchema</namespace>
            </type>
            <value/>
        </namedTypedValue>
        <preferredEditor>legacy</preferredEditor>
        <offlineEnabled>false</offlineEnabled>
    </rule>
    <roleMap public="true">
        <role allowForAll="false" inherit="true" name="readers">
            <users/>
            <groups/>
        </role>
        <role allowForAll="false" inherit="true" name="authors">
            <users/>
            <groups/>
        </role>
        <role allowForAll="false" inherit="true" name="administrators">
            <users/>
            <groups/>
        </role>
        <role allowForAll="false" inherit="false" name="denyReaders">
            <users/>
            <groups/>
        </role>
        <role allowForAll="false" inherit="false" name="denyAuthors">
            <users/>
            <groups/>
        </role>
        <role allowForAll="false" inherit="false" name="denyAdministrators">
            <users/>
            <groups/>
        </role>
    </roleMap>
</contentHaul>
