<?xml version="1.0" encoding="UTF-8" standalone="yes"?>
<contentHaul xmlns:a="http://www.appian.com/ae/types/2009">
    <rule>
        <name>IAL_getDynamicTopicFiltersForQuestionsRecord</name>
        <uuid>_a-0000dd13-5aaa-8000-9ccd-01ef9001ef90_56794</uuid>
        <description>Refers to the list of dynamic filters on Topic for Questions Record</description>
        <parentUuid>_a-0000dd13-5aaa-8000-9ccd-01ef9001ef90_55727</parentUuid>
        <visibility>
            <advertise>false</advertise>
            <hierarchy>true</hierarchy>
            <indexable>true</indexable>
            <quota>false</quota>
            <searchable>true</searchable>
            <system>false</system>
            <unlogged>false</unlogged>
        </visibility>
        <definition>with(
  local!topicDetails: #&quot;35d301d2-8ed6-4d1d-b1e5-de135dd393d1&quot;(
    selectionColumns: {
      &quot;int_id&quot;,
      &quot;text_topicName&quot;
    },
    cdt_ialTopic: {
      bool_isActive: true()
    },
    pagingInfo: #&quot;_a-0000dd13-5aaa-8000-9ccd-01ef9001ef90_56189&quot;(
      int_startIndex: 1,
      int_batchSize: - 1,
      text_sortField: &quot;int_id&quot;,
      bool_isAscending: true()
    )
  ).data,
  #&quot;SYSTEM_SYSRULES_facet&quot;(
    name: #&quot;_a-0000dd13-5aaa-8000-9ccd-01ef9001ef90_56365&quot;,
    options: if(
      #&quot;3cb44a61-09f2-4f15-91e8-489ab1280ef0&quot;(
        local!topicDetails
      ),
      {},
      {
        apply(
          #&quot;_a-0000dd13-5aaa-8000-9ccd-01ef9001ef90_56808&quot;(
            int_filterId: _,
            text_filterName: _,
            text_filterField: &quot;int_topicId&quot;,
            any_filterValue: _
          ),
          merge(
            {
              index(
                local!topicDetails,
                &quot;int_id&quot;,
                {}
              )
            },
            {
              index(
                local!topicDetails,
                &quot;text_topicName&quot;,
                {}
              )
            },
            {
              index(
                local!topicDetails,
                &quot;int_id&quot;,
                {}
              )
            }
          )
        )
      }
    )
  )
)</definition>
        <preferredEditor>legacy</preferredEditor>
        <offlineEnabled>false</offlineEnabled>
    </rule>
    <roleMap public="true">
        <role allowForAll="false" inherit="true" name="readers">
            <users/>
            <groups/>
        </role>
        <role allowForAll="false" inherit="true" name="authors">
            <users/>
            <groups/>
        </role>
        <role allowForAll="false" inherit="true" name="administrators">
            <users/>
            <groups/>
        </role>
        <role allowForAll="false" inherit="false" name="denyReaders">
            <users/>
            <groups/>
        </role>
        <role allowForAll="false" inherit="false" name="denyAuthors">
            <users/>
            <groups/>
        </role>
        <role allowForAll="false" inherit="false" name="denyAdministrators">
            <users/>
            <groups/>
        </role>
    </roleMap>
</contentHaul>
