<?xml version="1.0" encoding="UTF-8" standalone="yes"?>
<contentHaul xmlns:a="http://www.appian.com/ae/types/2009">
    <rule>
        <name>IAL_getDocumentDownloadLink</name>
        <uuid>_a-0000dd65-2699-8000-9ccd-01ef9001ef90_62610</uuid>
        <description>Returns the document download link if the given document id exists in the environment otherwise null</description>
        <parentUuid>_a-0000dd13-5aaa-8000-9ccd-01ef9001ef90_55727</parentUuid>
        <visibility>
            <advertise>false</advertise>
            <hierarchy>true</hierarchy>
            <indexable>true</indexable>
            <quota>false</quota>
            <searchable>true</searchable>
            <system>false</system>
            <unlogged>false</unlogged>
        </visibility>
        <definition>if(
  or(
    #&quot;3cb44a61-09f2-4f15-91e8-489ab1280ef0&quot;(
      ri!int_documentId
    ),
    not(
      isobjectexists(
        &quot;Document&quot;,
        ri!int_documentId
      )
    )
  ),
  null,
  #&quot;SYSTEM_SYSRULES_documentDownloadLink&quot;(
    document: ri!int_documentId,
    label: #&quot;_a-0000dd65-2699-8000-9ccd-01ef9001ef90_62611&quot;(
      int_documentId: ri!int_documentId
    )
  )
)</definition>
        <namedTypedValue>
            <name>int_documentId</name>
            <type>
                <name>int</name>
                <namespace>http://www.w3.org/2001/XMLSchema</namespace>
            </type>
        </namedTypedValue>
        <preferredEditor>legacy</preferredEditor>
        <offlineEnabled>false</offlineEnabled>
    </rule>
    <roleMap public="true">
        <role allowForAll="false" inherit="true" name="readers">
            <users/>
            <groups/>
        </role>
        <role allowForAll="false" inherit="true" name="authors">
            <users/>
            <groups/>
        </role>
        <role allowForAll="false" inherit="true" name="administrators">
            <users/>
            <groups/>
        </role>
        <role allowForAll="false" inherit="false" name="denyReaders">
            <users/>
            <groups/>
        </role>
        <role allowForAll="false" inherit="false" name="denyAuthors">
            <users/>
            <groups/>
        </role>
        <role allowForAll="false" inherit="false" name="denyAdministrators">
            <users/>
            <groups/>
        </role>
    </roleMap>
</contentHaul>
