<?xml version="1.0" encoding="UTF-8" standalone="yes"?>
<contentHaul xmlns:a="http://www.appian.com/ae/types/2009">
    <rule>
        <name>IAL_SAIL_FORM_createApplicationAdmin</name>
        <uuid>_a-0000dd7a-325b-8000-aae2-01ef9001ef90_6681</uuid>
        <description>This interface is to enter basic detail of administrator to be created</description>
        <parentUuid>_a-0000dd13-5aaa-8000-9ccd-01ef9001ef90_55728</parentUuid>
        <visibility>
            <advertise>false</advertise>
            <hierarchy>true</hierarchy>
            <indexable>true</indexable>
            <quota>false</quota>
            <searchable>true</searchable>
            <system>false</system>
            <unlogged>false</unlogged>
        </visibility>
        <definition>= #&quot;SYSTEM_SYSRULES_formLayout&quot;(
  label: &quot;Create Application Admin&quot;,
  firstColumnContents: {
    #&quot;SYSTEM_SYSRULES_textField&quot;(
      label: &quot;Employee ID&quot;,
      value: ri!cdt_candidateDetails.text_employeeId,
      saveInto: ri!cdt_candidateDetails.text_employeeId,
      required: true
    ),
    #&quot;SYSTEM_SYSRULES_textField&quot;(
      label: &quot;First Name&quot;,
      value: ri!cdt_candidateDetails.text_firstName,
      saveInto: ri!cdt_candidateDetails.text_firstName,
      required: true
    ),
    #&quot;SYSTEM_SYSRULES_textField&quot;(
      label: &quot;Last Name&quot;,
      value: ri!cdt_candidateDetails.text_lastName,
      saveInto: ri!cdt_candidateDetails.text_lastName,
      required: true
    ),
    #&quot;SYSTEM_SYSRULES_textField&quot;(
      label: &quot;Username&quot;,
      value: ri!cdt_candidateDetails.text_username,
      saveInto: ri!cdt_candidateDetails.text_username,
      required: true
    ),
    #&quot;SYSTEM_SYSRULES_textField&quot;(
      label: &quot;Email ID&quot;,
      value: ri!cdt_candidateDetails.text_emailId,
      saveInto: ri!cdt_candidateDetails.text_emailId,
      required: true
    )
    
  },
  secondColumnContents: {
    #&quot;SYSTEM_SYSRULES_fileUploadField&quot;(
      label: &quot;Profile Picture&quot;,
      instructions: &quot;Accpted types are &quot; &amp; joinarray(
        #&quot;_a-0000dd69-3122-8000-aae2-01ef9001ef90_5924&quot;,
        &quot;, &quot;
      ),
      value: ri!doc_profilePicture,
      saveIntol: ri!doc_profilePicture,
      target: #&quot;_a-0000dd4c-1b8d-8000-9ccd-01ef9001ef90_62247&quot;,
      validations: if(
        #&quot;3cb44a61-09f2-4f15-91e8-489ab1280ef0&quot;(
          ri!doc_profilePicture
        ),
        &quot;&quot;,
        if(
          #&quot;_a-0000dd69-3122-8000-aae2-01ef9001ef90_5907&quot;(
            ri!doc_profilePicture,
            #&quot;_a-0000dd69-3122-8000-aae2-01ef9001ef90_5924&quot;
          ),
          &quot;&quot;,
          &quot;The document you have uploaded is invalild&quot;
        )
      )
    )
  },
  buttons: #&quot;SYSTEM_SYSRULES_ButtonLayout&quot;(
    primaryButtons: {
      #&quot;SYSTEM_SYSRULES_ButtonWidgetSubmit&quot;(
        label: &quot;Create&quot;,
        style: &quot;PRIMARY&quot;,
        value: &quot;create&quot;,
        saveInto: ri!text_actionType,
        confirmMessage: &quot;Are you sure to create the this application admin acount?&quot;
      )
    },
    secondaryButtons: {
      #&quot;SYSTEM_SYSRULES_ButtonWidgetSubmit&quot;(
        label: &quot;Cancel&quot;,
        style: &quot;NORMAL&quot;,
        value: &quot;cancel&quot;,
        saveInto: ri!text_actionType,
        skipValidation: true
      )
    }
  ),
  validations: {}
)</definition>
        <namedTypedValue>
            <name>cdt_candidateDetails</name>
            <type>
                <name>IAL_Candidate</name>
                <namespace>urn:com:appian:types:IAL</namespace>
            </type>
        </namedTypedValue>
        <namedTypedValue>
            <name>doc_profilePicture</name>
            <type>
                <name>CollaborationDocument</name>
                <namespace>http://www.appian.com/ae/types/2009</namespace>
            </type>
        </namedTypedValue>
        <namedTypedValue>
            <name>text_actionType</name>
            <type>
                <name>string</name>
                <namespace>http://www.w3.org/2001/XMLSchema</namespace>
            </type>
            <value/>
        </namedTypedValue>
        <preferredEditor>interface</preferredEditor>
        <offlineEnabled>false</offlineEnabled>
    </rule>
    <roleMap public="true">
        <role allowForAll="false" inherit="true" name="readers">
            <users/>
            <groups/>
        </role>
        <role allowForAll="false" inherit="true" name="authors">
            <users/>
            <groups/>
        </role>
        <role allowForAll="false" inherit="true" name="administrators">
            <users/>
            <groups/>
        </role>
        <role allowForAll="false" inherit="false" name="denyReaders">
            <users/>
            <groups/>
        </role>
        <role allowForAll="false" inherit="false" name="denyAuthors">
            <users/>
            <groups/>
        </role>
        <role allowForAll="false" inherit="false" name="denyAdministrators">
            <users/>
            <groups/>
        </role>
    </roleMap>
    <typedValue>
        <type>
            <name>RuleTestConfig?list</name>
            <namespace>http://www.appian.com/ae/types/2009</namespace>
        </type>
        <value>
            <el>
                <a:name/>
                <a:ruleInputTestConfigs>
                    <a:value xmlns:n1="urn:com:appian:types:IAL" xmlns:xsi="http://www.w3.org/2001/XMLSchema-instance" xsi:nil="true" xsi:type="n1:IAL_Candidate"/>
                    <a:nameRef>cdt_candidateDetails</a:nameRef>
                    <a:id/>
                </a:ruleInputTestConfigs>
                <a:ruleInputTestConfigs>
                    <a:value xmlns:xsi="http://www.w3.org/2001/XMLSchema-instance" xsi:nil="true" xsi:type="a:CollaborationDocument"/>
                    <a:nameRef>doc_profilePicture</a:nameRef>
                    <a:id/>
                </a:ruleInputTestConfigs>
                <a:ruleInputTestConfigs>
                    <a:value xmlns:xsd="http://www.w3.org/2001/XMLSchema" xmlns:xsi="http://www.w3.org/2001/XMLSchema-instance" xsi:type="xsd:string"/>
                    <a:nameRef>text_actionType</a:nameRef>
                    <a:id/>
                </a:ruleInputTestConfigs>
                <a:assertions xmlns:xsi="http://www.w3.org/2001/XMLSchema-instance" xsi:nil="true"/>
            </el>
        </value>
    </typedValue>
</contentHaul>
