<?xml version="1.0" encoding="UTF-8" standalone="yes"?>
<contentHaul xmlns:a="http://www.appian.com/ae/types/2009">
    <rule>
        <name>IAL_SAIL_Form_SubmitEvaluationDetails</name>
        <uuid>_a-0000dd13-5aaa-8000-9ccd-01ef9001ef90_57020</uuid>
        <description>This form is to submit the evaluation details for a solution</description>
        <parentUuid>_a-0000dd3c-1880-8000-9ccd-01ef9001ef90_58807</parentUuid>
        <visibility>
            <advertise>false</advertise>
            <hierarchy>true</hierarchy>
            <indexable>true</indexable>
            <quota>false</quota>
            <searchable>true</searchable>
            <system>false</system>
            <unlogged>false</unlogged>
        </visibility>
        <definition>= load(
  local!submit:false,
  with(
  local!questionWeightage:
  #&quot;023fcd14-f681-44a1-9ec4-2c6efaf1650f&quot;(
    selectionColumns:{&quot;int_weightage&quot;}, 
    cdt_ialQuestion:{int_id:ri!int_questionId}, 
    pagingInfo:#&quot;_a-0000dd13-5aaa-8000-9ccd-01ef9001ef90_56189&quot;(
      int_startIndex:1, 
      int_batchSize:1, 
      text_sortField:&quot;int_id&quot;, 
      bool_isAscending:true()
    )
  ).data.int_weightage,
  #&quot;SYSTEM_SYSRULES_formLayout&quot;(
  label: &quot;Submit Evaluation&quot;,
  firstColumnContents: {
    #&quot;_a-0000dd13-5aaa-8000-9ccd-01ef9001ef90_56359&quot;(
      int_questionId: ri!int_questionId
    ),
    #&quot;_a-0000dd13-5aaa-8000-9ccd-01ef9001ef90_57023&quot;(
      int_solutionId: ri!int_solutionId
    ),
    #&quot;SYSTEM_SYSRULES_sectionLayout&quot;(
      label: &quot;Evaluation Details&quot;,
      firstColumnContents: {
        #&quot;SYSTEM_SYSRULES_integerField&quot;(
          label: &quot;Marks&quot;,
          labelPosition: &quot;ADJACENT&quot;,
          value: ri!cdt_ial_questionEvaluationDetails.int_marksGiven,
          saveInto: ri!cdt_ial_questionEvaluationDetails.int_marksGiven,
          refreshAfter: &quot;UNFOCUS&quot;,
          /*required: true,*/
          validations: {
            if(
              isnull(ri!cdt_ial_questionEvaluationDetails.int_marksGiven),
              &quot;&quot;,
              if(
                ri!cdt_ial_questionEvaluationDetails.int_marksGiven&gt;tointeger(local!questionWeightage),
                &quot;You may only give a maximum of &quot;&amp;local!questionWeightage,
                &quot;&quot;
              )
            )
          }
        ),
        #&quot;SYSTEM_SYSRULES_paragraphField&quot;(
          label: &quot;Feedback&quot;,
          /*required:true,*/
          labelPosition: &quot;ADJACENT&quot;,
          instructions: len(ri!cdt_ial_questionEvaluationDetails.text_feedback) &amp; &quot; characters&quot;,
          value: ri!cdt_ial_questionEvaluationDetails.text_feedback,
          saveInto: ri!cdt_ial_questionEvaluationDetails.text_feedback,
          refreshAfter: &quot;UNFOCUS&quot;,
          height: &quot;MEDIUM&quot;,
          validations: {
            if(len(ri!cdt_ial_questionEvaluationDetails.text_feedback) &gt; 2000,
            &quot;Feedback should be less than 2000 characters&quot;,
            &quot;&quot;
            )
          }
        )
      },
      secondColumnContents: {
        #&quot;SYSTEM_SYSRULES_textField&quot;(
          label: &quot;&quot;,
          labelPosition: &quot;ABOVE&quot;,
          saveInto: {},
          refreshAfter: &quot;UNFOCUS&quot;,
          readonly: true,
          validations: {}
        )
      }
    )
  },
  secondColumnContents: {},
  buttons: #&quot;SYSTEM_SYSRULES_ButtonLayout&quot;(
    primaryButtons: {
      #&quot;SYSTEM_SYSRULES_ButtonWidgetSubmit&quot;(
        label: &quot;Submit&quot;,
        style: &quot;PRIMARY&quot;,
        value:true,
        saveInto: {
          local!submit,
          a!save(
            ri!rejectTask,
            false
          ),
          a!save(
            ri!cancel,
            false
          ),
          a!save(
            ri!cdt_ial_questionEvaluationDetails.int_questionSolutionId,
            ri!int_solutionId
          ),
          a!save(
            ri!cdt_ial_questionEvaluationDetails.int_evaluatorId,
            tointeger(#&quot;2dd26ae8-0d81-4e52-b452-dfa365e82668&quot;(
              selectionColumns: {
                &quot;int_id&quot;
              },
              cdt_ialEvaluator: 'type!{urn:com:appian:types:IAL}IAL_Evaluator'(
                int_candidateId: #&quot;2ccad6b6-df16-4b91-b5cc-c118c46b770f&quot;(
                  selectionColumns: {
                    &quot;int_id&quot;
                  },
                  cdt_ialCandidate: 'type!{urn:com:appian:types:IAL}IAL_Candidate'(
                    text_username: loggedInUser(),
                    bool_isActive: true
                  ),
                  pagingInfo: #&quot;_a-0000dd13-5aaa-8000-9ccd-01ef9001ef90_56189&quot;(
                    int_startIndex: 1,
                    int_batchSize: 1
                  )
                ).data.int_id[1]
              ),
              pagingInfo: #&quot;_a-0000dd13-5aaa-8000-9ccd-01ef9001ef90_56189&quot;(
                int_startIndex: 1,
                int_batchSize: 1
              )
            ).data.int_id[1])
          ),
          a!save(
            ri!cdt_ial_questionEvaluationDetails.datetime_evaluationEndDate,
            now()
          ),
          a!save(
            ri!cdt_ial_questionEvaluationDetails.int_questionEvaluationStatusId,
            tointeger(#&quot;_a-0000dd13-5aaa-8000-9ccd-01ef9001ef90_56712&quot;(
              text_statusName: #&quot;_a-0000dd13-5aaa-8000-9ccd-01ef9001ef90_56433&quot;
            ).data.int_id[1])
          ),
          a!save(
            ri!cdt_ial_questionEvaluationDetails.datetime_updatedOn,
            now()
          ),
          a!save(
            ri!cdt_ial_questionEvaluationDetails.text_updatedBy,
            loggedInUser()
          )
        }
      )
    },
    secondaryButtons: {
      #&quot;SYSTEM_SYSRULES_ButtonWidgetSubmit&quot;(
        label: &quot;Cancel&quot;,
        style: &quot;NORMAL&quot;,
        value: true,
        saveInto: {
          ri!cancel,
          a!save(
            local!submit,
            false
          ),
          a!save(
            ri!rejectTask,
            false
          )
        },
        skipValidation: true
      ),
      #&quot;SYSTEM_SYSRULES_ButtonWidgetSubmit&quot;(
        label: &quot;Reject&quot;,
        style: &quot;DESTRUCTIVE&quot;,
        value: true,
        saveInto: {
          ri!rejectTask,
          a!save(
            ri!cancel,
            false
          ),
          a!save(
            local!submit,
            false
          )
        },
        skipValidation: true
      )
    }
  ),
  validations:{
    if(
      and(local!submit=true,
      #&quot;3cb44a61-09f2-4f15-91e8-489ab1280ef0&quot;(ri!cdt_ial_questionEvaluationDetails.int_marksGiven)),
      &quot;Please provide marks for the solution&quot;,
      &quot;&quot;
    )
  }
)
)
)</definition>
        <namedTypedValue>
            <name>cancel</name>
            <type>
                <name>boolean</name>
                <namespace>http://www.w3.org/2001/XMLSchema</namespace>
            </type>
        </namedTypedValue>
        <namedTypedValue>
            <name>int_questionId</name>
            <type>
                <name>int</name>
                <namespace>http://www.w3.org/2001/XMLSchema</namespace>
            </type>
        </namedTypedValue>
        <namedTypedValue>
            <name>int_solutionId</name>
            <type>
                <name>int</name>
                <namespace>http://www.w3.org/2001/XMLSchema</namespace>
            </type>
        </namedTypedValue>
        <namedTypedValue>
            <name>cdt_ial_questionEvaluationDetails</name>
            <type>
                <name>IAL_Question_Evaluation</name>
                <namespace>urn:com:appian:types:IAL</namespace>
            </type>
        </namedTypedValue>
        <namedTypedValue>
            <name>rejectTask</name>
            <type>
                <name>boolean</name>
                <namespace>http://www.w3.org/2001/XMLSchema</namespace>
            </type>
        </namedTypedValue>
        <preferredEditor>interface</preferredEditor>
        <offlineEnabled>false</offlineEnabled>
    </rule>
    <roleMap public="true">
        <role allowForAll="true" inherit="false" name="readers">
            <users/>
            <groups/>
        </role>
        <role allowForAll="true" inherit="false" name="authors">
            <users/>
            <groups/>
        </role>
        <role allowForAll="false" inherit="false" name="administrators">
            <users/>
            <groups>
                <groupUuid>_e-0000dd11-d37e-8000-9ccd-011e94011e94_425</groupUuid>
            </groups>
        </role>
        <role allowForAll="false" inherit="false" name="denyReaders">
            <users/>
            <groups/>
        </role>
        <role allowForAll="false" inherit="false" name="denyAuthors">
            <users/>
            <groups/>
        </role>
        <role allowForAll="false" inherit="false" name="denyAdministrators">
            <users/>
            <groups/>
        </role>
    </roleMap>
</contentHaul>
