<?xml version="1.0" encoding="UTF-8" standalone="yes"?>
<contentHaul xmlns:a="http://www.appian.com/ae/types/2009">
    <rule>
        <name>IAL_SAIL_Form_reactivaionConfirmation</name>
        <uuid>_a-0000dd69-3122-8000-aae2-01ef9001ef90_5988</uuid>
        <description>This will display conformation message for reactivating the user</description>
        <parentUuid>_a-0000dd3c-1880-8000-9ccd-01ef9001ef90_58807</parentUuid>
        <visibility>
            <advertise>false</advertise>
            <hierarchy>true</hierarchy>
            <indexable>true</indexable>
            <quota>false</quota>
            <searchable>true</searchable>
            <system>false</system>
            <unlogged>false</unlogged>
        </visibility>
        <definition>=#&quot;SYSTEM_SYSRULES_formLayout&quot;(
  label: &quot;Confirmation&quot;,
  firstColumnContents: {
    #&quot;SYSTEM_SYSRULES_richTextDisplayField&quot;(
      labelPosition: &quot;ADJACENT&quot;,
      value: {#&quot;SYSTEM_SYSRULES_richTextImage&quot;(
        image: #&quot;SYSTEM_SYSRULES_documentImage&quot;(
          document:  #&quot;SYSTEM_SYSRULES_iconIndicator&quot;(&quot;STATUS_OK&quot;)
        )
      ),&quot;The user got re-activated with earlier privileges &quot;
      }
    )
  },
  secondColumnContents: {},
  buttons: #&quot;SYSTEM_SYSRULES_ButtonLayout&quot;(
    primaryButtons: {
      #&quot;SYSTEM_SYSRULES_ButtonWidgetSubmit&quot;(
        label: &quot;Close&quot;,
        style: &quot;PRIMARY&quot;,
        saveInto: {}
      )
    },
    secondaryButtons: {}
  ),
  validations: {}
)</definition>
        <preferredEditor>interface</preferredEditor>
        <offlineEnabled>false</offlineEnabled>
    </rule>
    <roleMap public="true">
        <role allowForAll="true" inherit="false" name="readers">
            <users/>
            <groups/>
        </role>
        <role allowForAll="true" inherit="false" name="authors">
            <users/>
            <groups/>
        </role>
        <role allowForAll="false" inherit="false" name="administrators">
            <users/>
            <groups>
                <groupUuid>_e-0000dd11-d37e-8000-9ccd-011e94011e94_425</groupUuid>
            </groups>
        </role>
        <role allowForAll="false" inherit="false" name="denyReaders">
            <users/>
            <groups/>
        </role>
        <role allowForAll="false" inherit="false" name="denyAuthors">
            <users/>
            <groups/>
        </role>
        <role allowForAll="false" inherit="false" name="denyAdministrators">
            <users/>
            <groups/>
        </role>
    </roleMap>
</contentHaul>
