<?xml version="1.0" encoding="UTF-8" standalone="yes"?>
<contentHaul xmlns:a="http://www.appian.com/ae/types/2009">
    <rule>
        <name>IAL_SAIL_userStatistics</name>
        <uuid>_a-0000dd69-3122-8000-aae2-01ef9001ef90_6011</uuid>
        <description>This will display statistics related to logged in user</description>
        <parentUuid>_a-0000dd13-5aaa-8000-9ccd-01ef9001ef90_55728</parentUuid>
        <visibility>
            <advertise>false</advertise>
            <hierarchy>true</hierarchy>
            <indexable>true</indexable>
            <quota>false</quota>
            <searchable>true</searchable>
            <system>false</system>
            <unlogged>false</unlogged>
        </visibility>
        <definition>= load(
  local!candidateId: index(
    #&quot;2ccad6b6-df16-4b91-b5cc-c118c46b770f&quot;(
      selectionColumns: {
        &quot;int_id&quot;
      },
      cdt_ialCandidate: 'type!{urn:com:appian:types:IAL}IAL_Candidate'(
        text_username: loggedInUser()
      ),
      pagingInfo: #&quot;_a-0000dd13-5aaa-8000-9ccd-01ef9001ef90_56189&quot;(
        int_startIndex: 1,
        int_batchSize: 1
      )
    ).data,
    &quot;int_id&quot;,
    null
  ),
  local!submitedDetails: #&quot;_a-0000dd31-d216-8000-9ccd-01ef9001ef90_58561&quot;(
    selectionColumns: {
      &quot;int_weightage&quot;,
      &quot;int_evaluationScore&quot;
    },
    cdt_ialViewCandidateQuestionScore: 'type!{urn:com:appian:types:IAL}IAL_View_Candidate_Question_Score'(
      int_candidateId: local!candidateId,
      bool_isQuestionActive: true,
      text_evaluationStatus: #&quot;_a-0000dd13-5aaa-8000-9ccd-01ef9001ef90_56433&quot;
    ),
    pagingInfo: #&quot;_a-0000dd13-5aaa-8000-9ccd-01ef9001ef90_56189&quot;(
      int_startIndex: 1,
      int_batchSize: - 1
    )
  ),
  if(
    #&quot;3cb44a61-09f2-4f15-91e8-489ab1280ef0&quot;(
      local!submitedDetails.data
    ),
    {
      #&quot;SYSTEM_SYSRULES_richTextDisplayField&quot;(
        value: {
          #&quot;SYSTEM_SYSRULES_richTextImage&quot;(
            image: #&quot;SYSTEM_SYSRULES_documentImage&quot;(
              document: #&quot;SYSTEM_SYSRULES_iconIndicator&quot;(
                icon: &quot;STATUS_WARN&quot;
              )
            )
          ),
          #&quot;SYSTEM_SYSRULES_richTextItem&quot;(
            text: &quot;No statistics available for you yet&quot;
          )
        }
      )
    },
    #&quot;SYSTEM_SYSRULES_dashboardLayout&quot;(
      firstColumnContents: {
        if(
          #&quot;3cb44a61-09f2-4f15-91e8-489ab1280ef0&quot;(
            local!submitedDetails.data
          ),
          {},
          #&quot;SYSTEM_SYSRULES_sectionLayout&quot;(
            /*label: &quot;Statistics&quot;,*/
            firstColumnContents: {
              #&quot;SYSTEM_SYSRULES_pieChartField&quot;(
                label: &quot;Solutions&quot;,
                series: {
                  #&quot;SYSTEM_SYSRULES_chartSeries&quot;(
                    label: &quot;Achieved&quot;,
                    data: sum(
                      local!submitedDetails.data.int_evaluationScore
                    )
                  ),
                  #&quot;SYSTEM_SYSRULES_chartSeries&quot;(
                    label: &quot;Lost&quot;,
                    data: sum(
                      local!submitedDetails.data.int_weightage
                    ) - sum(
                      local!submitedDetails.data.int_evaluationScore
                    )
                  )
                },
                showTooltips: true
              ),
              #&quot;SYSTEM_SYSRULES_richTextDisplayField&quot;(
                value: {
                  #&quot;SYSTEM_SYSRULES_richTextBulletedList&quot;(
                    items: {
                      #&quot;SYSTEM_SYSRULES_richTextListItem&quot;(
                        text: #&quot;SYSTEM_SYSRULES_richTextItem&quot;(
                          text: &quot;Achieved&quot;,
                          style: &quot;STRONG&quot;
                        ),
                        nestedList: #&quot;SYSTEM_SYSRULES_richTextBulletedList&quot;(
                          items: {
                            #&quot;SYSTEM_SYSRULES_richTextItem&quot;(
                              text: &quot;The total no of score you achived in the submited questions&quot;
                            )
                          }
                        )
                      ),
                      #&quot;SYSTEM_SYSRULES_richTextListItem&quot;(
                        text: #&quot;SYSTEM_SYSRULES_richTextItem&quot;(
                          text: &quot;Lost&quot;,
                          style: &quot;STRONG&quot;
                        ),
                        nestedList: #&quot;SYSTEM_SYSRULES_richTextBulletedList&quot;(
                          items: {
                            #&quot;SYSTEM_SYSRULES_richTextItem&quot;(
                              text: &quot;The total no of score you lost in the submited questions&quot;
                            )
                          }
                        )
                      )
                    }
                  )
                }
              )
            },
            secondColumnContents: {
              #&quot;SYSTEM_SYSRULES_textField&quot;(
                readOnly: true
              )
            }
          )
        )
      },
      secondColumnContents: {}
    )
  )
)</definition>
        <preferredEditor>interface</preferredEditor>
        <offlineEnabled>false</offlineEnabled>
    </rule>
    <roleMap public="true">
        <role allowForAll="false" inherit="true" name="readers">
            <users/>
            <groups/>
        </role>
        <role allowForAll="false" inherit="true" name="authors">
            <users/>
            <groups/>
        </role>
        <role allowForAll="false" inherit="true" name="administrators">
            <users/>
            <groups/>
        </role>
        <role allowForAll="false" inherit="false" name="denyReaders">
            <users/>
            <groups/>
        </role>
        <role allowForAll="false" inherit="false" name="denyAuthors">
            <users/>
            <groups/>
        </role>
        <role allowForAll="false" inherit="false" name="denyAdministrators">
            <users/>
            <groups/>
        </role>
    </roleMap>
</contentHaul>
