<?xml version="1.0" encoding="UTF-8" standalone="yes"?>
<contentHaul xmlns:a="http://www.appian.com/ae/types/2009">
    <rule>
        <name>IAL_getAllTheGroupsOfAUser</name>
        <uuid>_a-0000dd4c-1b8d-8000-9ccd-01ef9001ef90_62288</uuid>
        <description>Returns all the groups in which the given user is a member</description>
        <parentUuid>_a-0000dd13-5aaa-8000-9ccd-01ef9001ef90_55727</parentUuid>
        <visibility>
            <advertise>false</advertise>
            <hierarchy>true</hierarchy>
            <indexable>true</indexable>
            <quota>false</quota>
            <searchable>true</searchable>
            <system>false</system>
            <unlogged>false</unlogged>
        </visibility>
        <definition>load(
  local!groupIds: apply(
    #&quot;_a-0000dd4c-1b8d-8000-9ccd-01ef9001ef90_62285&quot;(
      text_username: ri!text_username,
      groupId: _
    ),
    {
      #&quot;_a-0000dd13-5aaa-8000-9ccd-01ef9001ef90_55913&quot;,
      #&quot;_a-0000dd13-5aaa-8000-9ccd-01ef9001ef90_55897&quot;,
      #&quot;_a-0000dd13-5aaa-8000-9ccd-01ef9001ef90_55920&quot;
    }
  ),
  reject(
    fn!isnull,
    local!groupIds
  )
)</definition>
        <namedTypedValue>
            <name>text_username</name>
            <type>
                <name>string</name>
                <namespace>http://www.w3.org/2001/XMLSchema</namespace>
            </type>
            <value/>
        </namedTypedValue>
        <preferredEditor>legacy</preferredEditor>
        <offlineEnabled>false</offlineEnabled>
    </rule>
    <roleMap public="true">
        <role allowForAll="false" inherit="true" name="readers">
            <users/>
            <groups/>
        </role>
        <role allowForAll="false" inherit="true" name="authors">
            <users/>
            <groups/>
        </role>
        <role allowForAll="false" inherit="true" name="administrators">
            <users/>
            <groups/>
        </role>
        <role allowForAll="false" inherit="false" name="denyReaders">
            <users/>
            <groups/>
        </role>
        <role allowForAll="false" inherit="false" name="denyAuthors">
            <users/>
            <groups/>
        </role>
        <role allowForAll="false" inherit="false" name="denyAdministrators">
            <users/>
            <groups/>
        </role>
    </roleMap>
</contentHaul>
