<?xml version="1.0" encoding="UTF-8" standalone="yes"?>
<contentHaul xmlns:a="http://www.appian.com/ae/types/2009">
    <rule>
        <name>IAL_SAIL_Section_createOrUpdateTopic</name>
        <uuid>_a-0000dd3c-1880-8000-9ccd-01ef9001ef90_58800</uuid>
        <description>Renders a Section that allows to add a Topic</description>
        <parentUuid>_a-0000dd3c-1880-8000-9ccd-01ef9001ef90_58808</parentUuid>
        <visibility>
            <advertise>false</advertise>
            <hierarchy>true</hierarchy>
            <indexable>true</indexable>
            <quota>false</quota>
            <searchable>true</searchable>
            <system>false</system>
            <unlogged>false</unlogged>
        </visibility>
        <definition>#&quot;SYSTEM_SYSRULES_sectionLayout&quot;(
  label: if(
    ri!bool_isFromRelatedAction,
    &quot;Topic Details&quot;,
    &quot;&quot;
  ),
  firstColumnContents: {
    #&quot;SYSTEM_SYSRULES_textField&quot;(
      label: &quot;Name&quot;,
      required:true(),
      readOnly: false(),
      value: ri!cdt_ialTopic.text_topicName,
      saveInto: ri!cdt_ialTopic.text_topicName,
      validations: {
        if(
          #&quot;3cb44a61-09f2-4f15-91e8-489ab1280ef0&quot;(
            ri!cdt_ialTopic.text_topicName
          ),
          &quot;&quot;,
          if(
            len(
              ri!cdt_ialTopic.text_topicName
            ) &gt; 45,
            &quot;Name should not be more than 45 characters&quot;,
            &quot;&quot;
          )
        )
      }
    ),
    #&quot;SYSTEM_SYSRULES_textField&quot;(
      label: &quot;Code&quot;,
      required:true(),
      readOnly: false(),
      value: ri!cdt_ialTopic.text_topicCode,
      saveInto: ri!cdt_ialTopic.text_topicCode,
      validations: {
        if(
          #&quot;3cb44a61-09f2-4f15-91e8-489ab1280ef0&quot;(
            ri!cdt_ialTopic.text_topicCode
          ),
          &quot;&quot;,
          if(
            len(
              ri!cdt_ialTopic.text_topicCode
            ) &gt; 45,
            &quot;Code should not be more than 45 characters&quot;,
            &quot;&quot;
          )
        )
      }
    )
  },
  secondColumnContents: {
    #&quot;SYSTEM_SYSRULES_textField&quot;(
      label: &quot;&quot;,
      value: &quot;&quot;,
      readOnly: true()
    )
  }
)</definition>
        <namedTypedValue>
            <name>cdt_ialTopic</name>
            <type>
                <name>IAL_Topic_Lookup</name>
                <namespace>urn:com:appian:types:IAL</namespace>
            </type>
        </namedTypedValue>
        <namedTypedValue>
            <name>bool_isFromRelatedAction</name>
            <type>
                <name>boolean</name>
                <namespace>http://www.w3.org/2001/XMLSchema</namespace>
            </type>
        </namedTypedValue>
        <preferredEditor>interface</preferredEditor>
        <offlineEnabled>false</offlineEnabled>
    </rule>
    <roleMap public="true">
        <role allowForAll="true" inherit="false" name="readers">
            <users/>
            <groups/>
        </role>
        <role allowForAll="true" inherit="false" name="authors">
            <users/>
            <groups/>
        </role>
        <role allowForAll="false" inherit="false" name="administrators">
            <users/>
            <groups>
                <groupUuid>_e-0000dd11-d37e-8000-9ccd-011e94011e94_425</groupUuid>
            </groups>
        </role>
        <role allowForAll="false" inherit="false" name="denyReaders">
            <users/>
            <groups/>
        </role>
        <role allowForAll="false" inherit="false" name="denyAuthors">
            <users/>
            <groups/>
        </role>
        <role allowForAll="false" inherit="false" name="denyAdministrators">
            <users/>
            <groups/>
        </role>
    </roleMap>
</contentHaul>
