<?xml version="1.0" encoding="UTF-8" standalone="yes"?>
<contentHaul xmlns:a="http://www.appian.com/ae/types/2009">
    <rule>
        <name>IAL_prepareDataForEvaluatorReport</name>
        <uuid>_a-0000dd98-6750-8000-9ccd-01ef9001ef90_85404</uuid>
        <description>This is used to prepare data for evalutor report grid</description>
        <parentUuid>_a-0000dd13-5aaa-8000-9ccd-01ef9001ef90_55727</parentUuid>
        <visibility>
            <advertise>false</advertise>
            <hierarchy>true</hierarchy>
            <indexable>true</indexable>
            <quota>false</quota>
            <searchable>true</searchable>
            <system>false</system>
            <unlogged>false</unlogged>
        </visibility>
        <definition>with(
  totalEvaluatorsData: index(
    #&quot;_a-0000dd98-6750-8000-9ccd-01ef9001ef90_85194&quot;(
      ri!datetime_fromDate,
      ri!datetime_toDate
    ),
    &quot;data&quot;,
    &quot;&quot;
  ),
  totalEvaluatorsDatawithCandidateID:if(
    #&quot;3cb44a61-09f2-4f15-91e8-489ab1280ef0&quot;(
      totalEvaluatorsData
    ),
    &quot;&quot;,index(#&quot;2dd26ae8-0d81-4e52-b452-dfa365e82668&quot;(
    selectionColumns:{&quot;int_candidateId&quot;,&quot;int_id&quot;},
     pagingInfo: fn!topagingInfo(
          1,
          - 1
        ),
  
        
     queryFilters: #&quot;_a-0000dd98-6750-8000-9ccd-01ef9001ef90_85151&quot;(
          field: &quot;int_id&quot;,
          operator: &quot;in&quot;,
          value:fn!tointeger(totalEvaluatorsData.evaluatorid)
          
        )
  ),&quot;data&quot;,&quot;&quot;)),
  setdataInOrder:apply(fn!displayValue(_,index(totalEvaluatorsData,&quot;evaluatorid&quot;,&quot;&quot;),totalEvaluatorsDatawithCandidateID,{}),{index(totalEvaluatorsDatawithCandidateID,&quot;int_id&quot;,&quot;&quot;)}),
  evaluatorNames: if(
    #&quot;3cb44a61-09f2-4f15-91e8-489ab1280ef0&quot;(
      totalEvaluatorsDatawithCandidateID
    ),
    &quot;&quot;,
    index(
      #&quot;2ccad6b6-df16-4b91-b5cc-c118c46b770f&quot;(
        selectionColumns: {
          &quot;text_employeeId&quot;,&quot;text_username&quot;,&quot;text_firstName&quot;,&quot;text_lastName&quot;,&quot;text_emailId&quot;,&quot;int_id&quot;
        },
        queryFilters: #&quot;_a-0000dd98-6750-8000-9ccd-01ef9001ef90_85151&quot;(
          field: &quot;int_id&quot;,
          operator: &quot;in&quot;,
          value:fn!tointeger(setdataInOrder.int_candidateId)
          ),
        pagingInfo: fn!topagingInfo(
          1,
          - 1
        )
      ),
      &quot;data&quot;,
      &quot;'&quot;
    )
  ),
  SetEvalDataInOrder:apply(fn!displayValue(_,index(setdataInOrder,&quot;int_candidateId&quot;,&quot;&quot;),evaluatorNames,{}),{index(evaluatorNames,&quot;int_id&quot;,&quot;&quot;)}),
  evaluatorFullNames:if(
    #&quot;3cb44a61-09f2-4f15-91e8-489ab1280ef0&quot;(
      totalEvaluatorsDatawithCandidateID
    ),
    &quot;&quot;,apply(#&quot;_a-0000dda8-31d6-8000-9ccd-01ef9001ef90_88925&quot;(text_string1:_,text_string2:_),
    merge({index(SetEvalDataInOrder,&quot;text_firstName&quot;,&quot;&quot;)},{index(SetEvalDataInOrder,&quot;text_lastName&quot;,&quot;&quot;)}))
    ),
  reportData: if(
    #&quot;3cb44a61-09f2-4f15-91e8-489ab1280ef0&quot;(
      totalEvaluatorsData
    ),
    {},apply(
    #&quot;_a-0000dd98-6750-8000-9ccd-01ef9001ef90_85618&quot;,
    merge(
      index(SetEvalDataInOrder,&quot;text_employeeId&quot;,&quot;&quot;),
      apply(
        fn!tostring,
        {
          index(SetEvalDataInOrder,&quot;text_username&quot;,&quot;&quot;)
        }
      ),
      
      totalEvaluatorsData.totalvalue,
      evaluatorFullNames,
      {index(SetEvalDataInOrder,&quot;text_emailId&quot;,&quot;&quot;)}
    )
  )
  ),
reportData
)</definition>
        <namedTypedValue>
            <name>datetime_fromDate</name>
            <type>
                <name>dateTime</name>
                <namespace>http://www.w3.org/2001/XMLSchema</namespace>
            </type>
        </namedTypedValue>
        <namedTypedValue>
            <name>datetime_toDate</name>
            <type>
                <name>dateTime</name>
                <namespace>http://www.w3.org/2001/XMLSchema</namespace>
            </type>
        </namedTypedValue>
        <preferredEditor>legacy</preferredEditor>
        <offlineEnabled>false</offlineEnabled>
    </rule>
    <roleMap public="true">
        <role allowForAll="false" inherit="true" name="readers">
            <users/>
            <groups/>
        </role>
        <role allowForAll="false" inherit="true" name="authors">
            <users/>
            <groups/>
        </role>
        <role allowForAll="false" inherit="true" name="administrators">
            <users/>
            <groups/>
        </role>
        <role allowForAll="false" inherit="false" name="denyReaders">
            <users/>
            <groups/>
        </role>
        <role allowForAll="false" inherit="false" name="denyAuthors">
            <users/>
            <groups/>
        </role>
        <role allowForAll="false" inherit="false" name="denyAdministrators">
            <users/>
            <groups/>
        </role>
    </roleMap>
</contentHaul>
