<?xml version="1.0" encoding="UTF-8" standalone="yes"?>
<contentHaul xmlns:a="http://www.appian.com/ae/types/2009">
    <rule>
        <name>IAL_SAIL_Section_simpleQuestionsGrid</name>
        <uuid>_a-0000dd3c-1880-8000-9ccd-01ef9001ef90_58845</uuid>
        <description>This section will contain questions grid with sorting.</description>
        <parentUuid>_a-0000dd3c-1880-8000-9ccd-01ef9001ef90_58808</parentUuid>
        <visibility>
            <advertise>false</advertise>
            <hierarchy>true</hierarchy>
            <indexable>true</indexable>
            <quota>false</quota>
            <searchable>true</searchable>
            <system>false</system>
            <unlogged>false</unlogged>
        </visibility>
        <definition>#&quot;SYSTEM_SYSRULES_gridField&quot;(
  label: &quot;&quot;,
  labelPosition: &quot;ABOVE&quot;,
  totalCount: index(
    ri!questionsDetails,
    &quot;totalCount&quot;,
    0
  ),
  emptyGridMessage: &quot;No questions available&quot;,
  identifiers: ri!questionsDetails.identifiers,
  columns: {
    #&quot;SYSTEM_SYSRULES_gridTextColumn&quot;(
      label: &quot;Name&quot;,
      field: &quot;text_questionName&quot;,
      data: index(
        ri!questionsDetails.data,
        &quot;text_questionName&quot;,
        {}
      )
    ),
    #&quot;SYSTEM_SYSRULES_gridTextColumn&quot;(
      label: &quot;Question Code&quot;,
      field: &quot;text_questionCode&quot;,
      data: index(
        ri!questionsDetails.data,
        &quot;text_questionCode&quot;,
        {}
      )
    ),
    #&quot;SYSTEM_SYSRULES_gridTextColumn&quot;(
      label: &quot;Description&quot;,
      field: &quot;text_questionDescription&quot;,
      data: index(
        ri!questionsDetails.data,
        &quot;text_questionDescription&quot;,
        {}
      )
    ),
    #&quot;SYSTEM_SYSRULES_gridTextColumn&quot;(
      label: &quot;Category&quot;,
      field: &quot;text_categoryName&quot;,
      data: index(
        ri!questionsDetails.data,
        &quot;text_categoryName&quot;,
        {}
      )
    ),
    #&quot;SYSTEM_SYSRULES_gridTextColumn&quot;(
      label: &quot;Weightage&quot;,
      field: &quot;int_weightage&quot;,
      data: index(
        ri!questionsDetails.data,
        &quot;int_weightage&quot;,
        {}
      )
    ),
    #&quot;SYSTEM_SYSRULES_gridTextColumn&quot;(
      label: &quot;Relevance Points&quot;,
      field: &quot;int_relevancePoints&quot;,
      data: index(
        ri!questionsDetails.data,
        &quot;int_relevancePoints&quot;,
        {}
      )
    )
    ,
    #&quot;SYSTEM_SYSRULES_gridTextColumn&quot;(
      label: &quot;Complexity&quot;,
      field: &quot;text_questionComplexity&quot;,
      data: index(
        ri!questionsDetails.data,
        &quot;text_questionComplexity&quot;,
        {}
      )
    )
  },
  value: ri!pagingForQuestionsGrid,
  saveInto: {
    ri!pagingForQuestionsGrid
  },
  validations: {}
)</definition>
        <namedTypedValue>
            <name>questionsDetails</name>
            <type>
                <name>DataSubset</name>
                <namespace>http://www.appian.com/ae/types/2009</namespace>
            </type>
        </namedTypedValue>
        <namedTypedValue>
            <name>pagingForQuestionsGrid</name>
            <type>
                <name>PagingInfo</name>
                <namespace>http://www.appian.com/ae/types/2009</namespace>
            </type>
        </namedTypedValue>
        <preferredEditor>interface</preferredEditor>
        <offlineEnabled>false</offlineEnabled>
    </rule>
    <roleMap public="true">
        <role allowForAll="false" inherit="true" name="readers">
            <users/>
            <groups/>
        </role>
        <role allowForAll="false" inherit="true" name="authors">
            <users/>
            <groups/>
        </role>
        <role allowForAll="false" inherit="true" name="administrators">
            <users>
                <userUuid>poornag</userUuid>
            </users>
            <groups/>
        </role>
        <role allowForAll="false" inherit="false" name="denyReaders">
            <users/>
            <groups/>
        </role>
        <role allowForAll="false" inherit="false" name="denyAuthors">
            <users/>
            <groups/>
        </role>
        <role allowForAll="false" inherit="false" name="denyAdministrators">
            <users/>
            <groups/>
        </role>
    </roleMap>
</contentHaul>
