<?xml version="1.0" encoding="UTF-8" standalone="yes"?>
<contentHaul xmlns:a="http://www.appian.com/ae/types/2009">
    <rule>
        <name>IAL_SAIL_Section_removeUsersFromEvaluatorGroup</name>
        <uuid>_a-0000dd5e-66e2-8000-9ccd-01ef9001ef90_62493</uuid>
        <description>It renders a section to remove users from the Evaluator group</description>
        <parentUuid>_a-0000dd13-5aaa-8000-9ccd-01ef9001ef90_55728</parentUuid>
        <visibility>
            <advertise>false</advertise>
            <hierarchy>true</hierarchy>
            <indexable>true</indexable>
            <quota>false</quota>
            <searchable>true</searchable>
            <system>false</system>
            <unlogged>false</unlogged>
        </visibility>
        <definition>with(
  #&quot;SYSTEM_SYSRULES_sectionLayout&quot;(
    label: &quot;Add Users to Evaluator Group&quot;,
    firstColumnContents: {
      #&quot;SYSTEM_SYSRULES_pickerFieldUsers&quot;(
        label: &quot;Select Users&quot;,
        required:true,
        labelPosition: &quot;ABOVE&quot;,
        groupFilter: #&quot;_a-0000dd13-5aaa-8000-9ccd-01ef9001ef90_55920&quot;,
        value: ri!user_selectedUsers,
        saveInto: {
          a!save(
            ri!user_selectedUsers,
            union(
              save!value,
              save!value
            )
          )
        }
      )
    },
    secondColumnContents: {
      #&quot;SYSTEM_SYSRULES_textField&quot;(
        value: &quot;&quot;,
        readOnly: true()
      )
    }
  )
)</definition>
        <namedTypedValue>
            <name>user_selectedUsers</name>
            <type>
                <name>User?list</name>
                <namespace>http://www.appian.com/ae/types/2009</namespace>
            </type>
        </namedTypedValue>
        <preferredEditor>interface</preferredEditor>
        <offlineEnabled>false</offlineEnabled>
    </rule>
    <roleMap public="true">
        <role allowForAll="false" inherit="true" name="readers">
            <users/>
            <groups/>
        </role>
        <role allowForAll="false" inherit="true" name="authors">
            <users/>
            <groups/>
        </role>
        <role allowForAll="false" inherit="true" name="administrators">
            <users/>
            <groups/>
        </role>
        <role allowForAll="false" inherit="false" name="denyReaders">
            <users/>
            <groups/>
        </role>
        <role allowForAll="false" inherit="false" name="denyAuthors">
            <users/>
            <groups/>
        </role>
        <role allowForAll="false" inherit="false" name="denyAdministrators">
            <users/>
            <groups/>
        </role>
    </roleMap>
</contentHaul>
