<?xml version="1.0" encoding="UTF-8" standalone="yes"?>
<contentHaul xmlns:a="http://www.appian.com/ae/types/2009">
    <rule>
        <name>IAL_SAIL_Section_createOrUpdateOrDeactivateUser</name>
        <uuid>_a-0000dd4c-1b8d-8000-9ccd-01ef9001ef90_62244</uuid>
        <description>It renders a section with User details that can be added, updated or deactivated with respect to the IAL application</description>
        <parentUuid>_a-0000dd3c-1880-8000-9ccd-01ef9001ef90_58808</parentUuid>
        <visibility>
            <advertise>false</advertise>
            <hierarchy>true</hierarchy>
            <indexable>true</indexable>
            <quota>false</quota>
            <searchable>true</searchable>
            <system>false</system>
            <unlogged>false</unlogged>
        </visibility>
        <definition>#&quot;SYSTEM_SYSRULES_sectionLayout&quot;(
  label: if(
    or(
      ri!bool_isCalledFromDeactivate,
      ri!bool_isCalledFromUpdate
    ),
    &quot;&quot;,
    &quot;Candidate Details&quot;
  ),
  firstColumnContents: {
    #&quot;SYSTEM_SYSRULES_textField&quot;(
      label: &quot;Employee Id&quot;,
      labelPosition: if(
        ri!bool_isCalledFromDeactivate,
        &quot;ADJACENT&quot;,
        &quot;ABOVE&quot;
      ),
      value: ri!cdt_candidateDetails.text_employeeId,
      saveInto: ri!cdt_candidateDetails.text_employeeId,
      required: if(
        or(
          #&quot;3cb44a61-09f2-4f15-91e8-489ab1280ef0&quot;(
            ri!bool_isCalledFromDeactivate
          ),
          ri!bool_isCalledFromDeactivate
        ),
        false(),
        true()
      ),
      readOnly: ri!bool_isCalledFromDeactivate,
      validations: {
        if(
          #&quot;3cb44a61-09f2-4f15-91e8-489ab1280ef0&quot;(
            ri!cdt_candidateDetails.text_employeeId
          ),
          &quot;&quot;,
          if(
            len(
              ri!cdt_candidateDetails.text_employeeId
            ) &lt; 3,
            &quot;Employee Id should contain at least 3 characters&quot;,
            if(
              len(
                ri!cdt_candidateDetails.text_employeeId
              ) &gt; 10,
              &quot;Employee Id may contain only 10 characters at max&quot;,
              &quot;&quot;
            )
          )
        )
      }
    ),
    #&quot;SYSTEM_SYSRULES_textField&quot;(
      label: &quot;First Name&quot;,
      labelPosition: if(
        ri!bool_isCalledFromDeactivate,
        &quot;ADJACENT&quot;,
        &quot;ABOVE&quot;
      ),
      value: ri!cdt_candidateDetails.text_firstName,
      saveInto: {
        a!save(
          ri!cdt_candidateDetails.text_firstName,
          proper(
            save!value
          )
        )
      },
      required: if(
        or(
          #&quot;3cb44a61-09f2-4f15-91e8-489ab1280ef0&quot;(
            ri!bool_isCalledFromDeactivate
          ),
          ri!bool_isCalledFromDeactivate
        ),
        false(),
        true()
      ),
      readOnly: ri!bool_isCalledFromDeactivate,
      validations: {
        if(
          #&quot;3cb44a61-09f2-4f15-91e8-489ab1280ef0&quot;(
            ri!cdt_candidateDetails.text_firstName
          ),
          &quot;&quot;,
          if(
            len(
              ri!cdt_candidateDetails.text_firstName
            ) &gt; 45,
            &quot;First Name may contain only 45 characters at max&quot;,
            &quot;&quot;
          )
        )
      }
    ),
    #&quot;SYSTEM_SYSRULES_textField&quot;(
      label: &quot;Last Name&quot;,
      labelPosition: if(
        ri!bool_isCalledFromDeactivate,
        &quot;ADJACENT&quot;,
        &quot;ABOVE&quot;
      ),
      value: ri!cdt_candidateDetails.text_lastName,
      saveInto: {
        a!save(
          ri!cdt_candidateDetails.text_lastName,
          proper(
            save!value
          )
        )
      },
      required: if(
        or(
          #&quot;3cb44a61-09f2-4f15-91e8-489ab1280ef0&quot;(
            ri!bool_isCalledFromDeactivate
          ),
          ri!bool_isCalledFromDeactivate
        ),
        false(),
        true()
      ),
      readOnly: ri!bool_isCalledFromDeactivate,
      validations: {
        if(
          #&quot;3cb44a61-09f2-4f15-91e8-489ab1280ef0&quot;(
            ri!cdt_candidateDetails.text_lastName
          ),
          &quot;&quot;,
          if(
            len(
              ri!cdt_candidateDetails.text_lastName
            ) &gt; 45,
            &quot;Last Name may contain only 45 characters at max&quot;,
            &quot;&quot;
          )
        )
      }
    ),
    #&quot;SYSTEM_SYSRULES_textField&quot;(
      label: &quot;Email Id&quot;,
      labelPosition: if(
        ri!bool_isCalledFromDeactivate,
        &quot;ADJACENT&quot;,
        &quot;ABOVE&quot;
      ),
      instructions: if(
        ri!bool_isCalledFromDeactivate,
        &quot;&quot;,
        &quot;Please provide just the user name. Domain name - @incessanttechnologies.com - will be added automatically. Except Underscore (_) any other special charcater will be stripped.&quot;
      ),
      value: if(
        ri!bool_isCalledFromUpdate,
        split(
          ri!cdt_candidateDetails.text_emailId,
          &quot;@&quot;
        )[1],
        ri!cdt_candidateDetails.text_emailId
      ),
      saveInto: {
        a!save(
          ri!cdt_candidateDetails.text_emailId,
          split(
            lower(
              stripwith(
                save!value,
                &quot;!#$%&amp;*(){}[]':;^&lt;,&gt;.-+=&quot;
              )
            ),
            &quot;@&quot;
          )[1]
        )
      },
      required: if(
        or(
          #&quot;3cb44a61-09f2-4f15-91e8-489ab1280ef0&quot;(
            ri!bool_isCalledFromDeactivate
          ),
          ri!bool_isCalledFromDeactivate
        ),
        false(),
        true()
      ),
      readOnly: ri!bool_isCalledFromDeactivate,
      validations: {
        if(
          ri!bool_isCalledFromDeactivate,
          &quot;&quot;,
        if(
          #&quot;3cb44a61-09f2-4f15-91e8-489ab1280ef0&quot;(
            ri!cdt_candidateDetails.text_emailId
          ),
          &quot;&quot;,
          if(
            like(
              ri!cdt_candidateDetails.text_emailId,
              &quot;_*&quot;
            ),
            &quot;Email Id should not start with an underscore&quot;,
            if(
              len(
                ri!cdt_candidateDetails.text_emailId
              ) &gt; 100,
              &quot;Email Id may contain only 100 characters at max&quot;,
              &quot;&quot;
            )
          )
        )
        )
      }
    ),
    #&quot;SYSTEM_SYSRULES_textField&quot;(
      label: &quot;User Name&quot;,
      labelPosition: if(
        ri!bool_isCalledFromDeactivate,
        &quot;ADJACENT&quot;,
        &quot;ABOVE&quot;
      ),
      value: ri!cdt_candidateDetails.text_username,
      saveInto: ri!cdt_candidateDetails.text_username,
      required: if(
        or(
          #&quot;3cb44a61-09f2-4f15-91e8-489ab1280ef0&quot;(
            ri!bool_isCalledFromDeactivate
          ),
          ri!bool_isCalledFromDeactivate,
          ri!bool_isCalledFromUpdate
        ),
        false(),
        true()
      ),
      readOnly: or(
        ri!bool_isCalledFromDeactivate,
        ri!bool_isCalledFromUpdate
      ),
      validations: {
        if(
          or(
            ri!bool_isCalledFromDeactivate,
            ri!bool_isCalledFromUpdate
          ),
          &quot;&quot;,
          if(
            #&quot;3cb44a61-09f2-4f15-91e8-489ab1280ef0&quot;(
              ri!cdt_candidateDetails.text_username
            ),
            &quot;&quot;,
            if(
              len(
                ri!cdt_candidateDetails.text_username
              ) &lt; 4,
              &quot;User Name should contain at least 4 characters&quot;,
              if(
                len(
                  ri!cdt_candidateDetails.text_username
                ) &gt; 25,
                &quot;User Name may contain only 25 characters at max&quot;,
                if(
                  isusernametaken(
                    ri!cdt_candidateDetails.text_username
                  ),
                  &quot;User Name already exists&quot;,
                  &quot;&quot;
                )
              )
            )
          )
        )
      }
    )
  },
  secondColumnContents: {
    if(
      or(
        ri!bool_isCalledFromDeactivate,
        ri!bool_isCalledFromUpdate
      ),
      {
        #&quot;SYSTEM_SYSRULES_imageField&quot;(
          label: if(
            ri!bool_isCalledFromDeactivate,
            &quot;&quot;,
            &quot;Profile Picture&quot;
          ),
          labelPosition: if(
            ri!bool_isCalledFromDeactivate,
            &quot;ADJACENT&quot;,
            &quot;ABOVE&quot;
          ),
          instructions: if(
            #&quot;3cb44a61-09f2-4f15-91e8-489ab1280ef0&quot;(
              ri!cdt_candidateDetails.int_profilePicDocId
            ),
            &quot;No Picture Uploaded&quot;,
            &quot;&quot;
          ),
          images: if(
            or(
              #&quot;3cb44a61-09f2-4f15-91e8-489ab1280ef0&quot;(
                ri!cdt_candidateDetails.int_profilePicDocId
              ),
              isobjectexists(
                &quot;Document&quot;,
                ri!cdt_candidateDetails.int_profilePicDocId
              ) = false()
            ),
            {},
            {
              #&quot;SYSTEM_SYSRULES_documentImage&quot;(
                document: ri!cdt_candidateDetails.int_profilePicDocId,
                altText: &quot;No Profile Picture Available&quot;
              )
            }
          ),
          size: &quot;SMALL&quot;
        )
      },
      {
        #&quot;SYSTEM_SYSRULES_fileUploadField&quot;(
          label: &quot;Profile Picture&quot;,
          instructions: &quot;only &quot; &amp; joinarray(
            #&quot;_a-0000dd69-3122-8000-aae2-01ef9001ef90_5924&quot;,
            &quot;,&quot;
          ) &amp; &quot; are allowed&quot;,
          target: #&quot;_a-0000dd4c-1b8d-8000-9ccd-01ef9001ef90_62247&quot;,
          documentName: ri!cdt_candidateDetails.text_employeeId &amp; &quot;_Profile Picture&quot;,
          documentDescription: ri!cdt_candidateDetails.text_employeeId &amp; &quot;_Profile Picture&quot;,
          value: ri!doc_userProfilePicture,
          saveInto: ri!doc_userProfilePicture,
          required: false,
          validations: if(
            #&quot;3cb44a61-09f2-4f15-91e8-489ab1280ef0&quot;(
              ri!doc_userProfilePicture
            ),
            &quot;&quot;,
            if(
              #&quot;_a-0000dd69-3122-8000-aae2-01ef9001ef90_5907&quot;(
                ri!doc_userProfilePicture,
                #&quot;_a-0000dd69-3122-8000-aae2-01ef9001ef90_5924&quot;
              ),
              &quot;&quot;,
              &quot;The document you have uploaded is invalild&quot;
            )
          )
        )
      }
    ),
    #&quot;SYSTEM_SYSRULES_radioButtonField&quot;(
      label: &quot;Type&quot;,
      helpTooltip: &quot;Please select appropriate type of Candidate&quot;,
      choiceLabels: {
        &quot;Candidate&quot;,
        &quot;Evaluator&quot;,
        &quot;Administrator&quot;
      },
      choiceValues: {
        &quot;Candidate&quot;,
        &quot;Evaluator&quot;,
        &quot;Administrator&quot;
      },
      value: ri!text_typeOfUser,
      saveInto: {
        ri!text_typeOfUser,
        a!save(
          ri!cdt_candidateDetails.bool_isAdministrator,
          if(
            ri!text_typeOfUser = #&quot;_a-0000dd69-3122-8000-aae2-01ef9001ef90_5875&quot;,
            true(),
            false()
          )
        ),
        a!save(
          ri!cdt_candidateDetails.bool_isEvaluator,
          if(
            ri!text_typeOfUser = #&quot;_a-0000dd69-3122-8000-aae2-01ef9001ef90_5874&quot;,
            true(),
            false()
          )
        )
      },
      required: if(
        or(
          #&quot;3cb44a61-09f2-4f15-91e8-489ab1280ef0&quot;(
            ri!bool_isCalledFromDeactivate
          ),
          ri!bool_isCalledFromDeactivate
        ),
        false(),
        true()
      ),
      disabled: ri!bool_isCalledFromDeactivate
    )
  }
)</definition>
        <namedTypedValue>
            <name>bool_isCalledFromUpdate</name>
            <type>
                <name>boolean</name>
                <namespace>http://www.w3.org/2001/XMLSchema</namespace>
            </type>
        </namedTypedValue>
        <namedTypedValue>
            <name>bool_isCalledFromDeactivate</name>
            <type>
                <name>boolean</name>
                <namespace>http://www.w3.org/2001/XMLSchema</namespace>
            </type>
        </namedTypedValue>
        <namedTypedValue>
            <name>cdt_candidateDetails</name>
            <type>
                <name>IAL_Candidate</name>
                <namespace>urn:com:appian:types:IAL</namespace>
            </type>
        </namedTypedValue>
        <namedTypedValue>
            <name>doc_userProfilePicture</name>
            <type>
                <name>CollaborationDocument</name>
                <namespace>http://www.appian.com/ae/types/2009</namespace>
            </type>
        </namedTypedValue>
        <namedTypedValue>
            <name>text_docValidationMsg</name>
            <type>
                <name>string</name>
                <namespace>http://www.w3.org/2001/XMLSchema</namespace>
            </type>
            <value/>
        </namedTypedValue>
        <namedTypedValue>
            <name>text_typeOfUser</name>
            <type>
                <name>string</name>
                <namespace>http://www.w3.org/2001/XMLSchema</namespace>
            </type>
            <value/>
        </namedTypedValue>
        <preferredEditor>interface</preferredEditor>
        <offlineEnabled>false</offlineEnabled>
    </rule>
    <roleMap public="true">
        <role allowForAll="true" inherit="false" name="readers">
            <users/>
            <groups/>
        </role>
        <role allowForAll="true" inherit="false" name="authors">
            <users/>
            <groups/>
        </role>
        <role allowForAll="false" inherit="false" name="administrators">
            <users/>
            <groups>
                <groupUuid>_e-0000dd11-d37e-8000-9ccd-011e94011e94_425</groupUuid>
            </groups>
        </role>
        <role allowForAll="false" inherit="false" name="denyReaders">
            <users/>
            <groups/>
        </role>
        <role allowForAll="false" inherit="false" name="denyAuthors">
            <users/>
            <groups/>
        </role>
        <role allowForAll="false" inherit="false" name="denyAdministrators">
            <users/>
            <groups/>
        </role>
    </roleMap>
</contentHaul>
