<?xml version="1.0" encoding="UTF-8" standalone="yes"?>
<contentHaul xmlns:a="http://www.appian.com/ae/types/2009">
    <rule>
        <name>IAL_SAIL_Section_questionDetailsReadOnly</name>
        <uuid>_a-0000dd13-5aaa-8000-9ccd-01ef9001ef90_56359</uuid>
        <description>Refers to the section of read only details Question</description>
        <parentUuid>_a-0000dd3c-1880-8000-9ccd-01ef9001ef90_58808</parentUuid>
        <visibility>
            <advertise>false</advertise>
            <hierarchy>true</hierarchy>
            <indexable>true</indexable>
            <quota>false</quota>
            <searchable>true</searchable>
            <system>false</system>
            <unlogged>false</unlogged>
        </visibility>
        <definition>load(
  local!pagingInfo: #&quot;_a-0000dd13-5aaa-8000-9ccd-01ef9001ef90_56189&quot;(
    int_startIndex: 1,
    int_batchSize: 1
  ),
  local!questionDetails: #&quot;023fcd14-f681-44a1-9ec4-2c6efaf1650f&quot;(
    cdt_ialQuestion: {
      int_id: ri!int_questionId
    },
    pagingInfo: local!pagingInfo
  ),
  local!topicDetails: if(
    or(
      #&quot;3cb44a61-09f2-4f15-91e8-489ab1280ef0&quot;(
        local!questionDetails.data
      ),
      #&quot;3cb44a61-09f2-4f15-91e8-489ab1280ef0&quot;(
        index(
          local!questionDetails.data,
          &quot;int_topicId&quot;,
          null
        )
      )
    ),
    null,
    #&quot;35d301d2-8ed6-4d1d-b1e5-de135dd393d1&quot;(
      selectionColumns: {
        &quot;text_topicName&quot;
      },
      cdt_ialTopic: {
        int_id: index(
          local!questionDetails.data,
          &quot;int_topicId&quot;,
          null
        )
      },
      pagingInfo: local!pagingInfo
    )
  ),
  local!categoryDetails: if(
    or(
      #&quot;3cb44a61-09f2-4f15-91e8-489ab1280ef0&quot;(
        local!questionDetails
      ),
      #&quot;3cb44a61-09f2-4f15-91e8-489ab1280ef0&quot;(
        index(
          local!questionDetails.data,
          &quot;int_categoryId&quot;,
          null
        )
      )
    ),
    null,
    #&quot;6eb1ba97-ac38-4a80-938b-9327e78e60ff&quot;(
      selectionColumns: {
        &quot;text_categoryName&quot;
      },
      cdt_ialCategory: {
        int_id: index(
          local!questionDetails.data,
          &quot;int_categoryId&quot;,
          null
        )
      },
      pagingInfo: local!pagingInfo
    )
  ),
  local!questionComplexityDetails: if(
    or(
      #&quot;3cb44a61-09f2-4f15-91e8-489ab1280ef0&quot;(
        local!questionDetails
      ),
      #&quot;3cb44a61-09f2-4f15-91e8-489ab1280ef0&quot;(
        index(
          local!questionDetails.data,
          &quot;int_questionComplexityId&quot;,
          null
        )
      )
    ),
    null,
    #&quot;c7b8b551-ade8-4113-9fc7-5f3c9ea2449d&quot;(
      selectionColumns: {
        &quot;text_statusName&quot;
      },
      cdt_ialStatus: {
        int_id: index(
          local!questionDetails.data,
          &quot;int_questionComplexityId&quot;,
          null
        )
      },
      pagingInfo: local!pagingInfo
    )
  ),
  {
  #&quot;SYSTEM_SYSRULES_sectionLayout&quot;(
    label: &quot;&quot;,
    firstColumnContents: {
      #&quot;SYSTEM_SYSRULES_textField&quot;(
        label: #&quot;_a-0000dd13-5aaa-8000-9ccd-01ef9001ef90_56327&quot;,
        labelPosition: &quot;ADJACENT&quot;,
        readOnly: true(),
        value: index(
          local!questionDetails.data,
          &quot;text_questionCode&quot;,
          {}
        )
      ),
      #&quot;SYSTEM_SYSRULES_linkField&quot;(
        label: #&quot;_a-0000dd13-5aaa-8000-9ccd-01ef9001ef90_56332&quot;,
        labelPosition: &quot;ADJACENT&quot;,
        links: {
          #&quot;SYSTEM_SYSRULES_recordLink&quot;(
            label: index(
              local!categoryDetails.data,
              &quot;text_categoryName&quot;,
              {}
            ),
            recordType: #&quot;_a-0000dd13-5aaa-8000-9ccd-01ef9001ef90_56372&quot;,
            identifier: index(
              local!questionDetails.data,
              &quot;int_categoryId&quot;,
              null
            )
          )
        }
      ),
      #&quot;SYSTEM_SYSRULES_textField&quot;(
        label: #&quot;_a-0000dd13-5aaa-8000-9ccd-01ef9001ef90_56352&quot;,
        labelPosition: &quot;ADJACENT&quot;,
        readOnly: true(),
        value: index(
          local!questionComplexityDetails.data,
          &quot;text_statusName&quot;,
          {}
        )
      ),
      #&quot;SYSTEM_SYSRULES_linkField&quot;(
        label: #&quot;_a-0000dd13-5aaa-8000-9ccd-01ef9001ef90_56329&quot;,
        labelPosition: &quot;ADJACENT&quot;,
        links: {
          #&quot;SYSTEM_SYSRULES_documentDownloadLink&quot;(
            document: todocument(
              index(
                local!questionDetails.data,
                &quot;int_questionDocumetId&quot;,
                {}
              )
            ),
            label: index(
              local!questionDetails.data,
              &quot;text_questionDocumentName&quot;,
              {}
            )
          )
        }
      )
    },
    secondColumnContents: {
      #&quot;SYSTEM_SYSRULES_paragraphField&quot;(
        label: #&quot;_a-0000dd13-5aaa-8000-9ccd-01ef9001ef90_56252&quot;,
        labelPosition: &quot;ADJACENT&quot;,
        readOnly: true(),
        value: index(
          local!questionDetails.data,
          &quot;text_questionDescription&quot;,
          {}
        ),
        heught: &quot;SHORT&quot;
      ),
      #&quot;SYSTEM_SYSRULES_textField&quot;(
        label: #&quot;_a-0000dd13-5aaa-8000-9ccd-01ef9001ef90_56365&quot;,
        labelPosition: &quot;ADJACENT&quot;,
        readOnly: true(),
        value: index(
          local!topicDetails.data,
          &quot;text_topicName&quot;,
          {}
        )
      ),
      #&quot;SYSTEM_SYSRULES_textField&quot;(
        label: #&quot;_a-0000dd13-5aaa-8000-9ccd-01ef9001ef90_56353&quot;,
        labelPosition: &quot;ADJACENT&quot;,
        readOnly: true(),
        value: index(
          local!questionDetails.data,
          &quot;int_weightage&quot;,
          {}
        )
      ),
      #&quot;SYSTEM_SYSRULES_textField&quot;(
        label: #&quot;_a-0000dd13-5aaa-8000-9ccd-01ef9001ef90_56355&quot;,
        labelPosition: &quot;ADJACENT&quot;,
        readOnly: true(),
        value: index(
          local!questionDetails.data,
          &quot;int_relevancePoints&quot;,
          {}
        )
      )
    }
  ),
  if(
    isusermemberofgroup(loggedInUser(),#&quot;_a-0000dd13-5aaa-8000-9ccd-01ef9001ef90_55913&quot;),
    {},
    {
      
    }
  )
  }
)</definition>
        <namedTypedValue>
            <name>int_questionId</name>
            <type>
                <name>int</name>
                <namespace>http://www.w3.org/2001/XMLSchema</namespace>
            </type>
        </namedTypedValue>
        <preferredEditor>interface</preferredEditor>
        <offlineEnabled>false</offlineEnabled>
    </rule>
    <roleMap public="true">
        <role allowForAll="true" inherit="false" name="readers">
            <users/>
            <groups/>
        </role>
        <role allowForAll="true" inherit="false" name="authors">
            <users/>
            <groups/>
        </role>
        <role allowForAll="false" inherit="false" name="administrators">
            <users/>
            <groups>
                <groupUuid>_e-0000dd11-d37e-8000-9ccd-011e94011e94_425</groupUuid>
            </groups>
        </role>
        <role allowForAll="false" inherit="false" name="denyReaders">
            <users/>
            <groups/>
        </role>
        <role allowForAll="false" inherit="false" name="denyAuthors">
            <users/>
            <groups/>
        </role>
        <role allowForAll="false" inherit="false" name="denyAdministrators">
            <users/>
            <groups/>
        </role>
    </roleMap>
</contentHaul>
