<?xml version="1.0" encoding="UTF-8" standalone="yes"?>
<contentHaul xmlns:a="http://www.appian.com/ae/types/2009">
    <rule>
        <name>IAL_getDynamicCategoryFiltersForQuestionsRecord</name>
        <uuid>_a-0000dd13-5aaa-8000-9ccd-01ef9001ef90_56796</uuid>
        <description>Refers to a list of Dynamic Filters on Category for Questions Record</description>
        <parentUuid>_a-0000dd13-5aaa-8000-9ccd-01ef9001ef90_55727</parentUuid>
        <visibility>
            <advertise>false</advertise>
            <hierarchy>true</hierarchy>
            <indexable>true</indexable>
            <quota>false</quota>
            <searchable>true</searchable>
            <system>false</system>
            <unlogged>false</unlogged>
        </visibility>
        <definition>with(
  local!categoryDetails: #&quot;6eb1ba97-ac38-4a80-938b-9327e78e60ff&quot;(
    selectionColumns: {
      &quot;int_id&quot;,
      &quot;text_categoryName&quot;
    },
    cdt_ialCategory: {
      bool_isActive: true()
    },
    pagingInfo: #&quot;_a-0000dd13-5aaa-8000-9ccd-01ef9001ef90_56189&quot;(
      int_startIndex: 1,
      int_batchSize: - 1,
      text_sortField: &quot;int_id&quot;,
      bool_isAscending: true()
    )
  ),
  #&quot;SYSTEM_SYSRULES_facet&quot;(
    name: #&quot;_a-0000dd13-5aaa-8000-9ccd-01ef9001ef90_56332&quot;,
    options: if(
      local!categoryDetails.totalCount = 0,
      {},
      {
        apply(
          #&quot;_a-0000dd13-5aaa-8000-9ccd-01ef9001ef90_56808&quot;(
            int_filterId: _,
            text_filterName: _,
            text_filterField: &quot;int_categoryId&quot;,
            any_filterValue: _
          ),
          merge(
            {
              index(
                local!categoryDetails.data,
                &quot;int_id&quot;,
                {}
              )
            },
            {
              index(
                local!categoryDetails.data,
                &quot;text_categoryName&quot;,
                {}
              )
            },
            {
              index(
                local!categoryDetails.data,
                &quot;int_id&quot;,
                {}
              )
            }
          )
        )
      }
    )
  )
)</definition>
        <preferredEditor>legacy</preferredEditor>
        <offlineEnabled>false</offlineEnabled>
    </rule>
    <roleMap public="true">
        <role allowForAll="false" inherit="true" name="readers">
            <users/>
            <groups/>
        </role>
        <role allowForAll="false" inherit="true" name="authors">
            <users/>
            <groups/>
        </role>
        <role allowForAll="false" inherit="true" name="administrators">
            <users/>
            <groups/>
        </role>
        <role allowForAll="false" inherit="false" name="denyReaders">
            <users/>
            <groups/>
        </role>
        <role allowForAll="false" inherit="false" name="denyAuthors">
            <users/>
            <groups/>
        </role>
        <role allowForAll="false" inherit="false" name="denyAdministrators">
            <users/>
            <groups/>
        </role>
    </roleMap>
</contentHaul>
