<?xml version="1.0" encoding="UTF-8" standalone="yes"?>
<contentHaul xmlns:a="http://www.appian.com/ae/types/2009">
    <rule>
        <name>IAL_SAIL_Section_prerequisiteQuestionDetails</name>
        <uuid>_a-0000dd28-5c84-8000-9ccd-01ef9001ef90_57446</uuid>
        <description>Refers to the interface of a grid of prerequisite question details to the given question id</description>
        <parentUuid>_a-0000dd3c-1880-8000-9ccd-01ef9001ef90_58808</parentUuid>
        <visibility>
            <advertise>false</advertise>
            <hierarchy>true</hierarchy>
            <indexable>true</indexable>
            <quota>false</quota>
            <searchable>true</searchable>
            <system>false</system>
            <unlogged>false</unlogged>
        </visibility>
        <definition>load(
  local!prerequisiteQuestionDetails: if(
    #&quot;3cb44a61-09f2-4f15-91e8-489ab1280ef0&quot;(
      ri!int_questionId
    ),
    null,
    #&quot;1d43f463-2ac5-405b-b729-b6eb2125c480&quot;(
      selectionColumns: {
        &quot;int_id&quot;,
        &quot;int_prerequisiteQuestionId&quot;,
        &quot;bool_isMandatoryPrerequisite&quot;
      },
      cdt_ialPrerequisiteQuestion: {
        bool_isActive: true()
      },
      pagingInfo: #&quot;_a-0000dd13-5aaa-8000-9ccd-01ef9001ef90_56189&quot;(
        int_startIndex: 1,
        int_batchSize: -1,
        text_sortField: &quot;int_id&quot;,
        bool_isAscending: true()
      )
    )
  ),
  local!gridPagingInfo: #&quot;_a-0000dd13-5aaa-8000-9ccd-01ef9001ef90_56189&quot;(
    int_startIndex: 1,
    int_batchSize: 5,
    text_sortField: &quot;int_id&quot;,
    bool_isAscending: true()
  ),
  with(
    local!datasubset: todatasubset(
      if(
        #&quot;3cb44a61-09f2-4f15-91e8-489ab1280ef0&quot;(
          local!prerequisiteQuestionDetails
        ),
        null,
        index(
          local!prerequisiteQuestionDetails,
          &quot;data&quot;,
          {}
        )
      ),
      local!gridPagingInfo
    ),
    {
      #&quot;SYSTEM_SYSRULES_sectionLayout&quot;(
        label: #&quot;_a-0000dd28-5c84-8000-9ccd-01ef9001ef90_57477&quot;,
        firstColumnContents: {
          #&quot;SYSTEM_SYSRULES_gridField&quot;(
            label: &quot;&quot;,
            columns: {
              /*a!gridTextColumn(*/
              /*  label,*/
              /*  field,*/
              /*  data:,*/
              /*  alignment:&quot;CENTER&quot;,*/
              /*  links*/
              /*)*/
              
            },
            totalCount: index(
              local!datasubset,
              &quot;totalCount&quot;,
              0
            ),
            value: local!gridPagingInfo,
            saveInto: local!gridPagingInfo,
            emptyGridMessage: &quot;No Prerequisite Questions Available&quot;
          )
        }
      )
    }
  )
)</definition>
        <namedTypedValue>
            <name>int_questionId</name>
            <type>
                <name>int</name>
                <namespace>http://www.w3.org/2001/XMLSchema</namespace>
            </type>
        </namedTypedValue>
        <preferredEditor>interface</preferredEditor>
        <offlineEnabled>false</offlineEnabled>
    </rule>
    <roleMap public="true">
        <role allowForAll="true" inherit="false" name="readers">
            <users/>
            <groups/>
        </role>
        <role allowForAll="true" inherit="false" name="authors">
            <users/>
            <groups/>
        </role>
        <role allowForAll="false" inherit="false" name="administrators">
            <users/>
            <groups>
                <groupUuid>_e-0000dd11-d37e-8000-9ccd-011e94011e94_425</groupUuid>
            </groups>
        </role>
        <role allowForAll="false" inherit="false" name="denyReaders">
            <users/>
            <groups/>
        </role>
        <role allowForAll="false" inherit="false" name="denyAuthors">
            <users/>
            <groups/>
        </role>
        <role allowForAll="false" inherit="false" name="denyAdministrators">
            <users/>
            <groups/>
        </role>
    </roleMap>
</contentHaul>
