<?xml version="1.0" encoding="UTF-8" standalone="yes"?>
<contentHaul xmlns:a="http://www.appian.com/ae/types/2009">
    <rule>
        <name>IAL_SAIL_Section_QuestionsGrid_New</name>
        <uuid>_a-0000dd13-5aaa-8000-9ccd-01ef9001ef90_56214</uuid>
        <description>This section will contain questions grid field with selections and sorting related to questions.</description>
        <parentUuid>_a-0000dd3c-1880-8000-9ccd-01ef9001ef90_58808</parentUuid>
        <visibility>
            <advertise>false</advertise>
            <hierarchy>true</hierarchy>
            <indexable>true</indexable>
            <quota>false</quota>
            <searchable>true</searchable>
            <system>false</system>
            <unlogged>false</unlogged>
        </visibility>
        <definition>#&quot;SYSTEM_SYSRULES_gridField&quot;(
  label: &quot;&quot;,
  labelPosition: &quot;ABOVE&quot;,
  totalCount: index(
    ri!questionsDetails,
    &quot;totalCount&quot;,
    0
  ),
  emptyGridMessage: &quot;No questions available&quot;,
  identifiers: ri!questionsDetails.identifiers,
  columns: {
    #&quot;SYSTEM_SYSRULES_gridTextColumn&quot;(
      label: &quot;Name&quot;,
      field: &quot;text_questionName&quot;,
      data: index(
        ri!questionsDetails.data,
        &quot;text_questionName&quot;,
        {}
      ),
      links: apply(
        #&quot;SYSTEM_SYSRULES_recordLink&quot;(
          recordType: #&quot;_a-0000dd13-5aaa-8000-9ccd-01ef9001ef90_55775&quot;,
          identifier: _
        ),
        index(
          ri!questionsDetails.data,
          &quot;int_questionId&quot;,
          {}
        )
      )
    ),
    #&quot;SYSTEM_SYSRULES_gridTextColumn&quot;(
      label: &quot;Description&quot;,
      field: &quot;text_questionDescription&quot;,
      data: index(
        ri!questionsDetails.data,
        &quot;text_questionDescription&quot;,
        {}
      )
    ),
    if(
      ri!bool_isFromCategoryDashboard,
      {},
      #&quot;SYSTEM_SYSRULES_gridTextColumn&quot;(
        label: &quot;Category&quot;,
        field: &quot;text_categoryName&quot;,
        data: index(
          ri!questionsDetails.data,
          &quot;text_categoryName&quot;,
          {}
        )
      )
    ),
    #&quot;SYSTEM_SYSRULES_gridTextColumn&quot;(
      label: &quot;Weightage&quot;,
      field: &quot;int_weightage&quot;,
      data: index(
        ri!questionsDetails.data,
        &quot;int_weightage&quot;,
        {}
      )
    ),
    #&quot;SYSTEM_SYSRULES_gridTextColumn&quot;(
      label: &quot;Relevance Points&quot;,
      field: &quot;int_relevancePoints&quot;,
      data: index(
        ri!questionsDetails.data,
        &quot;int_relevancePoints&quot;,
        {}
      )
    ),
    #&quot;SYSTEM_SYSRULES_gridTextColumn&quot;(
      label: &quot;Documents&quot;,
      field: &quot;text_questionDocumentName&quot;,
      data: index(
        ri!questionsDetails.data,
        &quot;text_questionDocumentName&quot;,
        {}
      ),
      links: apply(
        #&quot;SYSTEM_SYSRULES_documentDownloadLink&quot;(
          document: _
        ),
        index(
          ri!questionsDetails.data,
          &quot;int_questionDocumetId&quot;,
          {}
        )
      )
    ),
    #&quot;SYSTEM_SYSRULES_gridTextColumn&quot;(
      label: &quot;Complexity&quot;,
      field: &quot;text_questionStatus&quot;,
      data: index(
        ri!questionsDetails.data,
        &quot;text_questionStatus&quot;,
        {}
      )
    ),
    #&quot;SYSTEM_SYSRULES_gridTextColumn&quot;(
      label: &quot;Topic&quot;,
      field: &quot;text_topicName&quot;,
      data: index(
        ri!questionsDetails.data,
        &quot;text_topicName&quot;,
        {}
      )
    ),
    if(
      ri!bool_isFromCategoryDashboard,
      {},
      {
        #&quot;SYSTEM_SYSRULES_gridTextColumn&quot;(
          label: &quot;Solution Status&quot;,
          field: &quot;text_questionSolutionStatus&quot;,
          data: index(
            ri!questionsDetails.data,
            &quot;text_questionSolutionStatus&quot;,
            {}
          )
        ),
        #&quot;SYSTEM_SYSRULES_gridTextColumn&quot;(
          label: &quot;Score Achieved&quot;,
          field: &quot;int_evaluationScore&quot;,
          data: index(
            ri!questionsDetails.data,
            &quot;int_evaluationScore&quot;,
            {}
          )
        ),
        #&quot;SYSTEM_SYSRULES_gridTextColumn&quot;(
          label: &quot;EvaluationStatus&quot;,
          field: &quot;text_evaluationStatus&quot;,
          data: index(
            ri!questionsDetails.data,
            &quot;text_evaluationStatus&quot;,
            {}
          )
        )
      }
    )
  },
  selection: ri!bool_showSelection,
  value: if(
    ri!bool_showSelection = true(),
    ri!gridSelectionDetails,
    ri!pagingForQuestionsGrid
  ),
  saveInto: {
    if(
      ri!bool_showSelection = true(),
      ri!gridSelectionDetails,
      ri!pagingForQuestionsGrid
    )
  },
  validations: {}
)</definition>
        <namedTypedValue>
            <name>questionsDetails</name>
            <type>
                <name>DataSubset</name>
                <namespace>http://www.appian.com/ae/types/2009</namespace>
            </type>
        </namedTypedValue>
        <namedTypedValue>
            <name>pagingForQuestionsGrid</name>
            <type>
                <name>PagingInfo</name>
                <namespace>http://www.appian.com/ae/types/2009</namespace>
            </type>
        </namedTypedValue>
        <namedTypedValue>
            <name>bool_showSelection</name>
            <type>
                <name>boolean</name>
                <namespace>http://www.w3.org/2001/XMLSchema</namespace>
            </type>
        </namedTypedValue>
        <namedTypedValue>
            <name>gridSelectionDetails</name>
            <type>
                <name>GridSelection</name>
                <namespace>http://www.appian.com/ae/types/2009</namespace>
            </type>
        </namedTypedValue>
        <namedTypedValue>
            <name>bool_isFromCategoryDashboard</name>
            <type>
                <name>boolean</name>
                <namespace>http://www.w3.org/2001/XMLSchema</namespace>
            </type>
        </namedTypedValue>
        <preferredEditor>interface</preferredEditor>
        <offlineEnabled>false</offlineEnabled>
    </rule>
    <roleMap public="true">
        <role allowForAll="true" inherit="false" name="readers">
            <users/>
            <groups/>
        </role>
        <role allowForAll="true" inherit="false" name="authors">
            <users/>
            <groups/>
        </role>
        <role allowForAll="false" inherit="false" name="administrators">
            <users/>
            <groups>
                <groupUuid>_e-0000dd11-d37e-8000-9ccd-011e94011e94_425</groupUuid>
            </groups>
        </role>
        <role allowForAll="false" inherit="false" name="denyReaders">
            <users/>
            <groups/>
        </role>
        <role allowForAll="false" inherit="false" name="denyAuthors">
            <users/>
            <groups/>
        </role>
        <role allowForAll="false" inherit="false" name="denyAdministrators">
            <users/>
            <groups/>
        </role>
    </roleMap>
</contentHaul>
