<?xml version="1.0" encoding="UTF-8" standalone="yes"?>
<contentHaul xmlns:a="http://www.appian.com/ae/types/2009">
    <rule>
        <name>IAL_getQuestionCodeForQuestion</name>
        <uuid>_a-0000dd2d-fe61-8000-9ccd-01ef9001ef90_58481</uuid>
        <description>This rule will return the question code for a question based on the topic code and latest question ID</description>
        <parentUuid>_a-0000dd13-5aaa-8000-9ccd-01ef9001ef90_55727</parentUuid>
        <visibility>
            <advertise>false</advertise>
            <hierarchy>true</hierarchy>
            <indexable>true</indexable>
            <quota>false</quota>
            <searchable>true</searchable>
            <system>false</system>
            <unlogged>false</unlogged>
        </visibility>
        <definition>with(
  local!getlatestquestionID:if(and(ri!text_actionType=#&quot;_a-0000dd28-5c84-8000-9ccd-01ef9001ef90_58024&quot;[2],fn!not(#&quot;3cb44a61-09f2-4f15-91e8-489ab1280ef0&quot;(ri!int_questionID))),ri!int_questionID,#&quot;87ad3d70-33bb-48ff-8892-6c90b7bb47a3&quot;()),
  local!checkNullsForQuestionID:if(#&quot;3cb44a61-09f2-4f15-91e8-489ab1280ef0&quot;(local!getlatestquestionID),1,fn!tointeger(local!getlatestquestionID)+1),
  local!getCodeForQuestion:#&quot;_a-0000dd2d-fe61-8000-9ccd-01ef9001ef90_58484&quot;&amp;&quot;-&quot;&amp;ri!text_topicCode&amp;&quot;-&quot;&amp;local!checkNullsForQuestionID,
  local!getCodeForQuestion
)</definition>
        <namedTypedValue>
            <name>text_topicCode</name>
            <type>
                <name>string</name>
                <namespace>http://www.w3.org/2001/XMLSchema</namespace>
            </type>
            <value/>
        </namedTypedValue>
        <namedTypedValue>
            <name>text_actionType</name>
            <type>
                <name>string</name>
                <namespace>http://www.w3.org/2001/XMLSchema</namespace>
            </type>
            <value/>
        </namedTypedValue>
        <namedTypedValue>
            <name>int_questionID</name>
            <type>
                <name>int</name>
                <namespace>http://www.w3.org/2001/XMLSchema</namespace>
            </type>
        </namedTypedValue>
        <preferredEditor>legacy</preferredEditor>
        <offlineEnabled>false</offlineEnabled>
    </rule>
    <roleMap public="true">
        <role allowForAll="false" inherit="true" name="readers">
            <users/>
            <groups/>
        </role>
        <role allowForAll="false" inherit="true" name="authors">
            <users/>
            <groups/>
        </role>
        <role allowForAll="false" inherit="true" name="administrators">
            <users/>
            <groups/>
        </role>
        <role allowForAll="false" inherit="false" name="denyReaders">
            <users/>
            <groups/>
        </role>
        <role allowForAll="false" inherit="false" name="denyAuthors">
            <users/>
            <groups/>
        </role>
        <role allowForAll="false" inherit="false" name="denyAdministrators">
            <users/>
            <groups/>
        </role>
    </roleMap>
</contentHaul>
