<?xml version="1.0" encoding="UTF-8" standalone="yes"?>
<contentHaul xmlns:a="http://www.appian.com/ae/types/2009">
    <rule>
        <name>IAL_SAIL_Section_candidateProfile</name>
        <uuid>_a-0000dd13-5aaa-8000-9ccd-01ef9001ef90_56424</uuid>
        <description>Refers to the interface of Candidate IAL Profile</description>
        <parentUuid>_a-0000dd3c-1880-8000-9ccd-01ef9001ef90_58808</parentUuid>
        <visibility>
            <advertise>false</advertise>
            <hierarchy>true</hierarchy>
            <indexable>true</indexable>
            <quota>false</quota>
            <searchable>true</searchable>
            <system>false</system>
            <unlogged>false</unlogged>
        </visibility>
        <definition>load(
  local!employeeFullName,
  local!appianExperience,
  local!employeeImage,
  local!candidateDesignation,
  with(
    #&quot;SYSTEM_SYSRULES_sectionLayout&quot;(
      label: #&quot;_a-0000dd13-5aaa-8000-9ccd-01ef9001ef90_56426&quot;,
      firstColumnContents: {
        #&quot;SYSTEM_SYSRULES_textField&quot;(
          label: #&quot;_a-0000dd13-5aaa-8000-9ccd-01ef9001ef90_56251&quot;,
          labelPosition: &quot;ADJACENT&quot;,
          value: #&quot;_a-0000dd13-5aaa-8000-9ccd-01ef9001ef90_55778&quot;(
            username: loggedInUser()
          ),
          readOnly: true()
        ),
        #&quot;SYSTEM_SYSRULES_textField&quot;(
          label: #&quot;_a-0000dd13-5aaa-8000-9ccd-01ef9001ef90_56437&quot;,
          labelPosition: &quot;ADJACENT&quot;,
          value: 5,
          readOnly: true()
        )
      },
      secondColumnContents: {
        #&quot;SYSTEM_SYSRULES_textField&quot;(
          label: #&quot;_a-0000dd13-5aaa-8000-9ccd-01ef9001ef90_56427&quot;,
          labelPosition: &quot;ADJACENT&quot;,
          value: &quot;SSE&quot;,
          readOnly: true()
        ),
        #&quot;SYSTEM_SYSRULES_textField&quot;(
          label: #&quot;_a-0000dd13-5aaa-8000-9ccd-01ef9001ef90_56438&quot;,
          labelPosition: &quot;ADJACENT&quot;,
          value: 120,
          readOnly: true()
        )
      }
    )
  )
)</definition>
        <preferredEditor>interface</preferredEditor>
        <offlineEnabled>false</offlineEnabled>
    </rule>
    <roleMap public="true">
        <role allowForAll="true" inherit="false" name="readers">
            <users/>
            <groups/>
        </role>
        <role allowForAll="true" inherit="false" name="authors">
            <users/>
            <groups/>
        </role>
        <role allowForAll="false" inherit="false" name="administrators">
            <users/>
            <groups>
                <groupUuid>_e-0000dd11-d37e-8000-9ccd-011e94011e94_425</groupUuid>
            </groups>
        </role>
        <role allowForAll="false" inherit="false" name="denyReaders">
            <users/>
            <groups/>
        </role>
        <role allowForAll="false" inherit="false" name="denyAuthors">
            <users/>
            <groups/>
        </role>
        <role allowForAll="false" inherit="false" name="denyAdministrators">
            <users/>
            <groups/>
        </role>
    </roleMap>
</contentHaul>
