<?xml version="1.0" encoding="UTF-8" standalone="yes"?>
<contentHaul xmlns:a="http://www.appian.com/ae/types/2009">
    <rule>
        <name>IAL_SAIL_Section_createOrUpdateCategory</name>
        <uuid>_a-0000dd2d-fe61-8000-9ccd-01ef9001ef90_58223</uuid>
        <description>This SAIL section is used to add or update a category for a question</description>
        <parentUuid>_a-0000dd3c-1880-8000-9ccd-01ef9001ef90_58808</parentUuid>
        <visibility>
            <advertise>false</advertise>
            <hierarchy>true</hierarchy>
            <indexable>true</indexable>
            <quota>false</quota>
            <searchable>true</searchable>
            <system>false</system>
            <unlogged>false</unlogged>
        </visibility>
        <definition>load(
  #&quot;SYSTEM_SYSRULES_sectionLayout&quot;(
    label: &quot;Category Details&quot;,
    firstColumnContents: {
      #&quot;SYSTEM_SYSRULES_textField&quot;(
        label: &quot;Name&quot;,
        labelPosition: &quot;ABOVE&quot;,
        value: ri!cdt_ialCategory.text_categoryName,
        saveInto: ri!cdt_ialCategory.text_categoryName,
        refreshafter: &quot;UNFOCUS&quot;,
        readOnly: ri!bool_isCalledFromDeactivate,
        required: if(or(isnull(ri!bool_isCalledFromDeactivate),ri!bool_isCalledFromDeactivate),false(),true()),
        /*requiredMessage: &quot;Category Name is Required&quot;,*/
        validations: if(
          fn!length(
            ri!cdt_ialCategory.text_categoryName
          ) &gt; 45,
          &quot;Please enter 45 characters for category name&quot;,
          &quot;&quot;
        )
      ),
      if(
        or(
          ri!bool_isUpdate,
          ri!bool_isCalledFromDeactivate
        ),
        {
          #&quot;SYSTEM_SYSRULES_integerField&quot;(
            label: &quot;Total Weightage&quot;,
            labelPosition: &quot;ABOVE&quot;,
            value: ri!cdt_ialCategory.int_totalWeightage,
            saveInto: ri!cdt_ialCategory.int_totalWeightage,
            refreshAfter: &quot;UNFOCUS&quot;,
            readOnly: ri!bool_isFromRelatedAction,
            /*required: true,*/
            /*requiredmessage: &quot;Total Weightage is Required&quot;,*/
            validations: {}
          )
        },
        {}
      ),
      #&quot;SYSTEM_SYSRULES_fileUploadField&quot;(
        label: &quot;Icon&quot;,
        labelPosition: &quot;ABOVE&quot;,
        instructions: &quot;only &quot; &amp; joinarray(
        #&quot;_a-0000dd69-3122-8000-aae2-01ef9001ef90_5916&quot;,
        &quot;,&quot;
      ) &amp; &quot; are allowed&quot;,
        target: #&quot;_a-0000dd2d-fe61-8000-9ccd-01ef9001ef90_58227&quot;,
        value: ri!doc_uploadedIcon,
        saveInto: ri!doc_uploadedIcon,
        disabled: ri!bool_isCalledFromDeactivate,
        validations: 
              if(
                #&quot;3cb44a61-09f2-4f15-91e8-489ab1280ef0&quot;(ri!doc_uploadedIcon),
                &quot;&quot;,if(#&quot;_a-0000dd69-3122-8000-aae2-01ef9001ef90_5907&quot;(
                ri!doc_uploadedIcon,
                #&quot;_a-0000dd69-3122-8000-aae2-01ef9001ef90_5916&quot;),
                &quot;&quot;,
                &quot;The document you have uploaded is invalild&quot;))
      ),
      #&quot;SYSTEM_SYSRULES_paragraphField&quot;(
        label: &quot;Description&quot;,
        labelPosition: &quot;ABOVE&quot;,
        value: ri!cdt_ialCategory.text_categoryDescription,
        saveInto: ri!cdt_ialCategory.text_categoryDescription,
        refreshAfter: &quot;UNFOCUS&quot;,
        readOnly: ri!bool_isCalledFromDeactivate,
        height: &quot;MEDIUM&quot;,
        required: if(or(isnull(ri!bool_isCalledFromDeactivate),ri!bool_isCalledFromDeactivate),false(),true()),
        /*requiredmessage: &quot;Category Description is Required&quot;,*/
        validations: {
          if(
            fn!length(
              ri!cdt_ialCategory.text_categoryDescription
            ) &gt; 150,
            &quot;Please enter 150 characters for category description&quot;,
            &quot;&quot;
          )
        }
      )
    },
    secondColumnContents: {
      if(
        or(
          ri!bool_isCalledFromDeactivate,
          ri!bool_isUpdate
        ),
        {
          #&quot;SYSTEM_SYSRULES_imageField&quot;(
            label: &quot;Previous Icon Preview&quot;,
            labelPosition: &quot;ABOVE&quot;,
            images: if(
              or(
                #&quot;3cb44a61-09f2-4f15-91e8-489ab1280ef0&quot;(
                  ri!cdt_ialCategory
                ),
                #&quot;3cb44a61-09f2-4f15-91e8-489ab1280ef0&quot;(
                  ri!cdt_ialCategory.int_categoryIconDocId
                )
              ),
              {},
              {
                #&quot;SYSTEM_SYSRULES_documentImage&quot;(
                  document: todocument(
                    ri!cdt_ialCategory.int_categoryIconDocId
                  ),
                  altText: ri!cdt_ialCategory.text_categoryName,
                  caption: ri!cdt_ialCategory.text_categoryName
                )
              }
            ),
            size: &quot;SMALL&quot;
          )
        },
        {
          #&quot;SYSTEM_SYSRULES_textField&quot;(
            value: &quot;&quot;,
            readOnly: true()
          )
        }
      )
    }
  )
)</definition>
        <namedTypedValue>
            <name>cdt_ialCategory</name>
            <type>
                <name>IAL_Category</name>
                <namespace>urn:com:appian:types:IAL</namespace>
            </type>
        </namedTypedValue>
        <namedTypedValue>
            <name>doc_uploadedIcon</name>
            <type>
                <name>CollaborationDocument</name>
                <namespace>http://www.appian.com/ae/types/2009</namespace>
            </type>
        </namedTypedValue>
        <namedTypedValue>
            <name>bool_isFromRelatedAction</name>
            <type>
                <name>boolean</name>
                <namespace>http://www.w3.org/2001/XMLSchema</namespace>
            </type>
        </namedTypedValue>
        <namedTypedValue>
            <name>bool_isCalledFromDeactivate</name>
            <type>
                <name>boolean</name>
                <namespace>http://www.w3.org/2001/XMLSchema</namespace>
            </type>
        </namedTypedValue>
        <namedTypedValue>
            <name>bool_isUpdate</name>
            <type>
                <name>boolean</name>
                <namespace>http://www.w3.org/2001/XMLSchema</namespace>
            </type>
        </namedTypedValue>
        <preferredEditor>interface</preferredEditor>
        <offlineEnabled>false</offlineEnabled>
    </rule>
    <roleMap public="true">
        <role allowForAll="true" inherit="false" name="readers">
            <users/>
            <groups/>
        </role>
        <role allowForAll="true" inherit="false" name="authors">
            <users/>
            <groups/>
        </role>
        <role allowForAll="false" inherit="false" name="administrators">
            <users/>
            <groups>
                <groupUuid>_e-0000dd11-d37e-8000-9ccd-011e94011e94_425</groupUuid>
            </groups>
        </role>
        <role allowForAll="false" inherit="false" name="denyReaders">
            <users/>
            <groups/>
        </role>
        <role allowForAll="false" inherit="false" name="denyAuthors">
            <users/>
            <groups/>
        </role>
        <role allowForAll="false" inherit="false" name="denyAdministrators">
            <users/>
            <groups/>
        </role>
    </roleMap>
</contentHaul>
