<?xml version="1.0" encoding="UTF-8" standalone="yes"?>
<contentHaul xmlns:a="http://www.appian.com/ae/types/2009">
    <rule>
        <name>IAL_getEvaluatorsDataFromProcess</name>
        <uuid>_a-0000dd98-6750-8000-9ccd-01ef9001ef90_87385</uuid>
        <description>This rule is used to get evaluators data from report using query process analytics</description>
        <parentUuid>_a-0000dd13-5aaa-8000-9ccd-01ef9001ef90_55727</parentUuid>
        <visibility>
            <advertise>false</advertise>
            <hierarchy>true</hierarchy>
            <indexable>true</indexable>
            <quota>false</quota>
            <searchable>true</searchable>
            <system>false</system>
            <unlogged>false</unlogged>
        </visibility>
        <definition>with(
  local!getReportData:a!queryProcessAnalytics(
    report:#&quot;_a-0000dd13-5aaa-8000-9ccd-01ef9001ef90_56657&quot;,
    contextProcessModels:#&quot;_a-0000dd13-5aaa-8000-9ccd-01ef9001ef90_56736&quot;,
    query:#&quot;SYSTEM_SYSRULES_query&quot;(
      pagingInfo:fn!topagingInfo(1,-1),
      logicalExpression:
      #&quot;SYSTEM_SYSRULES_queryLogicalExpression&quot;(
        operator:&quot;AND&quot;,
        filters :{
        #&quot;SYSTEM_SYSRULES_queryFilter&quot;(
          field:&quot;c0&quot;,
          operator:&quot;starts with&quot;,
          value:&quot;Evalute Solution For Question&quot;
        ),
        #&quot;SYSTEM_SYSRULES_queryFilter&quot;(
          field:&quot;c5&quot;,
          operator:&quot;=&quot;,
          value:1
        ),if(and(not(#&quot;3cb44a61-09f2-4f15-91e8-489ab1280ef0&quot;(ri!datetime_fromDate)),not(#&quot;3cb44a61-09f2-4f15-91e8-489ab1280ef0&quot;(ri!datetime_toDate))),
        {
          #&quot;SYSTEM_SYSRULES_queryFilter&quot;(
          field:&quot;c2&quot;,
          operator:&quot;&gt;=&quot;,
          value:ri!datetime_fromDate
        ),
        #&quot;SYSTEM_SYSRULES_queryFilter&quot;(
          field:&quot;c2&quot;,
          operator:&quot;&lt;=&quot;,
          value:ri!datetime_toDate
        )
        },
        {}
        )
        }
      )
    )
  ),
  local!acceptedUsers:index(local!getReportData.data,&quot;c8&quot;,&quot;&quot;),
   local!evaluatorIds: index(
      #&quot;2ccad6b6-df16-4b91-b5cc-c118c46b770f&quot;(
        selectionColumns: {
          &quot;text_employeeId&quot;,&quot;text_username&quot;
        },
        queryFilters: #&quot;_a-0000dd98-6750-8000-9ccd-01ef9001ef90_85151&quot;(
          field: &quot;text_username&quot;,
          operator: &quot;in&quot;,
          value: apply(
            fn!tostring,
            {
              local!acceptedUsers
            }
          )
        ),
        pagingInfo: fn!topagingInfo(
          1,
          - 1
        )
      ),
      &quot;data&quot;,
      &quot;'&quot;
    ),
  local!totalAcceptedEvaluationsPerUser:if(#&quot;3cb44a61-09f2-4f15-91e8-489ab1280ef0&quot;(local!acceptedUsers),null,#&quot;f8ec579b-ca9d-4a14-a271-6d5e5b2b3e9a&quot;(text_userNames:local!acceptedUsers)),
  local!adjustedEvaluatorsIds:if(#&quot;3cb44a61-09f2-4f15-91e8-489ab1280ef0&quot;(local!acceptedUsers),null,apply(fn!displayvalue(_,local!evaluatorIds.text_username,local!evaluatorIds,&quot;&quot;),{local!totalAcceptedEvaluationsPerUser.evaluatorName})),
  local!finalTotalAcceptedEvaluationsPerUserWithIds:if(#&quot;3cb44a61-09f2-4f15-91e8-489ab1280ef0&quot;(local!acceptedUsers),null,apply(#&quot;_a-0000dd98-6750-8000-9ccd-01ef9001ef90_85618&quot;(evaluatorID:_,evaluatorName:_,totalEvaluations:_,evaluatorFullName:_,evaluatorEmail:_),merge(local!adjustedEvaluatorsIds.text_employeeId,local!totalAcceptedEvaluationsPerUser.evaluatorName,local!totalAcceptedEvaluationsPerUser.totalEvaluations,local!totalAcceptedEvaluationsPerUser.evaluatorFullName,local!totalAcceptedEvaluationsPerUser.evaluatorEmail))),
  local!finalTotalAcceptedEvaluationsPerUserWithIds
  
)</definition>
        <namedTypedValue>
            <name>datetime_fromDate</name>
            <type>
                <name>dateTime</name>
                <namespace>http://www.w3.org/2001/XMLSchema</namespace>
            </type>
        </namedTypedValue>
        <namedTypedValue>
            <name>datetime_toDate</name>
            <type>
                <name>dateTime</name>
                <namespace>http://www.w3.org/2001/XMLSchema</namespace>
            </type>
        </namedTypedValue>
        <preferredEditor>legacy</preferredEditor>
        <offlineEnabled>false</offlineEnabled>
    </rule>
    <roleMap public="true">
        <role allowForAll="false" inherit="true" name="readers">
            <users/>
            <groups/>
        </role>
        <role allowForAll="false" inherit="true" name="authors">
            <users/>
            <groups/>
        </role>
        <role allowForAll="false" inherit="true" name="administrators">
            <users/>
            <groups/>
        </role>
        <role allowForAll="false" inherit="false" name="denyReaders">
            <users/>
            <groups/>
        </role>
        <role allowForAll="false" inherit="false" name="denyAuthors">
            <users/>
            <groups/>
        </role>
        <role allowForAll="false" inherit="false" name="denyAdministrators">
            <users/>
            <groups/>
        </role>
    </roleMap>
</contentHaul>
