<?xml version="1.0" encoding="UTF-8" standalone="yes"?>
<contentHaul xmlns:a="http://www.appian.com/ae/types/2009">
    <rule>
        <name>IAL_GetFolderId</name>
        <uuid>_a-0000dd96-1b17-8000-aae2-01ef9001ef90_7245</uuid>
        <description>This will return the folder id based on the logged in user</description>
        <parentUuid>_a-0000dd13-5aaa-8000-9ccd-01ef9001ef90_55727</parentUuid>
        <visibility>
            <advertise>false</advertise>
            <hierarchy>true</hierarchy>
            <indexable>true</indexable>
            <quota>false</quota>
            <searchable>true</searchable>
            <system>false</system>
            <unlogged>false</unlogged>
        </visibility>
        <definition>load(&#xD;
  local!candidateDetails: #&quot;2ccad6b6-df16-4b91-b5cc-c118c46b770f&quot;(&#xD;
    selectionColumns:{&quot;text_username&quot;,&quot;int_candidateKCId&quot;},&#xD;
    cdt_ialCandidate: 'type!{urn:com:appian:types:IAL}IAL_Candidate'(int_id: ri!int_candidateId),&#xD;
    pagingInfo: #&quot;_a-0000dd13-5aaa-8000-9ccd-01ef9001ef90_56189&quot;(&#xD;
      int_startIndex: 1,&#xD;
      int_batchSize: 1&#xD;
    )&#xD;
  ),&#xD;
&#xD;
findcontentbyattribute(&#xD;
  false(),&quot;Folder&quot;,&quot;name&quot;,index(local!candidateDetails.data,&quot;text_username&quot;,null),&#xD;
  toknowledgecenter(index(local!candidateDetails.data,&quot;int_candidateKCId&quot;,null)) &#xD;
))</definition>
        <namedTypedValue>
            <name>int_candidateId</name>
            <type>
                <name>int</name>
                <namespace>http://www.w3.org/2001/XMLSchema</namespace>
            </type>
        </namedTypedValue>
        <preferredEditor>legacy</preferredEditor>
        <offlineEnabled>false</offlineEnabled>
    </rule>
    <roleMap public="true">
        <role allowForAll="false" inherit="true" name="readers">
            <users/>
            <groups/>
        </role>
        <role allowForAll="false" inherit="true" name="authors">
            <users/>
            <groups/>
        </role>
        <role allowForAll="false" inherit="true" name="administrators">
            <users/>
            <groups/>
        </role>
        <role allowForAll="false" inherit="false" name="denyReaders">
            <users/>
            <groups/>
        </role>
        <role allowForAll="false" inherit="false" name="denyAuthors">
            <users/>
            <groups/>
        </role>
        <role allowForAll="false" inherit="false" name="denyAdministrators">
            <users/>
            <groups/>
        </role>
    </roleMap>
</contentHaul>
