<?xml version="1.0" encoding="UTF-8" standalone="yes"?>
<contentHaul xmlns:a="http://www.appian.com/ae/types/2009">
    <rule>
        <name>IAL_reportPageForIALAdmin</name>
        <uuid>_a-0000dda1-e144-8000-aae2-01ef9001ef90_7808</uuid>
        <description>This is the report page for IAL Admin</description>
        <parentUuid>_a-0000dd13-5aaa-8000-9ccd-01ef9001ef90_55728</parentUuid>
        <visibility>
            <advertise>false</advertise>
            <hierarchy>true</hierarchy>
            <indexable>true</indexable>
            <quota>false</quota>
            <searchable>true</searchable>
            <system>false</system>
            <unlogged>false</unlogged>
        </visibility>
        <definition>load(
  local!selectedReport:1,
  local!toDateForCandidate,
  local!fromDateForCandidate,
  local!toDateForEvaluator,
  local!fromDateForEvaluator,
  #&quot;SYSTEM_SYSRULES_formLayout&quot;(
    label:&quot;IAL Admin Reports&quot;,
    firstColumnContents: {
      #&quot;SYSTEM_SYSRULES_radioButtonField&quot;(
        label: &quot;Select a Report&quot;,
        labelPosition:&quot;ADJACENT&quot;,
        choiceLabels: {
          &quot;Candidate report&quot;,
          &quot;Evaluator report&quot;
        },
        choiceValues: {
          1,
          2
        },
        value: local!selectedReport,
        saveInto: local!selectedReport
      ),
      if(local!selectedReport=1,#&quot;_a-0000dd94-c794-8000-aae2-01ef9001ef90_6961&quot;(
        local!toDateForCandidate,
        local!fromDateForCandidate
      ),
      #&quot;_a-0000dd98-6750-8000-9ccd-01ef9001ef90_85657&quot;(datetime_toDate:local!toDateForEvaluator,
        datetime_fromDate:local!fromDateForEvaluator)
      )
    }
  )
)</definition>
        <preferredEditor>interface</preferredEditor>
        <offlineEnabled>false</offlineEnabled>
    </rule>
    <roleMap public="true">
        <role allowForAll="true" inherit="false" name="readers">
            <users/>
            <groups/>
        </role>
        <role allowForAll="false" inherit="false" name="authors">
            <users/>
            <groups/>
        </role>
        <role allowForAll="false" inherit="false" name="administrators">
            <users/>
            <groups/>
        </role>
        <role allowForAll="false" inherit="false" name="denyReaders">
            <users/>
            <groups/>
        </role>
        <role allowForAll="false" inherit="false" name="denyAuthors">
            <users/>
            <groups/>
        </role>
        <role allowForAll="false" inherit="false" name="denyAdministrators">
            <users/>
            <groups/>
        </role>
    </roleMap>
</contentHaul>
