<?xml version="1.0" encoding="UTF-8" standalone="yes"?>
<contentHaul xmlns:a="http://www.appian.com/ae/types/2009">
    <rule>
        <name>IAL_SAIL_Section_categoryGridReadOnly</name>
        <uuid>_a-0000dd13-5aaa-8000-9ccd-01ef9001ef90_56391</uuid>
        <description>Refers to the read only grid for - Category - details</description>
        <parentUuid>_a-0000dd3c-1880-8000-9ccd-01ef9001ef90_58808</parentUuid>
        <visibility>
            <advertise>false</advertise>
            <hierarchy>true</hierarchy>
            <indexable>true</indexable>
            <quota>false</quota>
            <searchable>true</searchable>
            <system>false</system>
            <unlogged>false</unlogged>
        </visibility>
        <definition>load(
  local!pagingInfo: #&quot;_a-0000dd13-5aaa-8000-9ccd-01ef9001ef90_56189&quot;(
    int_startIndex: 1,
    int_batchSize: 5
  ),
  local!candidateDetails: #&quot;2ccad6b6-df16-4b91-b5cc-c118c46b770f&quot;(
    selectionColumns: {
      &quot;int_id&quot;
    },
    cdt_ialCandidate: {
      bool_isActive: true(),
      text_username: loggedInUser()
    },
    pagingInfo: #&quot;_a-0000dd13-5aaa-8000-9ccd-01ef9001ef90_56189&quot;(
      int_startIndex: 1,
      int_batchSize: 1,
      text_sortField: &quot;int_id&quot;,
      bool_isAscending: true()
    )
  ).data,
  local!candidateCategoryDetails: if(
    #&quot;3cb44a61-09f2-4f15-91e8-489ab1280ef0&quot;(
      local!candidateDetails
    ),
    {},
    #&quot;_a-0000dd69-3122-8000-aae2-01ef9001ef90_5983&quot;(
      int_candidateId: tointeger(
          index(
            local!candidateDetails,
            &quot;int_id&quot;,
            null
          )
        )
    )
    /*rule!IAL_View_Query_Entity_getCandidateCategoryDetails(*/
    /*  selectionColumns: {},*/
    /*  cdt_ialCandidateCategory: {*/
    /*    int_candidateId: tointeger(*/
    /*      index(*/
    /*        local!candidateDetails,*/
    /*        &quot;int_id&quot;,*/
    /*        null*/
    /*      )*/
    /*    )*/
    /*  },*/
    /*  pagingInfo: rule!IAL_getPagingInfo(*/
    /*    int_startIndex: 1,*/
    /*    int_batchSize: - 1,*/
    /*    text_sortField: &quot;int_id&quot;,*/
    /*    bool_isAscending: true()*/
    /*  )*/
    /*)*/
  ),
  local!categoryDetails: #&quot;6eb1ba97-ac38-4a80-938b-9327e78e60ff&quot;(
    selectionColumns: {
      &quot;int_id&quot;,
      &quot;text_categoryName&quot;,
      &quot;text_categoryDescription&quot;,
      &quot;int_totalWeightage&quot;
    },
    pagingInfo: #&quot;_a-0000dd13-5aaa-8000-9ccd-01ef9001ef90_56189&quot;(
      int_startIndex: 1,
      int_batchSize: - 1
    )
  ),
  with(
    local!datasubset: todatasubset(
      index(
        local!candidateCategoryDetails,
        &quot;data&quot;,
        {}
      ),
      local!pagingInfo
    ),
    {
      /*a!textField(*/
      /*  value:local!candidateDetails,*/
      /*  readOnly:true()*/
      /*),*/
      #&quot;SYSTEM_SYSRULES_sectionLayout&quot;(
        label: #&quot;_a-0000dd13-5aaa-8000-9ccd-01ef9001ef90_56421&quot;,
        isCollapsible: true,
        firstColumnContents: {
          #&quot;SYSTEM_SYSRULES_gridField&quot;(
            label: &quot;&quot;,
            columns: {
              #&quot;SYSTEM_SYSRULES_gridTextColumn&quot;(
                label: #&quot;_a-0000dd13-5aaa-8000-9ccd-01ef9001ef90_56251&quot;,
                field: &quot;text_categoryName&quot;,
                data: index(
                  local!datasubset.data,
                  &quot;text_categoryName&quot;,
                  {}
                ),
                /*alignment: &quot;CENTER&quot;,*/
                links: {
                  apply(
                    #&quot;SYSTEM_SYSRULES_recordLink&quot;(
                      recordType: #&quot;_a-0000dd13-5aaa-8000-9ccd-01ef9001ef90_56372&quot;,
                      identifier: _
                    ),
                    index(
                      local!datasubset.data,
                      &quot;int_id&quot;,
                      {}
                    )
                  )
                }
              ),
              #&quot;SYSTEM_SYSRULES_gridTextColumn&quot;(
                label: &quot;Questions Submitted&quot;,
                field: &quot;text_questionsSubmitted&quot;,
                data: index(
                  local!datasubset.data,
                  &quot;text_questionsSubmitted&quot;,
                  {}
                )
                /*alignment: &quot;CENTER&quot;*/
              ),
              #&quot;SYSTEM_SYSRULES_gridTextColumn&quot;(
                label: &quot;Score Achieved&quot;,
                field: &quot;text_weightageSubmitted&quot;,
                data: index(
                  local!datasubset.data,
                  &quot;text_weightageSubmitted&quot;,
                  {}
                )
                /*,alignment: &quot;CENTER&quot;*/
              )
            },
            totalCount: index(
              local!datasubset,
              &quot;totalCount&quot;,
              0
            ),
            value: local!pagingInfo,
            saveInto: local!pagingInfo,
            identifiers: index(
              local!datasubset,
              &quot;identifiers&quot;,
              {}
            )
          )
        }
      )
    }
  )
)</definition>
        <preferredEditor>interface</preferredEditor>
        <offlineEnabled>false</offlineEnabled>
    </rule>
    <roleMap public="true">
        <role allowForAll="true" inherit="false" name="readers">
            <users/>
            <groups/>
        </role>
        <role allowForAll="true" inherit="false" name="authors">
            <users/>
            <groups/>
        </role>
        <role allowForAll="false" inherit="false" name="administrators">
            <users/>
            <groups>
                <groupUuid>_e-0000dd11-d37e-8000-9ccd-011e94011e94_425</groupUuid>
            </groups>
        </role>
        <role allowForAll="false" inherit="false" name="denyReaders">
            <users/>
            <groups/>
        </role>
        <role allowForAll="false" inherit="false" name="denyAuthors">
            <users/>
            <groups/>
        </role>
        <role allowForAll="false" inherit="false" name="denyAdministrators">
            <users/>
            <groups/>
        </role>
    </roleMap>
</contentHaul>
