<?xml version="1.0" encoding="UTF-8" standalone="yes"?>
<contentHaul xmlns:a="http://www.appian.com/ae/types/2009">
    <rule>
        <name>IAL_genarateCandidateQuestionTypeData</name>
        <uuid>_a-0000dd13-5aaa-8000-9ccd-01ef9001ef90_56680</uuid>
        <description>This will take the values for IAL_Candidate_Question type cdt and return that cdt type object with values.</description>
        <parentUuid>_a-0000dd13-5aaa-8000-9ccd-01ef9001ef90_55727</parentUuid>
        <visibility>
            <advertise>false</advertise>
            <hierarchy>true</hierarchy>
            <indexable>true</indexable>
            <quota>false</quota>
            <searchable>true</searchable>
            <system>false</system>
            <unlogged>false</unlogged>
        </visibility>
        <definition>'type!{urn:com:appian:types:IAL}IAL_Candidate_Question'(
  int_id: ri!int_id,
  int_candidateId: ri!int_candidateId,
  int_questionId: ri!int_questionId,
  int_questionStatusId: ri!int_questionStatusId,
  text_processId: ri!text_processId,
  datetime_createdOn: if(
    #&quot;3cb44a61-09f2-4f15-91e8-489ab1280ef0&quot;(ri!datetime_createdOn),
    now(),
    ri!datetime_createdOn
  ),
  text_createdBy: if(
    #&quot;3cb44a61-09f2-4f15-91e8-489ab1280ef0&quot;(ri!text_createdBy),
    loggedInUser(),
    ri!text_createdBy
  ),
  datetime_updatedOn: if(
    #&quot;3cb44a61-09f2-4f15-91e8-489ab1280ef0&quot;(ri!datetime_updatedOn),
    now(),
    ri!datetime_updatedOn
  ),
  text_updatedBy: if(
    #&quot;3cb44a61-09f2-4f15-91e8-489ab1280ef0&quot;(ri!text_updatedBy),
    loggedInUser(),
    ri!text_updatedBy
  )
)</definition>
        <namedTypedValue>
            <name>int_id</name>
            <type>
                <name>int</name>
                <namespace>http://www.w3.org/2001/XMLSchema</namespace>
            </type>
        </namedTypedValue>
        <namedTypedValue>
            <name>int_candidateId</name>
            <type>
                <name>int</name>
                <namespace>http://www.w3.org/2001/XMLSchema</namespace>
            </type>
        </namedTypedValue>
        <namedTypedValue>
            <name>int_questionId</name>
            <type>
                <name>int</name>
                <namespace>http://www.w3.org/2001/XMLSchema</namespace>
            </type>
        </namedTypedValue>
        <namedTypedValue>
            <name>int_questionStatusId</name>
            <type>
                <name>int</name>
                <namespace>http://www.w3.org/2001/XMLSchema</namespace>
            </type>
        </namedTypedValue>
        <namedTypedValue>
            <name>text_processId</name>
            <type>
                <name>string</name>
                <namespace>http://www.w3.org/2001/XMLSchema</namespace>
            </type>
            <value/>
        </namedTypedValue>
        <namedTypedValue>
            <name>datetime_createdOn</name>
            <type>
                <name>dateTime</name>
                <namespace>http://www.w3.org/2001/XMLSchema</namespace>
            </type>
        </namedTypedValue>
        <namedTypedValue>
            <name>text_createdBy</name>
            <type>
                <name>string</name>
                <namespace>http://www.w3.org/2001/XMLSchema</namespace>
            </type>
            <value/>
        </namedTypedValue>
        <namedTypedValue>
            <name>datetime_updatedOn</name>
            <type>
                <name>dateTime</name>
                <namespace>http://www.w3.org/2001/XMLSchema</namespace>
            </type>
        </namedTypedValue>
        <namedTypedValue>
            <name>text_updatedBy</name>
            <type>
                <name>string</name>
                <namespace>http://www.w3.org/2001/XMLSchema</namespace>
            </type>
            <value/>
        </namedTypedValue>
        <preferredEditor>legacy</preferredEditor>
        <offlineEnabled>false</offlineEnabled>
    </rule>
    <roleMap public="true">
        <role allowForAll="false" inherit="true" name="readers">
            <users/>
            <groups/>
        </role>
        <role allowForAll="false" inherit="true" name="authors">
            <users/>
            <groups/>
        </role>
        <role allowForAll="false" inherit="true" name="administrators">
            <users/>
            <groups/>
        </role>
        <role allowForAll="false" inherit="false" name="denyReaders">
            <users/>
            <groups/>
        </role>
        <role allowForAll="false" inherit="false" name="denyAuthors">
            <users/>
            <groups/>
        </role>
        <role allowForAll="false" inherit="false" name="denyAdministrators">
            <users/>
            <groups/>
        </role>
    </roleMap>
</contentHaul>
