<?xml version="1.0" encoding="UTF-8" standalone="yes"?>
<contentHaul xmlns:a="http://www.appian.com/ae/types/2009">
    <rule>
        <name>IAL_ExportCandidateScoreDetails</name>
        <uuid>_a-0000dd96-1b17-8000-aae2-01ef9001ef90_6983</uuid>
        <description>This will generate exportable data subset for candidate score details</description>
        <parentUuid>_a-0000dd13-5aaa-8000-9ccd-01ef9001ef90_55727</parentUuid>
        <visibility>
            <advertise>false</advertise>
            <hierarchy>true</hierarchy>
            <indexable>true</indexable>
            <quota>false</quota>
            <searchable>true</searchable>
            <system>false</system>
            <unlogged>false</unlogged>
        </visibility>
        <definition>= 'type!{urn:appian:plugin:datasubsetdownload:types}ExportableDataSubset'(
  datasubset: todatasubset(
    #&quot;804bed3a-1d9a-4ab1-8b86-e2dbc4db0cb8&quot;(split(fromhtml(ri!input),&quot;,&quot;)[1],
    split(fromhtml(ri!input),&quot;,&quot;)[2]
      /*datetime_fromDate: datetime(*/
      /*    2010,*/
      /*    9,*/
      /*    10,*/
      /*    0,*/
      /*    0,*/
      /*    0,*/
      /*    0*/
      /*  ),*/
      /*datetime_toDate: datetime(*/
      /*    2020,*/
      /*    1,*/
      /*    1,*/
      /*    0,*/
      /*    0,*/
      /*    0,*/
      /*    0*/
      /*  )*/
    )
  ),
  /*rule!IAL_QueryEntity_getCandidateScoreDetails(pagingInfo:a!pagingInfo(startIndex: 1, batchSize: -1)),*/
  fieldNames: {
    &quot;employeeId&quot;,
    &quot;fullName&quot;,
    &quot;emailId&quot;,
    &quot;totalIALQuestions&quot;,
    &quot;submitedQuestions&quot;,
    &quot;evaluatedQuestions&quot;,
    &quot;totalIALQuestionsScore&quot;,
    &quot;totalSubmittedQuestionsScore&quot;,
    &quot;achivedScore&quot;
  },
  fieldLabels: {
    &quot;Emp ID&quot;,
    &quot;Name&quot;,
    &quot;Email&quot;,
    &quot;Total Questions&quot;,
    &quot;Submited Questions&quot;,
    &quot;Questions Evaluated&quot;,
    &quot;Total Questions Score&quot;,
    &quot;Total Submitted Questions Score&quot;,
    &quot;Total Achieved Score&quot;
  },
  filename: &quot;Candidate Scores for &quot; &amp; todate(
    local(
      now(),
      &quot;IST&quot;
    )
  )
)</definition>
        <namedTypedValue>
            <name>input</name>
            <type>
                <name>string</name>
                <namespace>http://www.w3.org/2001/XMLSchema</namespace>
            </type>
            <value/>
        </namedTypedValue>
        <preferredEditor>legacy</preferredEditor>
        <offlineEnabled>false</offlineEnabled>
    </rule>
    <roleMap public="true">
        <role allowForAll="false" inherit="true" name="readers">
            <users/>
            <groups/>
        </role>
        <role allowForAll="false" inherit="true" name="authors">
            <users/>
            <groups/>
        </role>
        <role allowForAll="false" inherit="true" name="administrators">
            <users/>
            <groups/>
        </role>
        <role allowForAll="false" inherit="false" name="denyReaders">
            <users/>
            <groups/>
        </role>
        <role allowForAll="false" inherit="false" name="denyAuthors">
            <users/>
            <groups/>
        </role>
        <role allowForAll="false" inherit="false" name="denyAdministrators">
            <users/>
            <groups/>
        </role>
    </roleMap>
</contentHaul>
