<?xml version="1.0" encoding="UTF-8" standalone="yes"?>
<contentHaul xmlns:a="http://www.appian.com/ae/types/2009">
    <rule>
        <name>IAL_SAIL_Form_adminIALActions</name>
        <uuid>_a-0000dd28-5c84-8000-9ccd-01ef9001ef90_57946</uuid>
        <description>This SAIL form is used to display all the IAL actions like adding new question, adding new topic or adding new category..etc and also taking appropriate action on them.</description>
        <parentUuid>_a-0000dd13-5aaa-8000-9ccd-01ef9001ef90_55728</parentUuid>
        <visibility>
            <advertise>false</advertise>
            <hierarchy>true</hierarchy>
            <indexable>true</indexable>
            <quota>false</quota>
            <searchable>true</searchable>
            <system>false</system>
            <unlogged>false</unlogged>
        </visibility>
        <definition>= with(
  #&quot;SYSTEM_SYSRULES_formLayout&quot;(
    label: &quot;&quot;,
    instructions: &quot;&quot;,
    firstColumnContents: {
      #&quot;SYSTEM_SYSRULES_sectionLayout&quot;(
        label: &quot;Available IAL Actions&quot;,
        firstColumnContents: {
          #&quot;SYSTEM_SYSRULES_radioButtonField&quot;(
            label: &quot;Select an action&quot;,
            labelPosition: &quot;ADJACENT&quot;,
            choiceLabels: {
              &quot;Add Question&quot;,
              &quot;Add Category&quot;,
              &quot;Add Topic&quot;,
              &quot;Add Candidate&quot;,
              &quot;Add Users to Evaluator Group&quot;,
              &quot;Remove Users from Evaluator Group&quot;
            },
            choiceValues: {
              &quot;Add a Question&quot;,
              &quot;Add a Category&quot;,
              &quot;Add a Topic&quot;,
              &quot;Add a Candidate&quot;,
              &quot;Add Users to Evaluator Group&quot;,
              &quot;Remove Users from Evaluator Group&quot;
            },
            saveInto: ri!text_actionType,
            value: ri!text_actionType
          )
        }
      ),
      if(
        #&quot;3cb44a61-09f2-4f15-91e8-489ab1280ef0&quot;(
          ri!text_actionType
        ),
        {},
        if(
          ri!text_actionType = &quot;Add a Question&quot;,
          #&quot;_a-0000dd28-5c84-8000-9ccd-01ef9001ef90_57951&quot;(
            text_actionType: ri!text_actionType,
            cdt_question: ri!cdt_ialQuestion,
            bool_isReadOnly: false(),
            bool_isRequired: true(),
            doc_uploadedDoc: ri!doc_uploadQuestionDoc,
            text_labelPosition: if(
              ri!text_actionType = &quot;Add a Question&quot;,
              &quot;ABOVE&quot;,
              &quot;ADJACENT&quot;
            )
          ),
          if(
            ri!text_actionType = &quot;Add a Category&quot;,
            #&quot;_a-0000dd2d-fe61-8000-9ccd-01ef9001ef90_58223&quot;(
              cdt_ialCategory: ri!cdt_ialCategory,
              doc_uploadedIcon: ri!doc_uploadCategoryIcon,
              bool_isFromRelatedAction: true(),
              bool_isCalledFromDeactivate: false(),
              bool_isUpdate: false()
            ),
            if(
              ri!text_actionType = &quot;Add a Topic&quot;,
              #&quot;_a-0000dd3c-1880-8000-9ccd-01ef9001ef90_58800&quot;(
                cdt_ialTopic: ri!cdt_ialTopic,
                bool_isFromRelatedAction: true()
              ),
              if(
                ri!text_actionType = &quot;Add a Candidate&quot;,
                #&quot;_a-0000dd4c-1b8d-8000-9ccd-01ef9001ef90_62244&quot;(
                  bool_isCalledFromUpdate: false(),
                  bool_isCalledFromDeactivate: false(),
                  cdt_candidateDetails: ri!cdt_ialCandidate,
                  text_typeOfUser:ri!text_typeOfUser,
                  doc_userProfilePicture: ri!doc_userProfilePicture
                ),
                if(
                  ri!text_actionType = &quot;Add Users to Evaluator Group&quot;,
                  #&quot;_a-0000dd5e-66e2-8000-9ccd-01ef9001ef90_62486&quot;(
                    user_selectedUsers: ri!user_selectedUsers
                  ),
                  if(
                    ri!text_actionType = &quot;Remove Users from Evaluator Group&quot;,
                    #&quot;_a-0000dd5e-66e2-8000-9ccd-01ef9001ef90_62493&quot;(
                      user_selectedUsers: ri!user_selectedUsers
                    ),
                    {}
                  )
                )
              )
            )
          )
        )
      )
    },
    secondColumnContents: {},
    buttons: if(
      #&quot;3cb44a61-09f2-4f15-91e8-489ab1280ef0&quot;(
        ri!text_actionType
      ),
      {},
      #&quot;SYSTEM_SYSRULES_ButtonLayout&quot;(
        primaryButtons: {
          #&quot;SYSTEM_SYSRULES_ButtonWidgetSubmit&quot;(
            label: ri!text_actionType,
            value: {
              ri!text_buttonAction
            },
            style: &quot;PRIMARY&quot;,
            saveInto: {
              ri!text_buttonAction
            }
          )
        },
        secondaryButtons: {
          #&quot;SYSTEM_SYSRULES_ButtonWidget&quot;(
            label: &quot;Reset&quot;,
            style: &quot;NORMAL&quot;,
            value: &quot;Reset&quot;,
            saveInto: {
              ri!text_buttonAction,
              a!save(
                ri!cdt_ialQuestion,
                null()
              ),
              a!save(
                ri!cdt_ialCategory,
                null()
              ),
              a!save(
                ri!cdt_ialCandidate,
                null()
              ),
              a!save(
                ri!cdt_ialTopic,
                null()
              ),
              a!save(
                ri!text_actionType,
                null()
              )
            },
            skipValidation: true
          )
        }
      )
    ),
    validations: {}
  )
)</definition>
        <namedTypedValue>
            <name>text_actionType</name>
            <type>
                <name>string</name>
                <namespace>http://www.w3.org/2001/XMLSchema</namespace>
            </type>
            <value/>
        </namedTypedValue>
        <namedTypedValue>
            <name>cdt_ialQuestion</name>
            <type>
                <name>IAL_Question</name>
                <namespace>urn:com:appian:types:IAL</namespace>
            </type>
        </namedTypedValue>
        <namedTypedValue>
            <name>doc_uploadQuestionDoc</name>
            <type>
                <name>CollaborationDocument</name>
                <namespace>http://www.appian.com/ae/types/2009</namespace>
            </type>
        </namedTypedValue>
        <namedTypedValue>
            <name>text_buttonAction</name>
            <type>
                <name>string</name>
                <namespace>http://www.w3.org/2001/XMLSchema</namespace>
            </type>
            <value/>
        </namedTypedValue>
        <namedTypedValue>
            <name>cdt_ialCategory</name>
            <type>
                <name>IAL_Category</name>
                <namespace>urn:com:appian:types:IAL</namespace>
            </type>
        </namedTypedValue>
        <namedTypedValue>
            <name>doc_uploadCategoryIcon</name>
            <type>
                <name>CollaborationDocument</name>
                <namespace>http://www.appian.com/ae/types/2009</namespace>
            </type>
        </namedTypedValue>
        <namedTypedValue>
            <name>cdt_ialTopic</name>
            <type>
                <name>IAL_Topic_Lookup</name>
                <namespace>urn:com:appian:types:IAL</namespace>
            </type>
        </namedTypedValue>
        <namedTypedValue>
            <name>doc_userProfilePicture</name>
            <type>
                <name>CollaborationDocument</name>
                <namespace>http://www.appian.com/ae/types/2009</namespace>
            </type>
        </namedTypedValue>
        <namedTypedValue>
            <name>cdt_ialCandidate</name>
            <type>
                <name>IAL_Candidate</name>
                <namespace>urn:com:appian:types:IAL</namespace>
            </type>
        </namedTypedValue>
        <namedTypedValue>
            <name>user_selectedUsers</name>
            <type>
                <name>User?list</name>
                <namespace>http://www.appian.com/ae/types/2009</namespace>
            </type>
        </namedTypedValue>
        <namedTypedValue>
            <name>text_typeOfUser</name>
            <type>
                <name>string</name>
                <namespace>http://www.w3.org/2001/XMLSchema</namespace>
            </type>
            <value/>
        </namedTypedValue>
        <preferredEditor>interface</preferredEditor>
        <offlineEnabled>false</offlineEnabled>
    </rule>
    <roleMap public="true">
        <role allowForAll="false" inherit="true" name="readers">
            <users/>
            <groups/>
        </role>
        <role allowForAll="false" inherit="true" name="authors">
            <users/>
            <groups/>
        </role>
        <role allowForAll="false" inherit="true" name="administrators">
            <users/>
            <groups/>
        </role>
        <role allowForAll="false" inherit="false" name="denyReaders">
            <users/>
            <groups/>
        </role>
        <role allowForAll="false" inherit="false" name="denyAuthors">
            <users/>
            <groups/>
        </role>
        <role allowForAll="false" inherit="false" name="denyAdministrators">
            <users/>
            <groups/>
        </role>
    </roleMap>
    <typedValue>
        <type>
            <name>RuleTestConfig?list</name>
            <namespace>http://www.appian.com/ae/types/2009</namespace>
        </type>
        <value>
            <el>
                <a:name/>
                <a:ruleInputTestConfigs>
                    <a:value xmlns:xsd="http://www.w3.org/2001/XMLSchema" xmlns:xsi="http://www.w3.org/2001/XMLSchema-instance" xsi:type="xsd:string"/>
                    <a:nameRef>text_actionType</a:nameRef>
                    <a:id/>
                </a:ruleInputTestConfigs>
                <a:ruleInputTestConfigs>
                    <a:value xmlns:n1="urn:com:appian:types:IAL" xmlns:xsi="http://www.w3.org/2001/XMLSchema-instance" xsi:nil="true" xsi:type="n1:IAL_Question"/>
                    <a:nameRef>cdt_ialQuestion</a:nameRef>
                    <a:id/>
                </a:ruleInputTestConfigs>
                <a:ruleInputTestConfigs>
                    <a:value xmlns:xsi="http://www.w3.org/2001/XMLSchema-instance" xsi:nil="true" xsi:type="a:CollaborationDocument"/>
                    <a:nameRef>doc_uploadQuestionDoc</a:nameRef>
                    <a:id/>
                </a:ruleInputTestConfigs>
                <a:ruleInputTestConfigs>
                    <a:value xmlns:xsd="http://www.w3.org/2001/XMLSchema" xmlns:xsi="http://www.w3.org/2001/XMLSchema-instance" xsi:type="xsd:string"/>
                    <a:nameRef>text_buttonAction</a:nameRef>
                    <a:id/>
                </a:ruleInputTestConfigs>
                <a:ruleInputTestConfigs>
                    <a:value xmlns:n1="urn:com:appian:types:IAL" xmlns:xsi="http://www.w3.org/2001/XMLSchema-instance" xsi:nil="true" xsi:type="n1:IAL_Category"/>
                    <a:nameRef>cdt_ialCategory</a:nameRef>
                    <a:id/>
                </a:ruleInputTestConfigs>
                <a:ruleInputTestConfigs>
                    <a:value xmlns:xsi="http://www.w3.org/2001/XMLSchema-instance" xsi:nil="true" xsi:type="a:CollaborationDocument"/>
                    <a:nameRef>doc_uploadCategoryIcon</a:nameRef>
                    <a:id/>
                </a:ruleInputTestConfigs>
                <a:ruleInputTestConfigs>
                    <a:value xmlns:n1="urn:com:appian:types:IAL" xmlns:xsi="http://www.w3.org/2001/XMLSchema-instance" xsi:nil="true" xsi:type="n1:IAL_Topic_Lookup"/>
                    <a:nameRef>cdt_ialTopic</a:nameRef>
                    <a:id/>
                </a:ruleInputTestConfigs>
                <a:ruleInputTestConfigs>
                    <a:value xmlns:xsi="http://www.w3.org/2001/XMLSchema-instance" xsi:nil="true" xsi:type="a:CollaborationDocument"/>
                    <a:nameRef>doc_userProfilePicture</a:nameRef>
                    <a:id/>
                </a:ruleInputTestConfigs>
                <a:ruleInputTestConfigs>
                    <a:value xmlns:n1="urn:com:appian:types:IAL" xmlns:xsi="http://www.w3.org/2001/XMLSchema-instance" xsi:nil="true" xsi:type="n1:IAL_Candidate"/>
                    <a:nameRef>cdt_ialCandidate</a:nameRef>
                    <a:id/>
                </a:ruleInputTestConfigs>
                <a:ruleInputTestConfigs>
                    <a:nameRef>user_selectedUsers</a:nameRef>
                    <a:id/>
                </a:ruleInputTestConfigs>
                <a:ruleInputTestConfigs>
                    <a:value xmlns:xsd="http://www.w3.org/2001/XMLSchema" xmlns:xsi="http://www.w3.org/2001/XMLSchema-instance" xsi:type="xsd:string"/>
                    <a:nameRef>text_typeOfUser</a:nameRef>
                    <a:id/>
                </a:ruleInputTestConfigs>
                <a:assertions xmlns:xsi="http://www.w3.org/2001/XMLSchema-instance" xsi:nil="true"/>
            </el>
        </value>
    </typedValue>
</contentHaul>
