<?xml version="1.0" encoding="UTF-8" standalone="yes"?>
<contentHaul xmlns:a="http://www.appian.com/ae/types/2009">
    <rule>
        <name>IAL_SAIL_Form_createOrUpdateOrDeactivateUser</name>
        <uuid>_a-0000dd4c-1b8d-8000-9ccd-01ef9001ef90_62251</uuid>
        <description>Renders a form that allows to add, update or deactivate a User that relates to IAL application</description>
        <parentUuid>_a-0000dd3c-1880-8000-9ccd-01ef9001ef90_58807</parentUuid>
        <visibility>
            <advertise>false</advertise>
            <hierarchy>true</hierarchy>
            <indexable>true</indexable>
            <quota>false</quota>
            <searchable>true</searchable>
            <system>false</system>
            <unlogged>false</unlogged>
        </visibility>
        <definition>load(
  local!candidatePreviousDetails: ri!cdt_candidatePreviousDetails,
  local!candidateTaskDetails: #&quot;3f8ec4dd-7e95-4953-83b4-c15469c832ef&quot;(
    text_userName: ri!cdt_candidatePreviousDetails.text_username,
    pagingInfo: #&quot;_a-0000dd13-5aaa-8000-9ccd-01ef9001ef90_56189&quot;(
      int_startIndex: 1,
      int_batchSize: - 1,
      text_sortField: &quot;c2&quot;,
      bool_isAscending: true()
    )
  ),
  #&quot;SYSTEM_SYSRULES_formLayout&quot;(
    label: &quot;Candidate Details&quot;,
    firstColumnContents: {
      /*a!textField(*/
      /*  value:local!candidateTaskDetails,*/
      /*  readOnly:true*/
      /*),*/
      #&quot;_a-0000dd4c-1b8d-8000-9ccd-01ef9001ef90_62244&quot;(
        bool_isCalledFromUpdate: ri!bool_isCalledFromUpdate,
        bool_isCalledFromDeactivate: ri!bool_isCalledFromDeactivate,
        cdt_candidateDetails: ri!cdt_candidatePreviousDetails,
        text_typeOfUser: ri!text_typeOfUser,
        doc_userProfilePicture: ri!doc_userProfilePicture,
        text_docValidationMsg: ri!text_docValidationMsg
      ),
      if(
        and(
          or(
            ri!bool_isCalledFromDeactivate,
            ri!bool_isCalledFromUpdate
          ),
          #&quot;3cb44a61-09f2-4f15-91e8-489ab1280ef0&quot;(
            local!candidateTaskDetails.data
          )
        ),
        {
          #&quot;SYSTEM_SYSRULES_sectionLayout&quot;(
            label: &quot;Explanation&quot;,
            firstColumnContents: {
              #&quot;SYSTEM_SYSRULES_paragraphField&quot;(
                label: &quot;Comments&quot;,
                height: &quot;SHORT&quot;,
                value: ri!text_comments,
                saveInto: ri!text_comments,
                validations: {
                  if(
                    #&quot;3cb44a61-09f2-4f15-91e8-489ab1280ef0&quot;(
                      ri!text_comments
                    ),
                    &quot;&quot;,
                    if(
                      len(
                        ri!text_comments
                      ) &gt; 255,
                      &quot;Comments may contain only 255 characters&quot;,
                      &quot;&quot;
                    )
                  )
                }
              )
            }
          )
        },
        {}
      ),
      if(
        ri!bool_isCalledFromDeactivate,
        if(
          #&quot;3cb44a61-09f2-4f15-91e8-489ab1280ef0&quot;(
            local!candidateTaskDetails.data
          ),
          {},
          {
            #&quot;SYSTEM_SYSRULES_richTextDisplayField&quot;(
              label: &quot;&quot;,
              value: {
                #&quot;SYSTEM_SYSRULES_richTextImage&quot;(
                  image: #&quot;SYSTEM_SYSRULES_documentImage&quot;(
                    document: #&quot;SYSTEM_SYSRULES_iconIndicator&quot;(
                      icon: &quot;STATUS_WARN&quot;
                    )
                  )
                ),
                &quot;Please inform the user to complete all the tasks that are assigned and/or accepted&quot;
              }
            )
          }
        ),
        {}
      )
    },
    secondColumnContents: {},
    buttons: #&quot;SYSTEM_SYSRULES_ButtonLayout&quot;(
      primaryButtons: {
        if(
          and(
            ri!bool_isCalledFromDeactivate,
            not(
              #&quot;3cb44a61-09f2-4f15-91e8-489ab1280ef0&quot;(
                local!candidateTaskDetails.data
              )
            )
          ),
          #&quot;SYSTEM_SYSRULES_ButtonWidgetSubmit&quot;(
            label: #&quot;_a-0000dd3c-1880-8000-9ccd-01ef9001ef90_58834&quot;,
            value: ri!text_formAction,
            saveInto: ri!text_formAction
          ),
          #&quot;SYSTEM_SYSRULES_ButtonWidgetSubmit&quot;(
            label: if(
              ri!bool_isCalledFromDeactivate,
              #&quot;_a-0000dd3c-1880-8000-9ccd-01ef9001ef90_58829&quot;,
              if(
                ri!bool_isCalledFromUpdate,
                #&quot;_a-0000dd3c-1880-8000-9ccd-01ef9001ef90_58830&quot;,
                &quot;&quot;
              )
            ),
            style: if(
              ri!bool_isCalledFromDeactivate,
              &quot;DESTRUCTIVE&quot;,
              if(
                ri!bool_isCalledFromUpdate,
                &quot;PRIMARY&quot;,
                &quot;&quot;
              )
            ),
            value: if(
              ri!bool_isCalledFromDeactivate,
              #&quot;_a-0000dd3c-1880-8000-9ccd-01ef9001ef90_58829&quot;,
              if(
                ri!bool_isCalledFromUpdate,
                #&quot;_a-0000dd3c-1880-8000-9ccd-01ef9001ef90_58830&quot;,
                &quot;&quot;
              )
            ),
            confirmMessage: if(
              ri!bool_isCalledFromDeactivate,
              &quot;You are about to deactivate the Candidate, Are you sure to continue?&quot;,
              &quot;&quot;
            ),
            saveInto: {
              ri!text_formAction,
              a!save(
                ri!bool_cancel,
                false()
              ),
              a!save(
                ri!cdt_candidateUpdatedDetails,
                ri!cdt_candidatePreviousDetails
              )
            }
          )
        )
      },
      secondaryButtons: if(
        ri!bool_isCalledFromDeactivate,
        if(
          not(
            #&quot;3cb44a61-09f2-4f15-91e8-489ab1280ef0&quot;(
              local!candidateTaskDetails
            )
          ),
          {},
          {
            #&quot;SYSTEM_SYSRULES_ButtonWidgetSubmit&quot;(
              label: #&quot;_a-0000dd3c-1880-8000-9ccd-01ef9001ef90_58832&quot;,
              value: true,
              skipValidation: true,
              saveInto: {
                ri!bool_cancel,
                a!save(
                  ri!text_formAction,
                  #&quot;_a-0000dd3c-1880-8000-9ccd-01ef9001ef90_58832&quot;
                )
              }
            )
          }
        ),
        {
          #&quot;SYSTEM_SYSRULES_ButtonWidgetSubmit&quot;(
            label: #&quot;_a-0000dd3c-1880-8000-9ccd-01ef9001ef90_58832&quot;,
            value: true,
            skipValidation: true,
            saveInto: {
              ri!bool_cancel,
              a!save(
                ri!text_formAction,
                #&quot;_a-0000dd3c-1880-8000-9ccd-01ef9001ef90_58832&quot;
              )
            }
          )
        }
      )
    )
  )
)</definition>
        <namedTypedValue>
            <name>bool_isCalledFromUpdate</name>
            <type>
                <name>boolean</name>
                <namespace>http://www.w3.org/2001/XMLSchema</namespace>
            </type>
        </namedTypedValue>
        <namedTypedValue>
            <name>bool_isCalledFromDeactivate</name>
            <type>
                <name>boolean</name>
                <namespace>http://www.w3.org/2001/XMLSchema</namespace>
            </type>
        </namedTypedValue>
        <namedTypedValue>
            <name>text_comments</name>
            <type>
                <name>string</name>
                <namespace>http://www.w3.org/2001/XMLSchema</namespace>
            </type>
            <value/>
        </namedTypedValue>
        <namedTypedValue>
            <name>text_formAction</name>
            <type>
                <name>string</name>
                <namespace>http://www.w3.org/2001/XMLSchema</namespace>
            </type>
            <value/>
        </namedTypedValue>
        <namedTypedValue>
            <name>bool_cancel</name>
            <type>
                <name>boolean</name>
                <namespace>http://www.w3.org/2001/XMLSchema</namespace>
            </type>
        </namedTypedValue>
        <namedTypedValue>
            <name>cdt_candidatePreviousDetails</name>
            <type>
                <name>IAL_Candidate</name>
                <namespace>urn:com:appian:types:IAL</namespace>
            </type>
        </namedTypedValue>
        <namedTypedValue>
            <name>doc_userProfilePicture</name>
            <type>
                <name>CollaborationDocument</name>
                <namespace>http://www.appian.com/ae/types/2009</namespace>
            </type>
        </namedTypedValue>
        <namedTypedValue>
            <name>text_docValidationMsg</name>
            <type>
                <name>string</name>
                <namespace>http://www.w3.org/2001/XMLSchema</namespace>
            </type>
            <value/>
        </namedTypedValue>
        <namedTypedValue>
            <name>cdt_candidateUpdatedDetails</name>
            <type>
                <name>IAL_Candidate</name>
                <namespace>urn:com:appian:types:IAL</namespace>
            </type>
        </namedTypedValue>
        <namedTypedValue>
            <name>text_typeOfUser</name>
            <type>
                <name>string</name>
                <namespace>http://www.w3.org/2001/XMLSchema</namespace>
            </type>
            <value/>
        </namedTypedValue>
        <preferredEditor>interface</preferredEditor>
        <offlineEnabled>false</offlineEnabled>
    </rule>
    <roleMap public="true">
        <role allowForAll="true" inherit="false" name="readers">
            <users/>
            <groups/>
        </role>
        <role allowForAll="true" inherit="false" name="authors">
            <users/>
            <groups/>
        </role>
        <role allowForAll="false" inherit="false" name="administrators">
            <users/>
            <groups>
                <groupUuid>_e-0000dd11-d37e-8000-9ccd-011e94011e94_425</groupUuid>
            </groups>
        </role>
        <role allowForAll="false" inherit="false" name="denyReaders">
            <users/>
            <groups/>
        </role>
        <role allowForAll="false" inherit="false" name="denyAuthors">
            <users/>
            <groups/>
        </role>
        <role allowForAll="false" inherit="false" name="denyAdministrators">
            <users/>
            <groups/>
        </role>
    </roleMap>
</contentHaul>
