<?xml version="1.0" encoding="UTF-8" standalone="yes"?>
<contentHaul xmlns:a="http://www.appian.com/ae/types/2009">
    <constant>
        <name>IAL_PROCESS_MODEL_CONTEXT_FOR_USER_TASK_REPORT</name>
        <uuid>_a-0000dd13-5aaa-8000-9ccd-01ef9001ef90_56724</uuid>
        <description>Refers to the list of Process Models for the Context of User Task Report</description>
        <parentUuid>_a-0000dd13-5aaa-8000-9ccd-01ef9001ef90_56665</parentUuid>
        <visibility>
            <advertise>false</advertise>
            <hierarchy>true</hierarchy>
            <indexable>true</indexable>
            <quota>false</quota>
            <searchable>true</searchable>
            <system>false</system>
            <unlogged>false</unlogged>
        </visibility>
        <typedValue>
            <type>
                <name>ProcessModel?list</name>
                <namespace>http://www.appian.com/ae/types/2009</namespace>
            </type>
            <value>
                <el>0002dd2c-b7ee-8000-9ccd-014d98014d98</el>
                <el>0006dd77-81aa-8000-aae2-014d98014d98</el>
                <el>0002dd5f-effa-8000-9ccd-014d98014d98</el>
                <el>0002dd5f-edc7-8000-9ccd-014d98014d98</el>
                <el>0002dd5f-e49c-8000-9ccd-014d98014d98</el>
                <el>0002dd77-8f91-8000-aae2-014d98014d98</el>
                <el>0002dd57-f852-8000-9ccd-014d98014d98</el>
                <el>0002dd41-6dd0-8000-9ccd-014d98014d98</el>
                <el>0003dd44-29e3-8000-9ccd-014d98014d98</el>
                <el>0003dd44-2bf1-8000-9ccd-014d98014d98</el>
                <el>0003dd2e-0986-8000-9ccd-014d98014d98</el>
                <el>0009dd2c-f4d5-8000-9ccd-014d98014d98</el>
                <el>0003dd2f-1cdd-8000-9ccd-014d98014d98</el>
                <el>0003dd2e-0823-8000-9ccd-014d98014d98</el>
                <el>0002dd41-803b-8000-9ccd-014d98014d98</el>
                <el>000add60-1143-8000-9ccd-014d98014d98</el>
                <el>0002dd26-f61f-8000-9ccd-014d98014d98</el>
                <el>0007dd20-9b81-8000-9ccd-014d98014d98</el>
            </value>
        </typedValue>
    </constant>
    <roleMap public="true">
        <role allowForAll="false" inherit="true" name="readers">
            <users/>
            <groups/>
        </role>
        <role allowForAll="false" inherit="true" name="authors">
            <users/>
            <groups/>
        </role>
        <role allowForAll="false" inherit="true" name="administrators">
            <users/>
            <groups/>
        </role>
        <role allowForAll="false" inherit="false" name="denyReaders">
            <users/>
            <groups/>
        </role>
        <role allowForAll="false" inherit="false" name="denyAuthors">
            <users/>
            <groups/>
        </role>
        <role allowForAll="false" inherit="false" name="denyAdministrators">
            <users/>
            <groups/>
        </role>
    </roleMap>
</contentHaul>
