<?xml version="1.0" encoding="UTF-8" standalone="yes"?>
<contentHaul xmlns:a="http://www.appian.com/ae/types/2009">
    <rule>
        <name>IAL_getFiltersBasedOnSelectedRelevancePointsRange</name>
        <uuid>_a-0000dd13-5aaa-8000-9ccd-01ef9001ef90_56854</uuid>
        <description>This will return filter option based on the given range.</description>
        <parentUuid>_a-0000dd13-5aaa-8000-9ccd-01ef9001ef90_55727</parentUuid>
        <visibility>
            <advertise>false</advertise>
            <hierarchy>true</hierarchy>
            <indexable>true</indexable>
            <quota>false</quota>
            <searchable>true</searchable>
            <system>false</system>
            <unlogged>false</unlogged>
        </visibility>
        <definition>if(
  ri!range = index(#&quot;_a-0000dd13-5aaa-8000-9ccd-01ef9001ef90_56852&quot;,1,&quot;&quot;),
  #&quot;SYSTEM_SYSRULES_queryFilter&quot;(
    field: &quot;int_relevancePoints&quot;,
    operator: &quot;&lt;=&quot;,
    value:30
  ),
  if(
    ri!range = index(#&quot;_a-0000dd13-5aaa-8000-9ccd-01ef9001ef90_56852&quot;,2,&quot;&quot;),
    #&quot;SYSTEM_SYSRULES_queryFilter&quot;(
      field: &quot;int_relevancePoints&quot;,
      operator: &quot;between&quot;,
      value:{31,60}
    ),
    if(
      ri!range = index(#&quot;_a-0000dd13-5aaa-8000-9ccd-01ef9001ef90_56852&quot;,3,&quot;&quot;),
      #&quot;SYSTEM_SYSRULES_queryFilter&quot;(
        field: &quot;int_relevancePoints&quot;,
        operator: &quot;&gt;=&quot;,
        value:61
      ),
      null
    )
  )
)</definition>
        <namedTypedValue>
            <name>range</name>
            <type>
                <name>string</name>
                <namespace>http://www.w3.org/2001/XMLSchema</namespace>
            </type>
            <value/>
        </namedTypedValue>
        <preferredEditor>legacy</preferredEditor>
        <offlineEnabled>false</offlineEnabled>
    </rule>
    <roleMap public="true">
        <role allowForAll="false" inherit="true" name="readers">
            <users/>
            <groups/>
        </role>
        <role allowForAll="false" inherit="true" name="authors">
            <users/>
            <groups/>
        </role>
        <role allowForAll="false" inherit="true" name="administrators">
            <users/>
            <groups/>
        </role>
        <role allowForAll="false" inherit="false" name="denyReaders">
            <users/>
            <groups/>
        </role>
        <role allowForAll="false" inherit="false" name="denyAuthors">
            <users/>
            <groups/>
        </role>
        <role allowForAll="false" inherit="false" name="denyAdministrators">
            <users/>
            <groups/>
        </role>
    </roleMap>
</contentHaul>
