<?xml version="1.0" encoding="UTF-8" standalone="yes"?>
<contentHaul xmlns:a="http://www.appian.com/ae/types/2009">
    <rule>
        <name>IAL_commonGridForEvaluationsReport</name>
        <uuid>_a-0000dda8-31d6-8000-9ccd-01ef9001ef90_89240</uuid>
        <description>This is a common grid for evaluations</description>
        <parentUuid>_a-0000dd13-5aaa-8000-9ccd-01ef9001ef90_55728</parentUuid>
        <visibility>
            <advertise>false</advertise>
            <hierarchy>true</hierarchy>
            <indexable>true</indexable>
            <quota>false</quota>
            <searchable>true</searchable>
            <system>false</system>
            <unlogged>false</unlogged>
        </visibility>
        <definition>with(
  local!dataset: if(
    #&quot;3cb44a61-09f2-4f15-91e8-489ab1280ef0&quot;(
      index(
        ri!subset_dataSubset,
        &quot;data&quot;,
        &quot;&quot;
      )
    ),
    null,
    ri!subset_dataSubset
  ),
  #&quot;SYSTEM_SYSRULES_gridField&quot;(
    totalCount: if(
      #&quot;3cb44a61-09f2-4f15-91e8-489ab1280ef0&quot;(
        ri!cdt_data
      ),
      0,
      index(
        local!dataset,
        &quot;totalCount&quot;,
        &quot;&quot;
      )
    ),
    columns: {
      #&quot;SYSTEM_SYSRULES_gridTextColumn&quot;(
        label: &quot;Evaluator ID&quot;,
        field: &quot;evaluatorID&quot;,
        data: index(
          index(
            local!dataset,
            &quot;data&quot;,
            &quot;&quot;
          ),
          &quot;evaluatorID&quot;,
          &quot;&quot;
        )
      ),
      #&quot;SYSTEM_SYSRULES_gridTextColumn&quot;(
        label: &quot;Evaluator Name&quot;,
        field: &quot;evaluatorFullName&quot;,
        data: index(
          index(
            local!dataset,
            &quot;data&quot;,
            &quot;&quot;
          ),
          &quot;evaluatorFullName&quot;,
          &quot;&quot;
        )
      ),
      #&quot;SYSTEM_SYSRULES_gridTextColumn&quot;(
        label: &quot;Evaluator Email&quot;,
        field: &quot;evaluatorEmail&quot;,
        data: index(
          index(
            local!dataset,
            &quot;data&quot;,
            &quot;&quot;
          ),
          &quot;evaluatorEmail&quot;,
          &quot;&quot;
        )
      ),
      #&quot;SYSTEM_SYSRULES_gridTextColumn&quot;(
        label: &quot;Evaluator Username&quot;,
        field: &quot;evaluatorName&quot;,
        data: index(
          index(
            local!dataset,
            &quot;data&quot;,
            &quot;&quot;
          ),
          &quot;evaluatorName&quot;,
          &quot;&quot;
        )
      ),
      #&quot;SYSTEM_SYSRULES_gridTextColumn&quot;(
        label: &quot;Total Evaluations&quot;,
        field: &quot;totalEvaluations&quot;,
        data: index(
          index(
            local!dataset,
            &quot;data&quot;,
            &quot;&quot;
          ),
          &quot;totalEvaluations&quot;,
          &quot;&quot;
        )
      )
    },
    emptyGridMessage: &quot;No evaluators are avaialble&quot;,
    value: ri!pagingInfo_pagingInfo,
    saveInto: ri!pagingInfo_pagingInfo
  )
)</definition>
        <namedTypedValue>
            <name>subset_dataSubset</name>
            <type>
                <name>DataSubset</name>
                <namespace>http://www.appian.com/ae/types/2009</namespace>
            </type>
        </namedTypedValue>
        <namedTypedValue>
            <name>pagingInfo_pagingInfo</name>
            <type>
                <name>PagingInfo</name>
                <namespace>http://www.appian.com/ae/types/2009</namespace>
            </type>
        </namedTypedValue>
        <namedTypedValue>
            <name>cdt_data</name>
            <type>
                <name>Variant</name>
                <namespace>http://www.appian.com/ae/types/2009</namespace>
            </type>
        </namedTypedValue>
        <preferredEditor>interface</preferredEditor>
        <offlineEnabled>false</offlineEnabled>
    </rule>
    <roleMap public="true">
        <role allowForAll="false" inherit="true" name="readers">
            <users/>
            <groups/>
        </role>
        <role allowForAll="false" inherit="true" name="authors">
            <users/>
            <groups/>
        </role>
        <role allowForAll="false" inherit="true" name="administrators">
            <users/>
            <groups/>
        </role>
        <role allowForAll="false" inherit="false" name="denyReaders">
            <users/>
            <groups/>
        </role>
        <role allowForAll="false" inherit="false" name="denyAuthors">
            <users/>
            <groups/>
        </role>
        <role allowForAll="false" inherit="false" name="denyAdministrators">
            <users/>
            <groups/>
        </role>
    </roleMap>
    <typedValue>
        <type>
            <name>RuleTestConfig?list</name>
            <namespace>http://www.appian.com/ae/types/2009</namespace>
        </type>
        <value>
            <el>
                <a:name/>
                <a:ruleInputTestConfigs>
                    <a:value xmlns:xsi="http://www.w3.org/2001/XMLSchema-instance" xsi:nil="true" xsi:type="a:DataSubset"/>
                    <a:nameRef>subset_dataSubset</a:nameRef>
                    <a:id/>
                </a:ruleInputTestConfigs>
                <a:ruleInputTestConfigs>
                    <a:value xmlns:xsi="http://www.w3.org/2001/XMLSchema-instance" xsi:nil="true" xsi:type="a:PagingInfo"/>
                    <a:nameRef>pagingInfo_pagingInfo</a:nameRef>
                    <a:id/>
                </a:ruleInputTestConfigs>
                <a:ruleInputTestConfigs>
                    <a:value xmlns:xsd="http://www.w3.org/2001/XMLSchema" xmlns:xsi="http://www.w3.org/2001/XMLSchema-instance" xsi:type="xsd:string"/>
                    <a:nameRef>cdt_data</a:nameRef>
                    <a:id/>
                </a:ruleInputTestConfigs>
                <a:assertions xmlns:xsi="http://www.w3.org/2001/XMLSchema-instance" xsi:nil="true"/>
            </el>
        </value>
    </typedValue>
</contentHaul>
