<?xml version="1.0" encoding="UTF-8" standalone="yes"?>
<contentHaul xmlns:a="http://www.appian.com/ae/types/2009">
    <rule>
        <name>IAL_Form_UserProfileDetails</name>
        <uuid>_a-0000dd5e-66e2-8000-9ccd-01ef9001ef90_62455</uuid>
        <description>This will display user details with option to specify the user as elevator or basic candidate</description>
        <parentUuid>_a-0000dd13-5aaa-8000-9ccd-01ef9001ef90_55728</parentUuid>
        <visibility>
            <advertise>false</advertise>
            <hierarchy>true</hierarchy>
            <indexable>true</indexable>
            <quota>false</quota>
            <searchable>true</searchable>
            <system>false</system>
            <unlogged>false</unlogged>
        </visibility>
        <definition>load(
  local!candidateDetails: #&quot;2ccad6b6-df16-4b91-b5cc-c118c46b770f&quot;(
    cdt_ialCandidate: 'type!{urn:com:appian:types:IAL}IAL_Candidate'(
      int_id: ri!int_candidateId
    ),
    pagingInfo: #&quot;SYSTEM_SYSRULES_pagingInfo&quot;(
      1,
      - 1
    )
  ).data,
  local!submitedDetails: #&quot;_a-0000dd31-d216-8000-9ccd-01ef9001ef90_58561&quot;(
    selectionColumns: {
      &quot;int_weightage&quot;,
      &quot;int_evaluationScore&quot;
    },
    cdt_ialViewCandidateQuestionScore: 'type!{urn:com:appian:types:IAL}IAL_View_Candidate_Question_Score'(
      int_candidateId: ri!int_candidateId,
      bool_isQuestionActive: true,
      text_evaluationStatus: #&quot;_a-0000dd13-5aaa-8000-9ccd-01ef9001ef90_56433&quot;
    ),
    pagingInfo: #&quot;_a-0000dd13-5aaa-8000-9ccd-01ef9001ef90_56189&quot;(
      int_startIndex: 1,
      int_batchSize: - 1
    )
  ),
  {
    #&quot;SYSTEM_SYSRULES_sectionLayout&quot;(
      firstColumnContents: {
        #&quot;SYSTEM_SYSRULES_textField&quot;(
          label: &quot;Name&quot;,
          labelPosition: &quot;ADJACENT&quot;,
          value: proper(
            #&quot;_a-0000dd13-5aaa-8000-9ccd-01ef9001ef90_55778&quot;(
              username: local!candidateDetails.text_username
            )
          ),
          readOnly: true
        ),
        #&quot;SYSTEM_SYSRULES_textField&quot;(
          label: &quot;Username&quot;,
          labelPosition: &quot;ADJACENT&quot;,
          value: local!candidateDetails.text_username,
          readOnly: true
        ),
        #&quot;SYSTEM_SYSRULES_textField&quot;(
          label: &quot;Employee ID&quot;,
          labelPosition: &quot;ADJACENT&quot;,
          value: local!candidateDetails.text_employeeId,
          readOnly: true
        ),
        #&quot;SYSTEM_SYSRULES_textField&quot;(
          label: &quot;Email&quot;,
          labelPosition: &quot;ADJACENT&quot;,
          value: local!candidateDetails.text_emailId,
          readOnly: true
        ),
        #&quot;SYSTEM_SYSRULES_textField&quot;(
          label: &quot;Type&quot;,
          labelPosition: &quot;ADJACENT&quot;,
          readonly: true,
          value: if(
            local!candidateDetails.bool_isEvaluator,
            #&quot;_a-0000dd69-3122-8000-aae2-01ef9001ef90_5874&quot;,
            if(
              local!candidateDetails.bool_isAdministrator,
              #&quot;_a-0000dd69-3122-8000-aae2-01ef9001ef90_5875&quot;,
              #&quot;_a-0000dd69-3122-8000-aae2-01ef9001ef90_5873&quot;
            )
          )
        ),
        #&quot;SYSTEM_SYSRULES_textField&quot;(
          label: &quot;Last Modified On&quot;,
          labelPosition: &quot;ADJACENT&quot;,
          value: #&quot;_a-0000dd13-5aaa-8000-9ccd-01ef9001ef90_55776&quot;(
            local!candidateDetails.datetime_updatedOn
          ),
          readOnly: true
        ),
        if(
          #&quot;3cb44a61-09f2-4f15-91e8-489ab1280ef0&quot;(
            local!submitedDetails.data
          ),
          {},
          {
            #&quot;SYSTEM_SYSRULES_textField&quot;(
              label: &quot;Total Questions Submited&quot;,
              labelPosition: &quot;ADJACENT&quot;,
              value: local!submitedDetails.totalCount,
              readOnly: true
            ),
            #&quot;SYSTEM_SYSRULES_textField&quot;(
              label: &quot;Total Weightage Submited&quot;,
              labelPosition: &quot;ADJACENT&quot;,
              value: sum(
                local!submitedDetails.data.int_weightage
              ),
              readOnly: true
            )
          }
        )
      },
      secondColumnContents: {
        if(
          or(
            #&quot;3cb44a61-09f2-4f15-91e8-489ab1280ef0&quot;(
              array: local!candidateDetails.int_profilePicDocId[1]
            ),
            ri!bool_showProfilePic = false
          ),
          {},
          #&quot;SYSTEM_SYSRULES_imageField&quot;(
            labelposition: &quot;ADJACENT&quot;,
            images: {
              #&quot;SYSTEM_SYSRULES_documentImage&quot;(
                document: todocument(
                  local!candidateDetails.int_profilePicDocId[1]
                )
              )
            },
            size: &quot;SMALL&quot;
          )
        )
      }
    ),
    #&quot;SYSTEM_SYSRULES_ButtonLayout&quot;(
      primaryButtons: {}
    )
  }
)</definition>
        <namedTypedValue>
            <name>int_candidateId</name>
            <type>
                <name>int</name>
                <namespace>http://www.w3.org/2001/XMLSchema</namespace>
            </type>
        </namedTypedValue>
        <namedTypedValue>
            <name>bool_showProfilePic</name>
            <type>
                <name>boolean</name>
                <namespace>http://www.w3.org/2001/XMLSchema</namespace>
            </type>
        </namedTypedValue>
        <preferredEditor>interface</preferredEditor>
        <offlineEnabled>false</offlineEnabled>
    </rule>
    <roleMap public="true">
        <role allowForAll="false" inherit="true" name="readers">
            <users/>
            <groups/>
        </role>
        <role allowForAll="false" inherit="true" name="authors">
            <users/>
            <groups/>
        </role>
        <role allowForAll="false" inherit="true" name="administrators">
            <users/>
            <groups/>
        </role>
        <role allowForAll="false" inherit="false" name="denyReaders">
            <users/>
            <groups/>
        </role>
        <role allowForAll="false" inherit="false" name="denyAuthors">
            <users/>
            <groups/>
        </role>
        <role allowForAll="false" inherit="false" name="denyAdministrators">
            <users/>
            <groups/>
        </role>
    </roleMap>
    <typedValue>
        <type>
            <name>RuleTestConfig?list</name>
            <namespace>http://www.appian.com/ae/types/2009</namespace>
        </type>
        <value>
            <el>
                <a:name/>
                <a:ruleInputTestConfigs>
                    <a:value xmlns:xsi="http://www.w3.org/2001/XMLSchema-instance" xsi:type="a:Expression">4</a:value>
                    <a:nameRef>int_candidateId</a:nameRef>
                    <a:id/>
                </a:ruleInputTestConfigs>
                <a:ruleInputTestConfigs>
                    <a:value xmlns:xsd="http://www.w3.org/2001/XMLSchema" xmlns:xsi="http://www.w3.org/2001/XMLSchema-instance" xsi:nil="true" xsi:type="xsd:boolean"/>
                    <a:nameRef>bool_showProfilePic</a:nameRef>
                    <a:id/>
                </a:ruleInputTestConfigs>
                <a:assertions xmlns:xsi="http://www.w3.org/2001/XMLSchema-instance" xsi:nil="true"/>
            </el>
        </value>
    </typedValue>
</contentHaul>
