<?xml version="1.0" encoding="UTF-8" standalone="yes"?>
<contentHaul xmlns:a="http://www.appian.com/ae/types/2009">
    <rule>
        <name>IAL_SAIL_Section_SubmitSolution</name>
        <uuid>_a-0000dd13-5aaa-8000-9ccd-01ef9001ef90_56456</uuid>
        <description>This will display fields to submit solutions for a question</description>
        <parentUuid>_a-0000dd3c-1880-8000-9ccd-01ef9001ef90_58808</parentUuid>
        <visibility>
            <advertise>false</advertise>
            <hierarchy>true</hierarchy>
            <indexable>true</indexable>
            <quota>false</quota>
            <searchable>true</searchable>
            <system>false</system>
            <unlogged>false</unlogged>
        </visibility>
        <definition>= #&quot;SYSTEM_SYSRULES_sectionLayout&quot;(
  label: &quot;Solution Details&quot;,
  firstColumnContents: {
    #&quot;SYSTEM_SYSRULES_textField&quot;(
      label: &quot;URL&quot;,
      labelPosition: &quot;ABOVE&quot;,
      value: ri!text_url,
      saveInto: ri!text_url,
      refreshAfter: &quot;UNFOCUS&quot;,
      required: true,
      validations: {&#xD;
        if(len(ri!text_url)&gt;#&quot;_a-0000dd94-c794-8000-aae2-01ef9001ef90_6956&quot;,&#xD;
          &quot;URL should be less than 250 characters&quot;,&#xD;
          &quot;&quot;&#xD;
        )&#xD;
      }),
    #&quot;SYSTEM_SYSRULES_textField&quot;(
      label: &quot;User Name&quot;,
      labelPosition: &quot;ABOVE&quot;,
      value: ri!text_userName,
      saveInto: ri!text_userName,
      refreshAfter: &quot;UNFOCUS&quot;,
      required: true,
      validations: {&#xD;
        if(len(ri!text_userName)&gt;45,&#xD;
          &quot;User name should be less than 45 characters&quot;,&#xD;
          &quot;&quot;&#xD;
        )&#xD;
      }),
    #&quot;SYSTEM_SYSRULES_textField&quot;(
      label: &quot;Password&quot;,
      labelPosition: &quot;ABOVE&quot;,
      value: ri!text_password,
      saveInto: ri!text_password,
      refreshAfter: &quot;UNFOCUS&quot;,
      required: true,
      validations: {&#xD;
        if(len(ri!text_password)&gt;45,&#xD;
          &quot;Password should be less than 250 characters&quot;,&#xD;
          &quot;&quot;&#xD;
        )&#xD;
      })
  },
  secondColumnContents: {
    /* Add components here for a two-column section */
    #&quot;SYSTEM_SYSRULES_fileUploadField&quot;(
      label: &quot;Solution zip file&quot;,
      labelPosition: &quot;ABOVE&quot;,
      instructions: &quot;only &quot; &amp; joinarray(
        #&quot;_a-0000dd69-3122-8000-aae2-01ef9001ef90_5914&quot;,
        &quot;,&quot;
      ) &amp; &quot; are allowed&quot;,
      target: #&quot;_a-0000dd13-5aaa-8000-9ccd-01ef9001ef90_56594&quot;,
      value: ri!doc_solutionDocument,
      saveInto: ri!doc_solutionDocument,
      required: true,
      validations: if(
        #&quot;3cb44a61-09f2-4f15-91e8-489ab1280ef0&quot;(
          ri!doc_solutionDocument
        ),
        &quot;&quot;,
        if(
          #&quot;_a-0000dd69-3122-8000-aae2-01ef9001ef90_5907&quot;(
            ri!doc_solutionDocument,
            #&quot;_a-0000dd69-3122-8000-aae2-01ef9001ef90_5914&quot;
          ),
          &quot;&quot;,
          &quot;The document you have uploaded is invalild&quot;
        )
      )
    ),
    #&quot;SYSTEM_SYSRULES_paragraphField&quot;(
      label: &quot;Comments&quot;,
      labelPosition: &quot;ABOVE&quot;,
      instructions: len(ri!text_comments) &amp; &quot; characters&quot;,
      value: ri!text_comments,
      saveInto: ri!text_comments,
      refreshAfter: &quot;UNFOCUS&quot;,
      height: &quot;MEDIUM&quot;,
      validations: {
        if(len(ri!text_comments)&gt;#&quot;_a-0000dd94-c794-8000-aae2-01ef9001ef90_6956&quot;,
          &quot;Comments should be less than 250 characters&quot;,
          &quot;&quot;
        )
      }
    )
  },
  validations: {}
)</definition>
        <namedTypedValue>
            <name>text_url</name>
            <type>
                <name>string</name>
                <namespace>http://www.w3.org/2001/XMLSchema</namespace>
            </type>
            <value/>
        </namedTypedValue>
        <namedTypedValue>
            <name>text_userName</name>
            <type>
                <name>string</name>
                <namespace>http://www.w3.org/2001/XMLSchema</namespace>
            </type>
            <value/>
        </namedTypedValue>
        <namedTypedValue>
            <name>text_password</name>
            <type>
                <name>string</name>
                <namespace>http://www.w3.org/2001/XMLSchema</namespace>
            </type>
            <value/>
        </namedTypedValue>
        <namedTypedValue>
            <name>doc_solutionDocument</name>
            <type>
                <name>CollaborationDocument</name>
                <namespace>http://www.appian.com/ae/types/2009</namespace>
            </type>
        </namedTypedValue>
        <namedTypedValue>
            <name>text_comments</name>
            <type>
                <name>string</name>
                <namespace>http://www.w3.org/2001/XMLSchema</namespace>
            </type>
            <value/>
        </namedTypedValue>
        <preferredEditor>interface</preferredEditor>
        <offlineEnabled>false</offlineEnabled>
    </rule>
    <roleMap public="true">
        <role allowForAll="true" inherit="false" name="readers">
            <users/>
            <groups/>
        </role>
        <role allowForAll="true" inherit="false" name="authors">
            <users/>
            <groups/>
        </role>
        <role allowForAll="false" inherit="false" name="administrators">
            <users/>
            <groups>
                <groupUuid>_e-0000dd11-d37e-8000-9ccd-011e94011e94_425</groupUuid>
            </groups>
        </role>
        <role allowForAll="false" inherit="false" name="denyReaders">
            <users/>
            <groups/>
        </role>
        <role allowForAll="false" inherit="false" name="denyAuthors">
            <users/>
            <groups/>
        </role>
        <role allowForAll="false" inherit="false" name="denyAdministrators">
            <users/>
            <groups/>
        </role>
    </roleMap>
    <typedValue>
        <type>
            <name>RuleTestConfig?list</name>
            <namespace>http://www.appian.com/ae/types/2009</namespace>
        </type>
        <value>
            <el>
                <a:name/>
                <a:ruleInputTestConfigs>
                    <a:value xmlns:xsd="http://www.w3.org/2001/XMLSchema" xmlns:xsi="http://www.w3.org/2001/XMLSchema-instance" xsi:type="xsd:string"/>
                    <a:nameRef>text_url</a:nameRef>
                    <a:id/>
                </a:ruleInputTestConfigs>
                <a:ruleInputTestConfigs>
                    <a:value xmlns:xsd="http://www.w3.org/2001/XMLSchema" xmlns:xsi="http://www.w3.org/2001/XMLSchema-instance" xsi:type="xsd:string"/>
                    <a:nameRef>text_userName</a:nameRef>
                    <a:id/>
                </a:ruleInputTestConfigs>
                <a:ruleInputTestConfigs>
                    <a:value xmlns:xsd="http://www.w3.org/2001/XMLSchema" xmlns:xsi="http://www.w3.org/2001/XMLSchema-instance" xsi:type="xsd:string"/>
                    <a:nameRef>text_password</a:nameRef>
                    <a:id/>
                </a:ruleInputTestConfigs>
                <a:ruleInputTestConfigs>
                    <a:value xmlns:xsi="http://www.w3.org/2001/XMLSchema-instance" xsi:nil="true" xsi:type="a:CollaborationDocument"/>
                    <a:nameRef>doc_solutionDocument</a:nameRef>
                    <a:id/>
                </a:ruleInputTestConfigs>
                <a:ruleInputTestConfigs>
                    <a:value xmlns:xsd="http://www.w3.org/2001/XMLSchema" xmlns:xsi="http://www.w3.org/2001/XMLSchema-instance" xsi:type="xsd:string"/>
                    <a:nameRef>text_comments</a:nameRef>
                    <a:id/>
                </a:ruleInputTestConfigs>
                <a:assertions xmlns:xsi="http://www.w3.org/2001/XMLSchema-instance" xsi:nil="true"/>
            </el>
        </value>
    </typedValue>
</contentHaul>
