<?xml version="1.0" encoding="UTF-8" standalone="yes"?>
<contentHaul xmlns:a="http://www.appian.com/ae/types/2009">
    <rule>
        <name>IAL_prepareQuestionRows</name>
        <uuid>_a-0000dd3c-1880-8000-9ccd-01ef9001ef90_60057</uuid>
        <description>Returns a set of rows of type IAL_Question by populating the data based on the given parameters</description>
        <parentUuid>_a-0000dd13-5aaa-8000-9ccd-01ef9001ef90_55727</parentUuid>
        <visibility>
            <advertise>false</advertise>
            <hierarchy>true</hierarchy>
            <indexable>true</indexable>
            <quota>false</quota>
            <searchable>true</searchable>
            <system>false</system>
            <unlogged>false</unlogged>
        </visibility>
        <definition>if(
  #&quot;3cb44a61-09f2-4f15-91e8-489ab1280ef0&quot;(
    ri!cdt_ialQuestions
  ),
  ri!cdt_ialQuestions,
  apply(
    #&quot;_a-0000dd3c-1880-8000-9ccd-01ef9001ef90_60055&quot;(
      int_id: _,
      text_questionCode: _,
      text_questionName: _,
      text_questionDescription: _,
      int_questionDocumetId: _,
      text_questionDocumentName: _,
      dec_evaluationTimeInHours: _,
      int_topicId: _,
      int_categoryId: _,
      datetime_startDate: _,
      datetime_endDate: _,
      int_questionComplexityId: _,
      int_weightage: _,
      int_relevancePoints: _,
      bool_isActive: _,
      datetime_createdOn: _,
      text_createdBy: _,
      datetime_updatedOn: _,
      text_updatedBy: _
    ),
    merge(
      {
        ri!cdt_ialQuestions.int_id
      },
      {
        ri!cdt_ialQuestions.text_questionCode
      },
      {
        ri!cdt_ialQuestions.text_questionName
      },
      {
        ri!cdt_ialQuestions.text_questionDescription
      },
      {
        ri!cdt_ialQuestions.int_questionDocumetId
      },
      {
        ri!cdt_ialQuestions.text_questionDocumentName
      },
      {
        ri!cdt_ialQuestions.dec_evaluationTimeInHours
      },
      {
        ri!cdt_ialQuestions.int_topicId
      },
      {
        ri!cdt_ialQuestions.int_categoryId
      },
      {
        ri!cdt_ialQuestions.datetime_startDate
      },
      {
        repeat(
          length(
            ri!cdt_ialQuestions
          ),
          now()
        )
      },
      {
        ri!cdt_ialQuestions.int_questionComplexityId
      },
      {
        ri!cdt_ialQuestions.int_weightage
      },
      {
        ri!cdt_ialQuestions.int_relevancePoints
      },
      {
        repeat(
          length(
            ri!cdt_ialQuestions
          ),
          false()
        )
      },
      {
        ri!cdt_ialQuestions.datetime_createdOn
      },
      {
        ri!cdt_ialQuestions.text_createdBy
      },
      {
        repeat(
          length(
            ri!cdt_ialQuestions
          ),
          now()
        )
      },
      {
        repeat(
          length(
            ri!cdt_ialQuestions
          ),
          ri!text_processInitiator
        )
      }
    )
  )
)</definition>
        <namedTypedValue>
            <name>cdt_ialQuestions</name>
            <type>
                <name>IAL_Question?list</name>
                <namespace>urn:com:appian:types:IAL</namespace>
            </type>
        </namedTypedValue>
        <namedTypedValue>
            <name>text_processInitiator</name>
            <type>
                <name>string</name>
                <namespace>http://www.w3.org/2001/XMLSchema</namespace>
            </type>
            <value/>
        </namedTypedValue>
        <preferredEditor>legacy</preferredEditor>
        <offlineEnabled>false</offlineEnabled>
    </rule>
    <roleMap public="true">
        <role allowForAll="false" inherit="true" name="readers">
            <users/>
            <groups/>
        </role>
        <role allowForAll="false" inherit="true" name="authors">
            <users/>
            <groups/>
        </role>
        <role allowForAll="false" inherit="true" name="administrators">
            <users/>
            <groups/>
        </role>
        <role allowForAll="false" inherit="false" name="denyReaders">
            <users/>
            <groups/>
        </role>
        <role allowForAll="false" inherit="false" name="denyAuthors">
            <users/>
            <groups/>
        </role>
        <role allowForAll="false" inherit="false" name="denyAdministrators">
            <users/>
            <groups/>
        </role>
    </roleMap>
</contentHaul>
