<?xml version="1.0" encoding="UTF-8" standalone="yes"?>
<contentHaul xmlns:a="http://www.appian.com/ae/types/2009">
    <rule>
        <name>IAl_getEvaluatorDetialsBasedOnDateRange_QueryEntity</name>
        <uuid>_a-0000dd98-6750-8000-9ccd-01ef9001ef90_85194</uuid>
        <description>This query rule will return on the total number of evaluations that the evaluators have done based on the given dates range</description>
        <parentUuid>_a-0000dd13-5aaa-8000-9ccd-01ef9001ef90_55729</parentUuid>
        <visibility>
            <advertise>false</advertise>
            <hierarchy>true</hierarchy>
            <indexable>true</indexable>
            <quota>false</quota>
            <searchable>true</searchable>
            <system>false</system>
            <unlogged>false</unlogged>
        </visibility>
        <definition>#&quot;SYSTEM_SYSRULES_queryEntity&quot;(
  entity: #&quot;_a-0000dd13-5aaa-8000-9ccd-01ef9001ef90_55752&quot;,
  query: #&quot;SYSTEM_SYSRULES_query&quot;(
    aggregation: #&quot;SYSTEM_SYSRULES_queryAggregation&quot;(
      aggregationColumns: {
        #&quot;SYSTEM_SYSRULES_queryAggregationColumn&quot;(
          field: &quot;int_evaluatorId&quot;,
          alias:&quot;evaluatorid&quot;,
          visible: true(),
          isGrouping: true()
        ),
        #&quot;SYSTEM_SYSRULES_queryAggregationColumn&quot;(
          field: &quot;int_id&quot;,
          alias:&quot;totalvalue&quot;,
          visible: true(),
          aggregationFunction: &quot;COUNT&quot;
        )
      }
    ),
    pagingInfo: fn!topagingInfo(
      1,
      - 1
    ),

    logicalExpression:
    #&quot;SYSTEM_SYSRULES_queryLogicalExpression&quot;(
      operator :&quot;AND&quot;,
      
      filters:
      if(and(not(isnull(ri!datetime_fromDate)),not(isnull(ri!datetime_toDate))),
      {
         #&quot;SYSTEM_SYSRULES_queryFilter&quot;(
           field:&quot;datetime_evaluationEndDate&quot;,
           operator:&quot;&gt;=&quot;,
           value:ri!datetime_fromDate
         ),
         #&quot;SYSTEM_SYSRULES_queryFilter&quot;(
           field:&quot;datetime_evaluationEndDate&quot;,
           operator:&quot;&lt;=&quot;,
           value:ri!datetime_toDate
         )
      },{
        #&quot;SYSTEM_SYSRULES_queryFilter&quot;(
           field:&quot;datetime_evaluationEndDate&quot;,
           operator:&quot;not null&quot;
           
         )
      })
    )
  
  )
)</definition>
        <namedTypedValue>
            <name>datetime_fromDate</name>
            <type>
                <name>dateTime</name>
                <namespace>http://www.w3.org/2001/XMLSchema</namespace>
            </type>
        </namedTypedValue>
        <namedTypedValue>
            <name>datetime_toDate</name>
            <type>
                <name>dateTime</name>
                <namespace>http://www.w3.org/2001/XMLSchema</namespace>
            </type>
        </namedTypedValue>
        <preferredEditor>legacy</preferredEditor>
        <offlineEnabled>false</offlineEnabled>
    </rule>
    <roleMap public="true">
        <role allowForAll="false" inherit="true" name="readers">
            <users/>
            <groups/>
        </role>
        <role allowForAll="false" inherit="true" name="authors">
            <users/>
            <groups/>
        </role>
        <role allowForAll="false" inherit="true" name="administrators">
            <users/>
            <groups/>
        </role>
        <role allowForAll="false" inherit="false" name="denyReaders">
            <users/>
            <groups/>
        </role>
        <role allowForAll="false" inherit="false" name="denyAuthors">
            <users/>
            <groups/>
        </role>
        <role allowForAll="false" inherit="false" name="denyAdministrators">
            <users/>
            <groups/>
        </role>
    </roleMap>
</contentHaul>
