<?xml version="1.0" encoding="UTF-8" standalone="yes"?>
<contentHaul xmlns:a="http://www.appian.com/ae/types/2009">
    <rule>
        <name>IAL_UserRecordList</name>
        <uuid>_a-0000dd5e-66e2-8000-9ccd-01ef9001ef90_62490</uuid>
        <description>This rule will return the record list labels</description>
        <parentUuid>_a-0000dd13-5aaa-8000-9ccd-01ef9001ef90_55727</parentUuid>
        <visibility>
            <advertise>false</advertise>
            <hierarchy>true</hierarchy>
            <indexable>true</indexable>
            <quota>false</quota>
            <searchable>true</searchable>
            <system>false</system>
            <unlogged>false</unlogged>
        </visibility>
        <definition>#&quot;SYSTEM_SYSRULES_listViewItem&quot;(&#xD;
  title:rf!text_firstName &amp; &quot; &quot; &amp; rf!text_lastName,&#xD;
  details: &quot;Emp ID: &quot; &amp; rf!text_employeeId &amp; char(10)&amp; &quot;email: &quot; &amp; rf!text_emailId,&#xD;
  image: if(or(#&quot;3cb44a61-09f2-4f15-91e8-489ab1280ef0&quot;(rf!int_profilePicDocId),&#xD;
          not(isobjectexists(&#xD;
            &quot;Document&quot;,&#xD;
            rf!int_profilePicDocId&#xD;
          ))),&#xD;
          {},&#xD;
          todocument(rf!int_profilePicDocId)&#xD;
          )&#xD;
)</definition>
        <preferredEditor>legacy</preferredEditor>
        <offlineEnabled>false</offlineEnabled>
    </rule>
    <roleMap public="true">
        <role allowForAll="false" inherit="true" name="readers">
            <users/>
            <groups/>
        </role>
        <role allowForAll="false" inherit="true" name="authors">
            <users/>
            <groups/>
        </role>
        <role allowForAll="false" inherit="true" name="administrators">
            <users/>
            <groups/>
        </role>
        <role allowForAll="false" inherit="false" name="denyReaders">
            <users/>
            <groups/>
        </role>
        <role allowForAll="false" inherit="false" name="denyAuthors">
            <users/>
            <groups/>
        </role>
        <role allowForAll="false" inherit="false" name="denyAdministrators">
            <users/>
            <groups/>
        </role>
    </roleMap>
</contentHaul>
