<?xml version="1.0" encoding="UTF-8" standalone="yes"?>
<contentHaul xmlns:a="http://www.appian.com/ae/types/2009">
    <rule>
        <name>IAL_isCategoryUpdated</name>
        <uuid>_a-0000dd3c-1880-8000-9ccd-01ef9001ef90_61438</uuid>
        <description>Returns true or false based on the data that the Old and Updated CDTs contain</description>
        <parentUuid>_a-0000dd13-5aaa-8000-9ccd-01ef9001ef90_55727</parentUuid>
        <visibility>
            <advertise>false</advertise>
            <hierarchy>true</hierarchy>
            <indexable>true</indexable>
            <quota>false</quota>
            <searchable>true</searchable>
            <system>false</system>
            <unlogged>false</unlogged>
        </visibility>
        <definition>if(
  or(
    #&quot;3cb44a61-09f2-4f15-91e8-489ab1280ef0&quot;(
      ri!previouscategoryDetails
    ),
    #&quot;3cb44a61-09f2-4f15-91e8-489ab1280ef0&quot;(
      ri!updatedCategorDetails
    )
  ),
  null,
  or(
    ri!previouscategoryDetails.text_categoryName &lt;&gt; ri!updatedCategorDetails.text_categoryName,
    ri!previouscategoryDetails.text_categoryDescription &lt;&gt; ri!updatedCategorDetails.text_categoryDescription,
    ri!previouscategoryDetails.int_totalWeightage &lt;&gt; ri!updatedCategorDetails.int_totalWeightage/*differnce(*/
    /*  ri!previouscategoryDetails.int_categoryIconDocId*/
    /*)*/
    
  )
)</definition>
        <namedTypedValue>
            <name>previouscategoryDetails</name>
            <type>
                <name>IAL_Category</name>
                <namespace>urn:com:appian:types:IAL</namespace>
            </type>
        </namedTypedValue>
        <namedTypedValue>
            <name>updatedCategorDetails</name>
            <type>
                <name>IAL_Category</name>
                <namespace>urn:com:appian:types:IAL</namespace>
            </type>
        </namedTypedValue>
        <preferredEditor>legacy</preferredEditor>
        <offlineEnabled>false</offlineEnabled>
    </rule>
    <roleMap public="true">
        <role allowForAll="false" inherit="true" name="readers">
            <users/>
            <groups/>
        </role>
        <role allowForAll="false" inherit="true" name="authors">
            <users/>
            <groups/>
        </role>
        <role allowForAll="false" inherit="true" name="administrators">
            <users/>
            <groups/>
        </role>
        <role allowForAll="false" inherit="false" name="denyReaders">
            <users/>
            <groups/>
        </role>
        <role allowForAll="false" inherit="false" name="denyAuthors">
            <users/>
            <groups/>
        </role>
        <role allowForAll="false" inherit="false" name="denyAdministrators">
            <users/>
            <groups/>
        </role>
    </roleMap>
</contentHaul>
