<?xml version="1.0" encoding="UTF-8" standalone="yes"?>
<contentHaul xmlns:a="http://www.appian.com/ae/types/2009">
    <rule>
        <name>IAL_getFilterOptionsForUserRecord</name>
        <uuid>_a-0000dd4c-1b8d-8000-9ccd-01ef9001ef90_62242</uuid>
        <description>It returns a set of filter options for User Record</description>
        <parentUuid>_a-0000dd13-5aaa-8000-9ccd-01ef9001ef90_55727</parentUuid>
        <visibility>
            <advertise>false</advertise>
            <hierarchy>true</hierarchy>
            <indexable>true</indexable>
            <quota>false</quota>
            <searchable>true</searchable>
            <system>false</system>
            <unlogged>false</unlogged>
        </visibility>
        <definition>with(
  local!candidateIds: #&quot;2ccad6b6-df16-4b91-b5cc-c118c46b770f&quot;(
    selectionColumns: {
      &quot;int_id&quot;
    },
    cdt_ialCandidate: {
      bool_isActive: true
    },
    pagingInfo: #&quot;_a-0000dd13-5aaa-8000-9ccd-01ef9001ef90_56189&quot;(
      int_startIndex: 1,
      int_batchSize: - 1,
      text_sortField: &quot;int_id&quot;,
      bool_isAscending: true
    ),
    queryFilters: {
      #&quot;SYSTEM_SYSRULES_queryFilter&quot;(
        field: &quot;bool_isAdministrator&quot;,
        operator: &quot;=&quot;,
        value: false
      )
    }
  ).data,
  local!evaluatorIds: #&quot;2dd26ae8-0d81-4e52-b452-dfa365e82668&quot;(
    selectionColumns: {
      &quot;int_candidateId&quot;
    },
    cdt_ialEvaluator: {
      bool_isActive: true()
    },
    pagingInfo: #&quot;_a-0000dd13-5aaa-8000-9ccd-01ef9001ef90_56189&quot;(
      int_startIndex: 1,
      int_batchSize: - 1,
      text_sortField: &quot;int_id&quot;,
      bool_isAscending: true()
    )
  ).data,
  local!administratorIds: #&quot;2ccad6b6-df16-4b91-b5cc-c118c46b770f&quot;(
    selectionColumns: {
      &quot;int_id&quot;
    },
    cdt_ialCandidate: {
      bool_isActive: true
    },
    pagingInfo: #&quot;_a-0000dd13-5aaa-8000-9ccd-01ef9001ef90_56189&quot;(
      int_startIndex: 1,
      int_batchSize: - 1,
      text_sortField: &quot;int_id&quot;,
      bool_isAscending: true
    ),
    queryFilters: {
      #&quot;SYSTEM_SYSRULES_queryFilter&quot;(
        field: &quot;bool_isAdministrator&quot;,
        operator: &quot;=&quot;,
        value: true
      )
    }
  ).data,
  #&quot;SYSTEM_SYSRULES_facet&quot;(
    name: &quot;User Type&quot;,
    options: {
      #&quot;SYSTEM_SYSRULES_facetOption&quot;(
        id: 1,
        name: &quot;Candidate Only&quot;,
        filter: #&quot;SYSTEM_SYSRULES_queryFilter&quot;(
          field: &quot;int_id&quot;,
          operator: &quot;in&quot;,
          value: if(
            #&quot;3cb44a61-09f2-4f15-91e8-489ab1280ef0&quot;(
              local!candidateIds
            ),
            {},
            {
              difference(
                tointeger(
                  index(
                    local!candidateIds,
                    &quot;int_id&quot;,
                    {}
                  )
                ),
                tointeger(
                  index(
                    local!evaluatorIds,
                    &quot;int_candidateId&quot;,
                    {}
                  )
                )
              )
            }
          )
        ),
        dataCount: if(
          #&quot;3cb44a61-09f2-4f15-91e8-489ab1280ef0&quot;(
            local!candidateIds
          ),
          0,
          length(
            difference(
              tointeger(
                index(
                  local!candidateIds,
                  &quot;int_id&quot;,
                  {}
                )
              ),
              tointeger(
                index(
                  local!evaluatorIds,
                  &quot;int_candidateId&quot;,
                  {}
                )
              )
            )
          )
        )
      ),
      #&quot;SYSTEM_SYSRULES_facetOption&quot;(
        id: 2,
        name: &quot;Evaluators&quot;,
        filter: #&quot;SYSTEM_SYSRULES_queryFilter&quot;(
          field: &quot;int_id&quot;,
          operator: &quot;in&quot;,
          value: if(
            #&quot;3cb44a61-09f2-4f15-91e8-489ab1280ef0&quot;(
              local!evaluatorIds
            ),
            {},
            {
              tointeger(
                index(
                  local!evaluatorIds,
                  &quot;int_candidateId&quot;,
                  {}
                )
              )
            }
          )
        ),
        dataCount: if(
          #&quot;3cb44a61-09f2-4f15-91e8-489ab1280ef0&quot;(
            local!evaluatorIds
          ),
          0,
          length(
            index(
              local!evaluatorIds,
              &quot;int_candidateId&quot;,
              {}
            )
          )
        )
      ),
      #&quot;SYSTEM_SYSRULES_facetOption&quot;(
        id: 3,
        name: &quot;Administrators&quot;,
        filter: #&quot;SYSTEM_SYSRULES_queryFilter&quot;(
          field: &quot;int_id&quot;,
          operator: &quot;in&quot;,
          value: if(
            #&quot;3cb44a61-09f2-4f15-91e8-489ab1280ef0&quot;(
              local!administratorIds
            ),
            {},
            {
              tointeger(
                index(
                  local!administratorIds,
                  &quot;int_id&quot;,
                  {}
                )
              )
            }
          )
        ),
        dataCount: if(
          #&quot;3cb44a61-09f2-4f15-91e8-489ab1280ef0&quot;(
            local!administratorIds
          ),
          0,
          length(
            index(
              local!administratorIds,
              &quot;int_id&quot;,
              {}
            )
          )
        )
      )
    }
  )
)</definition>
        <preferredEditor>legacy</preferredEditor>
        <offlineEnabled>false</offlineEnabled>
    </rule>
    <roleMap public="true">
        <role allowForAll="false" inherit="true" name="readers">
            <users/>
            <groups/>
        </role>
        <role allowForAll="false" inherit="true" name="authors">
            <users/>
            <groups/>
        </role>
        <role allowForAll="false" inherit="true" name="administrators">
            <users/>
            <groups/>
        </role>
        <role allowForAll="false" inherit="false" name="denyReaders">
            <users/>
            <groups/>
        </role>
        <role allowForAll="false" inherit="false" name="denyAuthors">
            <users/>
            <groups/>
        </role>
        <role allowForAll="false" inherit="false" name="denyAdministrators">
            <users/>
            <groups/>
        </role>
    </roleMap>
</contentHaul>
