<?xml version="1.0" encoding="UTF-8" standalone="yes"?>
<contentHaul xmlns:a="http://www.appian.com/ae/types/2009">
    <rule>
        <name>IAL_SAIL_Section_SolutionDetails</name>
        <uuid>_a-0000dd13-5aaa-8000-9ccd-01ef9001ef90_57023</uuid>
        <description>This section will display basic solution details.</description>
        <parentUuid>_a-0000dd3c-1880-8000-9ccd-01ef9001ef90_58808</parentUuid>
        <visibility>
            <advertise>false</advertise>
            <hierarchy>true</hierarchy>
            <indexable>true</indexable>
            <quota>false</quota>
            <searchable>true</searchable>
            <system>false</system>
            <unlogged>false</unlogged>
        </visibility>
        <definition>=load(
  
  local!data: #&quot;f55e3b14-16ec-42c0-bcb9-ec8b9b34e43d&quot;(
    cdt_ialQuestionSolution: 'type!{urn:com:appian:types:IAL}IAL_Question_Solution'(int_id: ri!int_solutionId),
    pagingInfo: #&quot;_a-0000dd13-5aaa-8000-9ccd-01ef9001ef90_56189&quot;(
      int_startIndex: 1,
      int_batchSize: 1
    )
  ),
  



#&quot;SYSTEM_SYSRULES_sectionLayout&quot;(
  label: &quot;Solution Details&quot;,
  firstColumnContents: {
    #&quot;SYSTEM_SYSRULES_textField&quot;(
      label: &quot;URL&quot;,
      labelPosition: &quot;ADJACENT&quot;,
      value: index(local!data.data,&quot;text_url&quot;,&quot;&quot;),
      saveInto: {},
      refreshAfter: &quot;UNFOCUS&quot;,
      readonly: true,
      validations: {}
    ),
    #&quot;SYSTEM_SYSRULES_textField&quot;(
      label: &quot;Username&quot;,
      labelPosition: &quot;ADJACENT&quot;,
      value: index(local!data.data,&quot;text_username&quot;,&quot;&quot;),
      saveInto: {},
      refreshAfter: &quot;UNFOCUS&quot;,
      readonly: true,
      validations: {}
    ),
    #&quot;SYSTEM_SYSRULES_textField&quot;(
      label: &quot;Password&quot;,
      labelPosition: &quot;ADJACENT&quot;,
      value: index(local!data.data,&quot;text_password&quot;,&quot;&quot;),
      saveInto: {},
      refreshAfter: &quot;UNFOCUS&quot;,
      readonly: true,
      validations: {}
    )
  },
  secondColumnContents: {
    if(
      #&quot;3cb44a61-09f2-4f15-91e8-489ab1280ef0&quot;(index(local!data.data,&quot;int_solutionPatchId&quot;,&quot;&quot;)[1]),
      {},
      #&quot;SYSTEM_SYSRULES_linkField&quot;(
      label: &quot;Solution ZIP&quot;,
      labelPosition: &quot;ADJACENT&quot;,
      links: {
        #&quot;SYSTEM_SYSRULES_documentDownloadLink&quot;(
          label: document(index(local!data.data,&quot;int_solutionPatchId&quot;,&quot;&quot;)[1],&quot;name&quot;),
          document: todocument(index(local!data.data,&quot;int_solutionPatchId&quot;,&quot;&quot;))
        )
      }
    )
    )
    ,
    #&quot;SYSTEM_SYSRULES_textField&quot;(
      label: &quot;Comments&quot;,
      labelPosition: &quot;ADJACENT&quot;,
      value: index(local!data.data,&quot;text_comments&quot;,&quot;&quot;),
      saveInto: {},
      refreshAfter: &quot;UNFOCUS&quot;,
      readonly: true,
      validations: {}
    )
  },
  validations: {}
)
)</definition>
        <namedTypedValue>
            <name>int_solutionId</name>
            <type>
                <name>int</name>
                <namespace>http://www.w3.org/2001/XMLSchema</namespace>
            </type>
        </namedTypedValue>
        <preferredEditor>interface</preferredEditor>
        <offlineEnabled>false</offlineEnabled>
    </rule>
    <roleMap public="true">
        <role allowForAll="true" inherit="false" name="readers">
            <users/>
            <groups/>
        </role>
        <role allowForAll="true" inherit="false" name="authors">
            <users/>
            <groups/>
        </role>
        <role allowForAll="false" inherit="false" name="administrators">
            <users/>
            <groups>
                <groupUuid>_e-0000dd11-d37e-8000-9ccd-011e94011e94_425</groupUuid>
            </groups>
        </role>
        <role allowForAll="false" inherit="false" name="denyReaders">
            <users/>
            <groups/>
        </role>
        <role allowForAll="false" inherit="false" name="denyAuthors">
            <users/>
            <groups/>
        </role>
        <role allowForAll="false" inherit="false" name="denyAdministrators">
            <users/>
            <groups/>
        </role>
    </roleMap>
</contentHaul>
