<?xml version="1.0" encoding="UTF-8" standalone="yes"?>
<contentHaul xmlns:a="http://www.appian.com/ae/types/2009">
    <rule>
        <name>IAL_Report_CandidatesScoreDetails</name>
        <uuid>_a-0000dd94-c794-8000-aae2-01ef9001ef90_6961</uuid>
        <description>This will display all candidates score details and also provide option to export the data.</description>
        <parentUuid>_a-0000dd13-5aaa-8000-9ccd-01ef9001ef90_55728</parentUuid>
        <visibility>
            <advertise>false</advertise>
            <hierarchy>true</hierarchy>
            <indexable>true</indexable>
            <quota>false</quota>
            <searchable>true</searchable>
            <system>false</system>
            <unlogged>false</unlogged>
        </visibility>
        <definition>load(
  local!pagingInfo: #&quot;SYSTEM_SYSRULES_pagingInfo&quot;(
    startIndex: 1,
    batchSize: 10/*,*/
    /*sort: a!sortInfo(*/
    /*  field: &quot;achivedScore&quot;,*/
    /*  ascending: false*/
    /*)*/
    
  ),
  local!text_buttonAction,
  local!candidateData: #&quot;804bed3a-1d9a-4ab1-8b86-e2dbc4db0cb8&quot;(
    datetime_fromDate: ri!datetime_fromDate,
    datetime_toDate: ri!datetime_toDate
  ),
  local!candidateData1: #&quot;SYSTEM_SYSRULES_toJson&quot;(
    local!candidateData
  ),
  local!url: getdatasubsetdownloadlinkfromrule(
    #&quot;_a-0000dd96-1b17-8000-aae2-01ef9001ef90_6983&quot;,
    {
      local!candidateData
    }
  ),
  with(
    local!candidateDataSubset: if(
      #&quot;3cb44a61-09f2-4f15-91e8-489ab1280ef0&quot;(
        local!candidateData
      ),
      null,
      fn!todatasubset(
        local!candidateData,
        local!pagingInfo
      )
    ),
    {
      #&quot;SYSTEM_SYSRULES_sectionLayout&quot;(
        label: &quot;Select date time period to get Candidate Score report&quot;,
        firstColumnContents: {
          #&quot;SYSTEM_SYSRULES_dateTimeField&quot;(
            label: &quot;Start Date&quot;,
            value: ri!datetime_fromDate,
            saveInto: ri!datetime_fromDate,
            labelPosition: &quot;ADJACENT&quot;
          )
        },
        secondColumnContents: {
          #&quot;SYSTEM_SYSRULES_dateTimeField&quot;(
            label: &quot;End Date&quot;,
            value: ri!datetime_toDate,
            saveInto: ri!datetime_toDate,
            labelPosition: &quot;ADJACENT&quot;
          ),
          #&quot;SYSTEM_SYSRULES_ButtonLayout&quot;(
            primaryButtons: {
              #&quot;SYSTEM_SYSRULES_ButtonWidget&quot;(
                label: &quot;Reset&quot;,
                style: &quot;NORMAL&quot;,
                value: &quot;Reset&quot;,
                disabled: if(
                  and(
                    #&quot;3cb44a61-09f2-4f15-91e8-489ab1280ef0&quot;(
                      ri!datetime_fromDate
                    ),
                    #&quot;3cb44a61-09f2-4f15-91e8-489ab1280ef0&quot;(
                      ri!datetime_toDate
                    )
                  ),
                  true(),
                  false()
                ),
                saveInto: {
                  local!text_buttonAction,
                  a!save(
                    ri!datetime_fromDate,
                    null
                  ),
                  a!save(
                    ri!datetime_toDate,
                    null
                  )
                }
              ),
              #&quot;SYSTEM_SYSRULES_ButtonWidget&quot;(
                label: &quot;Search&quot;,
                style: &quot;PRIMARY&quot;,
                value: &quot;Search&quot;,
                disabled: if(
                  or(
                    #&quot;3cb44a61-09f2-4f15-91e8-489ab1280ef0&quot;(
                      ri!datetime_fromDate
                    ),
                    #&quot;3cb44a61-09f2-4f15-91e8-489ab1280ef0&quot;(
                      ri!datetime_toDate
                    ),
                    ri!datetime_fromDate &gt; now(),
                    ri!datetime_toDate &gt; now(),
                    ri!datetime_fromDate &gt; ri!datetime_toDate
                  ),
                  true(),
                  false()
                ),
                saveInto: {
                  local!text_buttonAction,
                  a!save(
                    local!candidateData,
                    #&quot;804bed3a-1d9a-4ab1-8b86-e2dbc4db0cb8&quot;(
                      datetime_fromDate: ri!datetime_fromDate,
                      datetime_toDate: ri!datetime_toDate
                    )
                  )
                }
              )
            }
          )
        },
        validations: {
          if(
            or(
              ri!datetime_fromDate &gt; now(),
              ri!datetime_toDate &gt; now()
            ),
            &quot;From Date or To Date should not be greater than future date&quot;,
            &quot;&quot;
          ),
          if(
            or(
              #&quot;_a-0000d62a-67b3-8000-da6f-010000010000_951&quot;(
                ri!datetime_fromDate
              ),
              #&quot;_a-0000d62a-67b3-8000-da6f-010000010000_951&quot;(
                ri!datetime_toDate
              )
            ),
            &quot;&quot;,
            if(
              ri!datetime_fromDate &gt; ri!datetime_toDate,
              &quot;Start Date should not be greater than End Date&quot;,
              &quot;&quot;
            )
          )
        }
      ),
      #&quot;SYSTEM_SYSRULES_sectionLayout&quot;(
        label: &quot;Candidate score on the selected period&quot;,
        firstColumnContents: {
          #&quot;SYSTEM_SYSRULES_gridField&quot;(
            totalCount: if(
              #&quot;3cb44a61-09f2-4f15-91e8-489ab1280ef0&quot;(
                local!candidateDataSubset
              ),
              0,
              index(
                local!candidateDataSubset,
                &quot;totalCount&quot;,
                &quot;&quot;
              )
            ),
            /*local!data.totalCount,*/
            columns: {
              #&quot;SYSTEM_SYSRULES_gridTextColumn&quot;(
                label: &quot;Emp ID&quot;,
                data: index(
                  index(
                    local!candidateDataSubset,
                    &quot;data&quot;,
                    &quot;&quot;
                  ),
                  &quot;employeeId&quot;,
                  {}
                ),
                field: &quot;employeeId&quot;
              ),
              #&quot;SYSTEM_SYSRULES_gridTextColumn&quot;(
                label: &quot;Name&quot;,
                data: index(
                  index(
                    local!candidateDataSubset,
                    &quot;data&quot;,
                    &quot;&quot;
                  ),
                  &quot;fullName&quot;,
                  {}
                ),
                field: &quot;fullName&quot;
              ),
              #&quot;SYSTEM_SYSRULES_gridTextColumn&quot;(
                label: &quot;Email&quot;,
                data: index(
                  index(
                    local!candidateDataSubset,
                    &quot;data&quot;,
                    &quot;&quot;
                  ),
                  &quot;emailId&quot;,
                  {}
                ),
                field: &quot;emailId&quot;
              ),
              /*a!gridTextColumn(*/
              /*  label: &quot;Total Questions&quot;,*/
              /*  data: index(local!data,&quot;totalQuestions&quot;,{}),*/
              /*  field: &quot;totalQuestions&quot;*/
              /*),*/
              #&quot;SYSTEM_SYSRULES_gridTextColumn&quot;(
                label: &quot;Total Questions&quot;,
                data: index(
                  index(
                    local!candidateDataSubset,
                    &quot;data&quot;,
                    &quot;&quot;
                  ),
                  &quot;totalIALQuestions&quot;,
                  {}
                ),
                field: &quot;totalIALQuestions&quot;
              ),
              #&quot;SYSTEM_SYSRULES_gridTextColumn&quot;(
                label: &quot;Submited Questions&quot;,
                data: index(
                  index(
                    local!candidateDataSubset,
                    &quot;data&quot;,
                    &quot;&quot;
                  ),
                  &quot;submitedQuestions&quot;,
                  {}
                ),
                field: &quot;submitedQuestions&quot;
              ),
              #&quot;SYSTEM_SYSRULES_gridTextColumn&quot;(
                label: &quot;Questions Evaluated&quot;,
                data: index(
                  index(
                    local!candidateDataSubset,
                    &quot;data&quot;,
                    &quot;&quot;
                  ),
                  &quot;evaluatedQuestions&quot;,
                  {}
                ),
                field: &quot;evaluatedQuestions&quot;
              ),
              #&quot;SYSTEM_SYSRULES_gridTextColumn&quot;(
                label: &quot;Total Score&quot;,
                data: index(
                  index(
                    local!candidateDataSubset,
                    &quot;data&quot;,
                    &quot;&quot;
                  ),
                  &quot;totalIALQuestionsScore&quot;,
                  {}
                ),
                field: &quot;totalIALQuestionsScore&quot;
              ),
              #&quot;SYSTEM_SYSRULES_gridTextColumn&quot;(
                label: &quot;Total Submitted Questions Score&quot;,
                data: index(
                  index(
                    local!candidateDataSubset,
                    &quot;data&quot;,
                    &quot;&quot;
                  ),
                  &quot;totalSubmittedQuestionsScore&quot;,
                  {}
                ),
                field: &quot;totalSubmittedQuestionsScore&quot;
              ),
              #&quot;SYSTEM_SYSRULES_gridTextColumn&quot;(
                label: &quot;Score Acheived&quot;,
                data: index(
                  index(
                    local!candidateDataSubset,
                    &quot;data&quot;,
                    &quot;&quot;
                  ),
                  &quot;achivedScore&quot;,
                  {}
                ),
                field: &quot;achivedScore&quot;
              )
            },
            value: local!pagingInfo,
            saveInto: local!pagingInfo,
            validations: {}
          ),
          if(
            #&quot;3cb44a61-09f2-4f15-91e8-489ab1280ef0&quot;(
              local!candidateData
            ),
            null,
            #&quot;SYSTEM_SYSRULES_linkField&quot;(
              align: &quot;LEFT&quot;,
              links: {
                #&quot;SYSTEM_SYSRULES_safeLink&quot;(
                  label: &quot;Click here to export Candidate Scores&quot;,
                  uri: getdatasubsetdownloadlinkfromrule(
                    #&quot;_a-0000dd96-1b17-8000-aae2-01ef9001ef90_6983&quot;,
                    #&quot;SYSTEM_SYSRULES_toJson&quot;(
                      {
                        ri!datetime_fromDate &amp; &quot;,&quot; &amp; ri!datetime_toDate
                      }
                    )
                  )
                )
              }
            )
          )
        },
        secondColumnContents: {},
        validations: {}
      )
    }
  )
)</definition>
        <namedTypedValue>
            <name>datetime_toDate</name>
            <type>
                <name>dateTime</name>
                <namespace>http://www.w3.org/2001/XMLSchema</namespace>
            </type>
        </namedTypedValue>
        <namedTypedValue>
            <name>datetime_fromDate</name>
            <type>
                <name>dateTime</name>
                <namespace>http://www.w3.org/2001/XMLSchema</namespace>
            </type>
        </namedTypedValue>
        <preferredEditor>interface</preferredEditor>
        <offlineEnabled>false</offlineEnabled>
    </rule>
    <roleMap public="true">
        <role allowForAll="false" inherit="true" name="readers">
            <users/>
            <groups/>
        </role>
        <role allowForAll="false" inherit="true" name="authors">
            <users/>
            <groups/>
        </role>
        <role allowForAll="false" inherit="true" name="administrators">
            <users/>
            <groups/>
        </role>
        <role allowForAll="false" inherit="false" name="denyReaders">
            <users/>
            <groups/>
        </role>
        <role allowForAll="false" inherit="false" name="denyAuthors">
            <users/>
            <groups/>
        </role>
        <role allowForAll="false" inherit="false" name="denyAdministrators">
            <users/>
            <groups/>
        </role>
    </roleMap>
</contentHaul>
