<?xml version="1.0" encoding="UTF-8" standalone="yes"?>
<contentHaul xmlns:a="http://www.appian.com/ae/types/2009">
    <rule>
        <name>IAL_SAIL_Section_QuestionsGrid</name>
        <uuid>_a-0000dd28-5c84-8000-9ccd-01ef9001ef90_57919</uuid>
        <description>This section will contain questions grid field with filters related to questions.</description>
        <parentUuid>_a-0000dd3c-1880-8000-9ccd-01ef9001ef90_58808</parentUuid>
        <visibility>
            <advertise>false</advertise>
            <hierarchy>true</hierarchy>
            <indexable>true</indexable>
            <quota>false</quota>
            <searchable>true</searchable>
            <system>false</system>
            <unlogged>false</unlogged>
        </visibility>
        <definition>load(
  local!pagingForQuestionsGrid: #&quot;_a-0000dd13-5aaa-8000-9ccd-01ef9001ef90_56189&quot;(
    int_startIndex: 1,
    int_batchSize: 5
  ),
  local!pagingReset: local!pagingForQuestionsGrid,
  local!enteredName,
  local!selectedTopicName,
  local!selectedCategoryName:ri!text_selectedCategoryName,
  local!selectedRelevancePointsRange,
  local!candidateDetails: #&quot;2ccad6b6-df16-4b91-b5cc-c118c46b770f&quot;(
    selectionColumns: {
      &quot;int_id&quot;
    },
    cdt_ialCandidate: {
      bool_isActive: true(),
      text_username: loggedInUser()
    },
    pagingInfo: #&quot;_a-0000dd13-5aaa-8000-9ccd-01ef9001ef90_56189&quot;(
      int_startIndex: 1,
      int_batchSize: 1,
      text_sortField: &quot;int_id&quot;,
      bool_isAscending: true()
    )
  ).data,
  local!questionDetails: #&quot;_a-0000dd31-d216-8000-9ccd-01ef9001ef90_58561&quot;(
    pagingInfo: #&quot;_a-0000dd13-5aaa-8000-9ccd-01ef9001ef90_56189&quot;(
      int_startIndex: 1,
      int_batchSize: 1,
      text_sortField: &quot;int_id&quot;,
      bool_isAscending: true()
    ),
    queryFilters: {
      #&quot;SYSTEM_SYSRULES_queryFilter&quot;(
        field: &quot;int_candidateId&quot;,
        operator: &quot;=&quot;,
        value: tointeger(
          index(
            local!candidateDetails[1],
            &quot;int_id&quot;,
            {}
          )
        )
      ),
      #&quot;SYSTEM_SYSRULES_queryFilter&quot;(
        field: &quot;bool_isQuestionActive&quot;,
        operator: &quot;=&quot;,
        value: true()
      )
    }
  ),
  local!categoryNames: union(
    index(
      local!questionDetails.data,
      &quot;text_categoryName&quot;,
      {}
    ),
    index(
      local!questionDetails.data,
      &quot;text_categoryName&quot;,
      {}
    )
  ),
  local!topicNames: union(
    index(
      local!questionDetails.data,
      &quot;text_topicName&quot;,
      {}
    ),
    index(
      local!questionDetails.data,
      &quot;text_topicName&quot;,
      {}
    )
  ),
  with(
    local!questionDataSubset: todatasubset(
      #&quot;acd01446-507c-4e6b-9ec1-bc9db82f5375&quot;(
        text_selectedCategoryName: local!selectedCategoryName,
        text_selectedTopicName: local!selectedTopicName,
        text_questionName: local!enteredName,
        cdt_questionDetails: index(
          local!questionDetails,
          &quot;data&quot;,
          {}
        )
      ),
      local!pagingForQuestionsGrid
    ),
    {
      /*a!textField(*/
      /*  value: local!questionDataSubset,*/
      /*  index(*/
      /*    local!questionDetails.data,*/
      /*    &quot;text_topicName&quot;,*/
      /*    {}*/
      /*  ),*/
      /*  readOnly: true()*/
      /*),*/
      if(
        ri!bool_isSelectionRequired,
        #&quot;SYSTEM_SYSRULES_sectionLayout&quot;(
          label: #&quot;_a-0000dd13-5aaa-8000-9ccd-01ef9001ef90_56291&quot;,
          firstColumnContents: {
            #&quot;SYSTEM_SYSRULES_dropdownField&quot;(
              label: &quot;Category&quot;,
              labelPosition: &quot;ABOVE&quot;,
              placeholderLabel: &quot;All&quot;,
              choiceLabels: local!categoryNames,
              choiceValues: local!categoryNames,
              value: local!selectedCategoryName,
              saveInto: {
                local!selectedCategoryName,
                /*a!save(*/
                /*  ri!int_selectedCategory,*/
                /*  save!value*/
                /*),*/
                a!save(
                  local!pagingForQuestionsGrid,
                  local!pagingReset
                )
              },
              validations: {}
            ),
            #&quot;SYSTEM_SYSRULES_dropdownField&quot;(
              label: &quot;Topic&quot;,
              labelPosition: &quot;ABOVE&quot;,
              placeholderLabel: &quot;All&quot;,
              choiceLabels: local!topicNames,
              choiceValues: local!topicNames,
              saveInto: {
                local!selectedTopicName,
                a!save(
                  local!pagingForQuestionsGrid,
                  local!pagingReset
                )
              },
              value: local!selectedTopicName,
              validations: {}
            )
          },
          secondColumnContents: {
            #&quot;SYSTEM_SYSRULES_textField&quot;(
              label: &quot;Name&quot;,
              labelPosition: &quot;ABOVE&quot;,
              value: local!enteredName,
              saveInto: {
                local!enteredName,
                a!save(
                  local!pagingForQuestionsGrid,
                  local!pagingReset
                )
              },
              refreshAfter: &quot;KEYPRESS&quot;,
              validations: {}
            )/*,*/
            /*a!dropdownField(*/
            /*  label: &quot;Relevance Points&quot;,*/
            /*  labelPosition: &quot;ABOVE&quot;,*/
            /*  placeholderLabel: &quot;All&quot;,*/
            /*  choiceLabels: cons!IAL_FILTER_OPTIONS_FOR_RELEVANCE_POINTS,*/
            /*  choiceValues: cons!IAL_FILTER_OPTIONS_FOR_RELEVANCE_POINTS,*/
            /*  saveInto: {*/
            /*    local!selectedRelevancePointsRange,*/
            /*    a!save(*/
            /*      local!pagingForQuestionsGrid,*/
            /*      local!pagingReset*/
            /*    )*/
            /*  },*/
            /*  value: local!selectedRelevancePointsRange,*/
            /*  validations: {}*/
            /*)*/
            
          },
          validations: {}
        ),
        {}
      ),
      #&quot;SYSTEM_SYSRULES_sectionLayout&quot;(
        label: if(
          ri!bool_isSelectionRequired,
          &quot;&quot;,
          #&quot;_a-0000dd13-5aaa-8000-9ccd-01ef9001ef90_56291&quot;
        ),
        firstColumnContents: {
          #&quot;_a-0000dd13-5aaa-8000-9ccd-01ef9001ef90_56214&quot;(
            questionsDetails: local!questionDataSubset,
            pagingForQuestionsGrid: local!pagingForQuestionsGrid,
            bool_showSelection: false(),
            bool_isFromCategoryDashboard: if(ri!bool_displayCategory,false(),true())
          )
        }
      )
    }
  )
)</definition>
        <namedTypedValue>
            <name>text_selectedCategoryName</name>
            <type>
                <name>string</name>
                <namespace>http://www.w3.org/2001/XMLSchema</namespace>
            </type>
            <value/>
        </namedTypedValue>
        <namedTypedValue>
            <name>bool_isSelectionRequired</name>
            <type>
                <name>boolean</name>
                <namespace>http://www.w3.org/2001/XMLSchema</namespace>
            </type>
        </namedTypedValue>
        <namedTypedValue>
            <name>bool_displayCategory</name>
            <type>
                <name>boolean</name>
                <namespace>http://www.w3.org/2001/XMLSchema</namespace>
            </type>
        </namedTypedValue>
        <preferredEditor>interface</preferredEditor>
        <offlineEnabled>false</offlineEnabled>
    </rule>
    <roleMap public="true">
        <role allowForAll="false" inherit="true" name="readers">
            <users/>
            <groups/>
        </role>
        <role allowForAll="false" inherit="true" name="authors">
            <users/>
            <groups/>
        </role>
        <role allowForAll="false" inherit="true" name="administrators">
            <users>
                <userUuid>rajasekharp</userUuid>
            </users>
            <groups/>
        </role>
        <role allowForAll="false" inherit="false" name="denyReaders">
            <users/>
            <groups/>
        </role>
        <role allowForAll="false" inherit="false" name="denyAuthors">
            <users/>
            <groups/>
        </role>
        <role allowForAll="false" inherit="false" name="denyAdministrators">
            <users/>
            <groups/>
        </role>
    </roleMap>
    <typedValue>
        <type>
            <name>RuleTestConfig?list</name>
            <namespace>http://www.appian.com/ae/types/2009</namespace>
        </type>
        <value>
            <el>
                <a:name/>
                <a:ruleInputTestConfigs>
                    <a:value xmlns:xsd="http://www.w3.org/2001/XMLSchema" xmlns:xsi="http://www.w3.org/2001/XMLSchema-instance" xsi:type="xsd:string"/>
                    <a:nameRef>text_selectedCategoryName</a:nameRef>
                    <a:id/>
                </a:ruleInputTestConfigs>
                <a:ruleInputTestConfigs>
                    <a:value xmlns:xsd="http://www.w3.org/2001/XMLSchema" xmlns:xsi="http://www.w3.org/2001/XMLSchema-instance" xsi:nil="true" xsi:type="xsd:boolean"/>
                    <a:nameRef>bool_isSelectionRequired</a:nameRef>
                    <a:id/>
                </a:ruleInputTestConfigs>
                <a:ruleInputTestConfigs>
                    <a:value xmlns:xsd="http://www.w3.org/2001/XMLSchema" xmlns:xsi="http://www.w3.org/2001/XMLSchema-instance" xsi:nil="true" xsi:type="xsd:boolean"/>
                    <a:nameRef>bool_displayCategory</a:nameRef>
                    <a:id/>
                </a:ruleInputTestConfigs>
                <a:assertions xmlns:xsi="http://www.w3.org/2001/XMLSchema-instance" xsi:nil="true"/>
            </el>
        </value>
    </typedValue>
</contentHaul>
