<?xml version="1.0" encoding="UTF-8" standalone="yes"?>
<contentHaul xmlns:a="http://www.appian.com/ae/types/2009">
    <rule>
        <name>IAL_SAIL_Form_createUpdateOrDeactivateCategory</name>
        <uuid>_a-0000dd3c-1880-8000-9ccd-01ef9001ef90_60061</uuid>
        <description>Renders an interface allowing the user to upload/update/deactivate a Category</description>
        <parentUuid>_a-0000dd3c-1880-8000-9ccd-01ef9001ef90_58807</parentUuid>
        <visibility>
            <advertise>false</advertise>
            <hierarchy>true</hierarchy>
            <indexable>true</indexable>
            <quota>false</quota>
            <searchable>true</searchable>
            <system>false</system>
            <unlogged>false</unlogged>
        </visibility>
        <definition>load(
  local!questionDetails: #&quot;_a-0000dd2d-fe61-8000-9ccd-01ef9001ef90_58220&quot;(
    selectionColumns: {},
    cdt_ialViewQuestion: {},
    pagingInfo: #&quot;_a-0000dd13-5aaa-8000-9ccd-01ef9001ef90_56189&quot;(
      int_startIndex: 1,
      int_batchSize: - 1,
      text_sortField: &quot;int_questionId&quot;,
      bool_isAscending: true()
    ),
    queryFilters: {
      #&quot;SYSTEM_SYSRULES_queryFilter&quot;(
        field: &quot;int_categoryId&quot;,
        operator: &quot;=&quot;,
        value: ri!previousCategoryDetails.int_id
      ),
      #&quot;SYSTEM_SYSRULES_queryFilter&quot;(
        field: &quot;bool_isQuestionActive&quot;,
        operator: &quot;=&quot;,
        value: true()
      )
    }
  ),
  local!pagingForQuestionsGrid: #&quot;_a-0000dd13-5aaa-8000-9ccd-01ef9001ef90_56189&quot;(
    int_startIndex: 1,
    int_batchSize: 5,
    text_sortField: &quot;int_questionId&quot;,
    bool_isAscending: true()
  ),
  local!previousCategoryDetails: ri!previousCategoryDetails,
  with(
    local!questionDataSubset: todatasubset(
      local!questionDetails.data,
      local!pagingForQuestionsGrid
    ),
    #&quot;SYSTEM_SYSRULES_formLayout&quot;(
      label: if(
        ri!bool_isUpdate,
        &quot;Update Category - &quot; &amp; ri!previousCategoryDetails.text_categoryName,
        if(
          ri!bool_isCalledFromDeactivate,
          &quot;Deactivate Category - &quot; &amp; ri!previousCategoryDetails.text_categoryName,
          &quot;&quot;
        )
      ),
      firstColumnContents: {
        #&quot;_a-0000dd2d-fe61-8000-9ccd-01ef9001ef90_58223&quot;(
          cdt_ialCategory: local!previousCategoryDetails,
          doc_uploadedIcon: ri!doc_uploadedIcon,
          bool_isFromRelatedAction: true(),
          bool_isCalledFromDeactivate: ri!bool_isCalledFromDeactivate,
          bool_isUpdate: ri!bool_isUpdate
        ),
        if(
          ri!bool_isCalledFromDeactivate,
          {
            #&quot;SYSTEM_SYSRULES_sectionLayout&quot;(
              label: &quot;Questions&quot;,
              firstColumnContents: {
                #&quot;_a-0000dd3c-1880-8000-9ccd-01ef9001ef90_58845&quot;(
                  questionsDetails: local!questionDataSubset,
                  pagingForQuestionsGrid: local!pagingForQuestionsGrid
                )
              }
            )
          },
          {}
        ),
        if(
          or(
            ri!bool_isUpdate,
            ri!bool_isCalledFromDeactivate
          ),
          {
            #&quot;SYSTEM_SYSRULES_sectionLayout&quot;(
              label: &quot;Explanation&quot;,
              firstColumnContents: {
                #&quot;SYSTEM_SYSRULES_paragraphField&quot;(
                  label: &quot;Comments&quot;,
                  value: ri!text_comments,
                  saveInto: ri!text_comments,
                  height: &quot;SHORT&quot;,
                  labelPosition: &quot;ADJACENT&quot;,
                  validations: {
                    if(
                      #&quot;3cb44a61-09f2-4f15-91e8-489ab1280ef0&quot;(
                        ri!text_comments
                      ),
                      &quot;&quot;,
                      if(
                        len(
                          ri!text_comments
                        ) &gt; 255,
                        &quot;Comments may contain only 255 characters&quot;,
                        &quot;&quot;
                      )
                    )
                  }
                )
              },
              secondColumnContents: {},
              validations: {}
            )
          },
          {}
        ),
        if(
          ri!bool_isCalledFromDeactivate,
          {
            #&quot;SYSTEM_SYSRULES_richTextDisplayField&quot;(
              label: &quot;Warning&quot;,
              labelPosition: &quot;ADJACENT&quot;,
              value: {
                #&quot;SYSTEM_SYSRULES_richTextImage&quot;(
                  image: #&quot;SYSTEM_SYSRULES_documentImage&quot;(
                    document: #&quot;SYSTEM_SYSRULES_iconIndicator&quot;(
                      icon: &quot;STATUS_WARN&quot;
                    )
                  )
                ),
                &quot; If you deactivate the Category, all the questions related to this Category will also get deactivated.&quot;
              }
            )
          },
          {}
        )
      },
      secondColumnContents: {},
      validations: {
        if(
          ri!bool_isCalledFromDeactivate,
          &quot;&quot;,
          if(
            and(
              ri!cancel = false(),
              or(
                isnull(
                  ri!previousCategoryDetails.text_categoryDescription
                ),
                isnull(
                  ri!previousCategoryDetails.text_categoryName
                ),
                isnull(
                  ri!previousCategoryDetails.int_totalWeightage
                )
              )
            ),
            &quot;Please fill out all the fields&quot;,
            &quot;&quot;
          )
        )
      },
      buttons: #&quot;SYSTEM_SYSRULES_ButtonLayout&quot;(
        primaryButtons: if(
          ri!bool_isUpdate,
          {
            #&quot;SYSTEM_SYSRULES_ButtonWidgetSubmit&quot;(
              label: #&quot;_a-0000dd3c-1880-8000-9ccd-01ef9001ef90_58830&quot;,
              style: &quot;PRIMARY&quot;,
              value: #&quot;_a-0000dd3c-1880-8000-9ccd-01ef9001ef90_58830&quot;,
              saveInto: {
                ri!text_formAction,
                a!save(
                  ri!cancel,
                  false()
                ),
                a!save(
                  ri!currentCategoryDetails,
                  local!previousCategoryDetails
                ),
                a!save(
                  ri!bool_iscategoryUpdated,
                  #&quot;_a-0000dd3c-1880-8000-9ccd-01ef9001ef90_61438&quot;(
                    previouscategoryDetails: ri!previousCategoryDetails,
                    updatedCategorDetails: ri!currentCategoryDetails
                  )
                )
              }
            )
          },
          {
            #&quot;SYSTEM_SYSRULES_ButtonWidgetSubmit&quot;(
              label: #&quot;_a-0000dd3c-1880-8000-9ccd-01ef9001ef90_58829&quot;,
              style: &quot;DESTRUCTIVE&quot;,
              value: #&quot;_a-0000dd3c-1880-8000-9ccd-01ef9001ef90_58829&quot;,
              confirmMessage: &quot;You are about to deactivate the Category, Are you sure to continue?&quot;,
              saveInto: {
                ri!text_formAction,
                a!save(
                  ri!cancel,
                  false()
                )
              }
            )
          }
        ),
        secondaryButtons: {
          #&quot;SYSTEM_SYSRULES_ButtonWidgetSubmit&quot;(
            label: #&quot;_a-0000dd3c-1880-8000-9ccd-01ef9001ef90_58832&quot;,
            style: &quot;NORMAL&quot;,
            value: true(),
            saveInto: {
              ri!cancel,
              a!save(
                ri!text_formAction,
                #&quot;_a-0000dd3c-1880-8000-9ccd-01ef9001ef90_58832&quot;
              )
            },
            skipValidation: true()
          )
        }
      )
    )
  )
)</definition>
        <namedTypedValue>
            <name>bool_isUpdate</name>
            <type>
                <name>boolean</name>
                <namespace>http://www.w3.org/2001/XMLSchema</namespace>
            </type>
        </namedTypedValue>
        <namedTypedValue>
            <name>currentCategoryDetails</name>
            <type>
                <name>IAL_Category</name>
                <namespace>urn:com:appian:types:IAL</namespace>
            </type>
        </namedTypedValue>
        <namedTypedValue>
            <name>doc_uploadedIcon</name>
            <type>
                <name>CollaborationDocument</name>
                <namespace>http://www.appian.com/ae/types/2009</namespace>
            </type>
        </namedTypedValue>
        <namedTypedValue>
            <name>cancel</name>
            <type>
                <name>boolean</name>
                <namespace>http://www.w3.org/2001/XMLSchema</namespace>
            </type>
        </namedTypedValue>
        <namedTypedValue>
            <name>text_formAction</name>
            <type>
                <name>string</name>
                <namespace>http://www.w3.org/2001/XMLSchema</namespace>
            </type>
            <value/>
        </namedTypedValue>
        <namedTypedValue>
            <name>previousCategoryDetails</name>
            <type>
                <name>IAL_Category</name>
                <namespace>urn:com:appian:types:IAL</namespace>
            </type>
        </namedTypedValue>
        <namedTypedValue>
            <name>text_comments</name>
            <type>
                <name>string</name>
                <namespace>http://www.w3.org/2001/XMLSchema</namespace>
            </type>
            <value/>
        </namedTypedValue>
        <namedTypedValue>
            <name>bool_isCalledFromDeactivate</name>
            <type>
                <name>boolean</name>
                <namespace>http://www.w3.org/2001/XMLSchema</namespace>
            </type>
        </namedTypedValue>
        <namedTypedValue>
            <name>bool_iscategoryUpdated</name>
            <type>
                <name>boolean</name>
                <namespace>http://www.w3.org/2001/XMLSchema</namespace>
            </type>
        </namedTypedValue>
        <preferredEditor>interface</preferredEditor>
        <offlineEnabled>false</offlineEnabled>
    </rule>
    <roleMap public="true">
        <role allowForAll="false" inherit="true" name="readers">
            <users/>
            <groups/>
        </role>
        <role allowForAll="false" inherit="true" name="authors">
            <users/>
            <groups/>
        </role>
        <role allowForAll="false" inherit="true" name="administrators">
            <users>
                <userUuid>poornag</userUuid>
            </users>
            <groups/>
        </role>
        <role allowForAll="false" inherit="false" name="denyReaders">
            <users/>
            <groups/>
        </role>
        <role allowForAll="false" inherit="false" name="denyAuthors">
            <users/>
            <groups/>
        </role>
        <role allowForAll="false" inherit="false" name="denyAdministrators">
            <users/>
            <groups/>
        </role>
    </roleMap>
    <typedValue>
        <type>
            <name>RuleTestConfig?list</name>
            <namespace>http://www.appian.com/ae/types/2009</namespace>
        </type>
        <value>
            <el>
                <a:name/>
                <a:ruleInputTestConfigs>
                    <a:value xmlns:xsd="http://www.w3.org/2001/XMLSchema" xmlns:xsi="http://www.w3.org/2001/XMLSchema-instance" xsi:nil="true" xsi:type="xsd:boolean"/>
                    <a:nameRef>bool_isUpdate</a:nameRef>
                    <a:id/>
                </a:ruleInputTestConfigs>
                <a:ruleInputTestConfigs>
                    <a:value xmlns:n1="urn:com:appian:types:IAL" xmlns:xsi="http://www.w3.org/2001/XMLSchema-instance" xsi:nil="true" xsi:type="n1:IAL_Category"/>
                    <a:nameRef>currentCategoryDetails</a:nameRef>
                    <a:id/>
                </a:ruleInputTestConfigs>
                <a:ruleInputTestConfigs>
                    <a:value xmlns:xsi="http://www.w3.org/2001/XMLSchema-instance" xsi:nil="true" xsi:type="a:CollaborationDocument"/>
                    <a:nameRef>doc_uploadedIcon</a:nameRef>
                    <a:id/>
                </a:ruleInputTestConfigs>
                <a:ruleInputTestConfigs>
                    <a:value xmlns:xsd="http://www.w3.org/2001/XMLSchema" xmlns:xsi="http://www.w3.org/2001/XMLSchema-instance" xsi:nil="true" xsi:type="xsd:boolean"/>
                    <a:nameRef>cancel</a:nameRef>
                    <a:id/>
                </a:ruleInputTestConfigs>
                <a:ruleInputTestConfigs>
                    <a:value xmlns:xsd="http://www.w3.org/2001/XMLSchema" xmlns:xsi="http://www.w3.org/2001/XMLSchema-instance" xsi:type="xsd:string"/>
                    <a:nameRef>text_formAction</a:nameRef>
                    <a:id/>
                </a:ruleInputTestConfigs>
                <a:ruleInputTestConfigs>
                    <a:value xmlns:n1="urn:com:appian:types:IAL" xmlns:xsi="http://www.w3.org/2001/XMLSchema-instance" xsi:nil="true" xsi:type="n1:IAL_Category"/>
                    <a:nameRef>previousCategoryDetails</a:nameRef>
                    <a:id/>
                </a:ruleInputTestConfigs>
                <a:ruleInputTestConfigs>
                    <a:value xmlns:xsd="http://www.w3.org/2001/XMLSchema" xmlns:xsi="http://www.w3.org/2001/XMLSchema-instance" xsi:type="xsd:string"/>
                    <a:nameRef>text_comments</a:nameRef>
                    <a:id/>
                </a:ruleInputTestConfigs>
                <a:ruleInputTestConfigs>
                    <a:value xmlns:xsd="http://www.w3.org/2001/XMLSchema" xmlns:xsi="http://www.w3.org/2001/XMLSchema-instance" xsi:nil="true" xsi:type="xsd:boolean"/>
                    <a:nameRef>bool_isCalledFromDeactivate</a:nameRef>
                    <a:id/>
                </a:ruleInputTestConfigs>
                <a:ruleInputTestConfigs>
                    <a:value xmlns:xsd="http://www.w3.org/2001/XMLSchema" xmlns:xsi="http://www.w3.org/2001/XMLSchema-instance" xsi:nil="true" xsi:type="xsd:boolean"/>
                    <a:nameRef>bool_iscategoryUpdated</a:nameRef>
                    <a:id/>
                </a:ruleInputTestConfigs>
                <a:assertions xmlns:xsi="http://www.w3.org/2001/XMLSchema-instance" xsi:nil="true"/>
            </el>
        </value>
    </typedValue>
</contentHaul>
