<?xml version="1.0" encoding="UTF-8" standalone="yes"?>
<contentHaul xmlns:a="http://www.appian.com/ae/types/2009">
    <rule>
        <name>IAL_getEvaluatorReportDownloadDatasubset</name>
        <uuid>_a-0000dd98-6750-8000-9ccd-01ef9001ef90_86203</uuid>
        <description>This is used to download evaluator report data</description>
        <parentUuid>_a-0000dd13-5aaa-8000-9ccd-01ef9001ef90_55727</parentUuid>
        <visibility>
            <advertise>false</advertise>
            <hierarchy>true</hierarchy>
            <indexable>true</indexable>
            <quota>false</quota>
            <searchable>true</searchable>
            <system>false</system>
            <unlogged>false</unlogged>
        </visibility>
        <definition> 'type!{urn:appian:plugin:datasubsetdownload:types}ExportableDataSubset'(&#xD;
  datasubset:todatasubset(#&quot;SYSTEM_SYSRULES_fromJson&quot;(ri!input),fn!topaginginfo(1,-1)),&#xD;
  fieldNames: {&quot;evaluatorID&quot;,&quot;evaluatorFullName&quot;,&quot;evaluatorName&quot;,&quot;evaluatorEmail&quot;,&quot;totalEvaluations&quot;,},&#xD;
  fieldLabels: {&quot;Evaluator ID&quot;,&quot;Evaluator Name&quot;,&quot;Evaluator Username&quot;,&quot;Evaluator Email&quot;,&quot;Total Evaluations&quot;},&#xD;
  filename: &quot;Evaluators report&quot;&#xD;
)&#xD;
</definition>
        <namedTypedValue>
            <name>input</name>
            <type>
                <name>Variant</name>
                <namespace>http://www.appian.com/ae/types/2009</namespace>
            </type>
        </namedTypedValue>
        <preferredEditor>legacy</preferredEditor>
        <offlineEnabled>false</offlineEnabled>
    </rule>
    <roleMap public="true">
        <role allowForAll="false" inherit="true" name="readers">
            <users/>
            <groups/>
        </role>
        <role allowForAll="false" inherit="true" name="authors">
            <users/>
            <groups/>
        </role>
        <role allowForAll="false" inherit="true" name="administrators">
            <users/>
            <groups/>
        </role>
        <role allowForAll="false" inherit="false" name="denyReaders">
            <users/>
            <groups/>
        </role>
        <role allowForAll="false" inherit="false" name="denyAuthors">
            <users/>
            <groups/>
        </role>
        <role allowForAll="false" inherit="false" name="denyAdministrators">
            <users/>
            <groups/>
        </role>
    </roleMap>
</contentHaul>
