<?xml version="1.0" encoding="UTF-8" standalone="yes"?>
<contentHaul xmlns:a="http://www.appian.com/ae/types/2009">
    <rule>
        <name>IAL_SAIL_Section_createOrUpdateQuestion</name>
        <uuid>_a-0000dd28-5c84-8000-9ccd-01ef9001ef90_57951</uuid>
        <description>This SAIL form is used to for the section part to add new or update existing question</description>
        <parentUuid>_a-0000dd3c-1880-8000-9ccd-01ef9001ef90_58808</parentUuid>
        <visibility>
            <advertise>false</advertise>
            <hierarchy>true</hierarchy>
            <indexable>true</indexable>
            <quota>false</quota>
            <searchable>true</searchable>
            <system>false</system>
            <unlogged>false</unlogged>
        </visibility>
        <definition>load(
  local!pagingInfo: #&quot;SYSTEM_SYSRULES_pagingInfo&quot;(
    1,
    - 1
  ),
  local!cdt_topicDetails: #&quot;35d301d2-8ed6-4d1d-b1e5-de135dd393d1&quot;(
    selectionColumns: {
      &quot;text_topicName&quot;,
      &quot;text_topicCode&quot;,
      &quot;int_id&quot;
    },
    pagingInfo: local!pagingInfo
  ).data,
  local!cdt_categoryDetails: #&quot;6eb1ba97-ac38-4a80-938b-9327e78e60ff&quot;(
    selectionColumns: {
      &quot;text_categoryName&quot;,
      &quot;int_id&quot;
    },
    pagingInfo: local!pagingInfo
  ).data,
  local!cdt_complexityData: #&quot;c7b8b551-ade8-4113-9fc7-5f3c9ea2449d&quot;(
    selectionColumns: {
      &quot;int_id&quot;,
      &quot;text_statusName&quot;
    },
    cdt_ialStatus: {
      int_entityId: index(
        #&quot;775ac157-c359-4876-9d81-d920b855da65&quot;(
          selectionColumns: {
            &quot;int_id&quot;
          },
          cdt_ialEntityLookup: {
            text_entityName: &quot;IAL_Question&quot;
          },
          pagingInfo: local!pagingInfo
        ).data,
        &quot;int_id&quot;,
        {}
      )
    },
    pagingInfo: local!pagingInfo
  ).data,
  #&quot;SYSTEM_SYSRULES_sectionLayout&quot;(
    label: &quot;Question Details&quot;,
    firstColumnContents: {
      #&quot;SYSTEM_SYSRULES_textField&quot;(
        label: &quot;Name&quot;,
        helpTooltip: if(
          ri!bool_isReadOnly,
          &quot;&quot;,
          &quot;This is the field to enter question name&quot;
        ),
        required: ri!bool_isRequired,
        requiredMessage: &quot;Topic is required&quot;,
        labelPosition: if(
          #&quot;3cb44a61-09f2-4f15-91e8-489ab1280ef0&quot;(
            ri!text_labelPosition
          ),
          &quot;ABOVE&quot;,
          ri!text_labelPosition
        ),
        readOnly: ri!bool_isReadOnly,
        value: ri!cdt_question.text_questionName,
        saveInto: ri!cdt_question.text_questionName,
        validations: {
          if(
            fn!length(
              ri!cdt_question.text_questionName
            ) &gt; 50,
            &quot;Please enter 50 characters for Question Name&quot;,
            &quot;&quot;
          )
        }
      ),
      #&quot;SYSTEM_SYSRULES_dropdownField&quot;(
        label: &quot;Topic&quot;,
        helpTooltip: if(
          ri!bool_isReadOnly,
          &quot;&quot;,
          &quot;This is the field to select topic for question&quot;
        ),
        labelPosition: if(
          #&quot;3cb44a61-09f2-4f15-91e8-489ab1280ef0&quot;(
            ri!text_labelPosition
          ),
          &quot;ABOVE&quot;,
          ri!text_labelPosition
        ),
        required: ri!bool_isRequired,
        requiredMessage: &quot;Topic is required&quot;,
        disabled: ri!bool_isReadOnly,
        placeholderLabel: &quot;Please select a Topic&quot;,
        choiceLabels: index(
          local!cdt_topicDetails,
          &quot;text_topicName&quot;,
          {}
        ),
        choiceValues: index(
          local!cdt_topicDetails,
          &quot;int_id&quot;,
          {}
        ),
        value: ri!cdt_question.int_topicId,
        saveInto: {
          ri!cdt_question.int_topicId,
          a!save(
            ri!cdt_question.text_questionCode,
            #&quot;_a-0000dd13-5aaa-8000-9ccd-01ef9001ef90_56838&quot;(
              int_selectedTopicId: ri!cdt_question.int_topicId
            )
          )
        }
      ),
      #&quot;SYSTEM_SYSRULES_textField&quot;(
        label: &quot;Code&quot;,
        helpTooltip: if(
          ri!bool_isReadOnly,
          &quot;&quot;,
          &quot;This is the field for automatic question code for question based on the topic and latest question number&quot;
        ),
        labelPosition: if(
          #&quot;3cb44a61-09f2-4f15-91e8-489ab1280ef0&quot;(
            ri!text_labelPosition
          ),
          &quot;ABOVE&quot;,
          ri!text_labelPosition
        ),
        readonly: true(),
        value: ri!cdt_question.text_questionCode
      ),
      #&quot;SYSTEM_SYSRULES_dropdownField&quot;(
        label: &quot;Category&quot;,
        helpTooltip: if(
          ri!bool_isReadOnly,
          &quot;&quot;,
          &quot;This ist he field to select category for question&quot;
        ),
        labelPosition: if(
          #&quot;3cb44a61-09f2-4f15-91e8-489ab1280ef0&quot;(
            ri!text_labelPosition
          ),
          &quot;ABOVE&quot;,
          ri!text_labelPosition
        ),
        requiredMessage: &quot;Category is required&quot;,
        required: ri!bool_isRequired,
        disabled: ri!bool_isReadOnly,
        placeholderLabel: &quot;Please select Category&quot;,
        choiceLabels: index(
          local!cdt_categoryDetails,
          &quot;text_categoryName&quot;,
          {}
        ),
        choiceValues: index(
          local!cdt_categoryDetails,
          &quot;int_id&quot;,
          {}
        ),
        value: ri!cdt_question.int_categoryId,
        saveInto: ri!cdt_question.int_categoryId
      ),
      #&quot;SYSTEM_SYSRULES_dropdownField&quot;(
        label: &quot;Complexity Level&quot;,
        labelPosition: if(
          #&quot;3cb44a61-09f2-4f15-91e8-489ab1280ef0&quot;(
            ri!text_labelPosition
          ),
          &quot;ABOVE&quot;,
          ri!text_labelPosition
        ),
        requiredMessage: &quot;Complexity Level is required&quot;,
        required: ri!bool_isRequired,
        disabled: ri!bool_isReadOnly,
        placeholderLabel: &quot;Please select Complexity level&quot;,
        choiceLabels: index(
          local!cdt_complexityData,
          &quot;text_statusName&quot;,
          {}
        ),
        choiceValues: index(
          local!cdt_complexityData,
          &quot;int_id&quot;,
          {}
        ),
        value: ri!cdt_question.int_questionComplexityId,
        saveInto: ri!cdt_question.int_questionComplexityId
      ),
      if(
        ri!bool_isReadOnly,
        {
          #&quot;SYSTEM_SYSRULES_linkField&quot;(
            label: &quot;Question Document&quot;,
            labelPosition:&quot;ADJACENT&quot;,
            links: if(
              or(
                #&quot;3cb44a61-09f2-4f15-91e8-489ab1280ef0&quot;(
                  ri!cdt_question.int_questionDocumetId
                )
                ,
                not(isobjectexists(
                  &quot;Document&quot;,
                  ri!cdt_question.int_questionDocumetId
                ))
              ),
              {},
              {
                #&quot;SYSTEM_SYSRULES_documentDownloadLink&quot;(
                  document: ri!cdt_question.int_questionDocumetId,
                  label: document(
                    ri!cdt_question.int_questionDocumetId,
                    &quot;name&quot;
                  )
                )
              }
            )
          )
        },
        {
          #&quot;SYSTEM_SYSRULES_fileUploadField&quot;(
            label: &quot;Upload Question Document&quot;,
            instructions: &quot;only &quot; &amp; joinarray(#&quot;_a-0000dd69-3122-8000-aae2-01ef9001ef90_5910&quot;,&quot;,&quot;) &amp;&quot; are allowed&quot;,
            labelPosition: if(
              #&quot;3cb44a61-09f2-4f15-91e8-489ab1280ef0&quot;(
                ri!text_labelPosition
              ),
              &quot;ABOVE&quot;,
              ri!text_labelPosition
            ),
            requiredMessage: &quot;Question Document is required to upload&quot;,
            required: ri!bool_isRequired,
            disabled: ri!bool_isReadOnly,
            target: if(
              ri!text_actionType = #&quot;_a-0000dd28-5c84-8000-9ccd-01ef9001ef90_58024&quot;[1],
              #&quot;_a-0000dd28-5c84-8000-9ccd-01ef9001ef90_57704&quot;,
              ri!doc_uploadedDoc
            ),
            validations: 
              if(
                #&quot;3cb44a61-09f2-4f15-91e8-489ab1280ef0&quot;(ri!doc_uploadedDoc),
                &quot;&quot;,if(#&quot;_a-0000dd69-3122-8000-aae2-01ef9001ef90_5907&quot;(
                ri!doc_uploadedDoc,
                #&quot;_a-0000dd69-3122-8000-aae2-01ef9001ef90_5910&quot;),
                &quot;&quot;,
                &quot;The document you have uploaded is invalild&quot;)),
            value: ri!doc_uploadedDoc,
            saveInto: ri!doc_uploadedDoc
          )
        }
      ),
      /*if(*/
      /*  ri!bool_isReadOnly,*/
      /*  {},*/
      /*  {*/
      /*    a!checkboxField(*/
      /*      label: &quot;&quot;,*/
      /*      choiceLabels: {*/
      /*        &quot;Are there any Prerequisite for this Question?&quot;*/
      /*      },*/
      /*      choiceValues: {*/
      /*        true()*/
      /*      },*/
      /*      value: ri!bool_hasQuestionPrerequisite,*/
      /*      saveInto: ri!bool_hasQuestionPrerequisite*/
      /*    )*/
      /*  }*/
      /*)*/
    },
    secondColumnContents: {
      #&quot;SYSTEM_SYSRULES_paragraphField&quot;(
        label: &quot;Description&quot;,
        readOnly: ri!bool_isReadOnly,
        requiredMessage: &quot;Question Description is required&quot;,
        required: ri!bool_isRequired,
        labelPosition: if(
          #&quot;3cb44a61-09f2-4f15-91e8-489ab1280ef0&quot;(
            ri!text_labelPosition
          ),
          &quot;ABOVE&quot;,
          ri!text_labelPosition
        ),
        value: ri!cdt_question.text_questionDescription,
        saveInto: ri!cdt_question.text_questionDescription,
        validations: {
          if(
            fn!length(
              ri!cdt_question.text_questionDescription
            ) &gt; 500,
            &quot;Please enter 500 characters for Question Description&quot;,
            &quot;&quot;
          )
        }
      ),
      #&quot;SYSTEM_SYSRULES_floatingPointField&quot;(
        label: &quot;Evaluation Time(In hours)&quot;,
        labelPosition: if(
          #&quot;3cb44a61-09f2-4f15-91e8-489ab1280ef0&quot;(
            ri!text_labelPosition
          ),
          &quot;ABOVE&quot;,
          ri!text_labelPosition
        ),
        requiredMessage: &quot;Evaluation Time is required&quot;,
        required: ri!bool_isRequired,
        readOnly: ri!bool_isReadOnly,
        value: ri!cdt_question.dec_evaluationTimeInHours,
        saveInto: ri!cdt_question.dec_evaluationTimeInHours,
        validations: {
          if(
            or(
              ri!cdt_question.dec_evaluationTimeInHours &lt; 0,
              ri!cdt_question.dec_evaluationTimeInHours &gt; 10
            ),
            &quot;Please enter hours for evaluation time greaterthan 0 and less than 10&quot;,
            &quot;&quot;
          )
        }
      ),
      #&quot;SYSTEM_SYSRULES_integerField&quot;(
        label: &quot;Weightage&quot;,
        labelPosition: if(
          #&quot;3cb44a61-09f2-4f15-91e8-489ab1280ef0&quot;(
            ri!text_labelPosition
          ),
          &quot;ABOVE&quot;,
          ri!text_labelPosition
        ),
        requiredMessage: &quot;Wheightage is required&quot;,
        required: ri!bool_isRequired,
        readOnly: ri!bool_isReadOnly,
        value: ri!cdt_question.int_weightage,
        saveInto: ri!cdt_question.int_weightage,
        validations: {
          if(
            or(
              ri!cdt_question.int_weightage &lt; 0,
              ri!cdt_question.int_weightage &gt; 100
            ),
            &quot;Please enter wheightage points greater than 0 and less than 100&quot;,
            &quot;&quot;
          )
        }
      ),
      #&quot;SYSTEM_SYSRULES_integerField&quot;(
        label: &quot;Relevance Points&quot;,
        labelPosition: if(
          #&quot;3cb44a61-09f2-4f15-91e8-489ab1280ef0&quot;(
            ri!text_labelPosition
          ),
          &quot;ABOVE&quot;,
          ri!text_labelPosition
        ),
        requiredMessage: &quot;Relevance Points are required&quot;,
        required: ri!bool_isRequired,
        readOnly: ri!bool_isReadOnly,
        value: ri!cdt_question.int_relevancePoints,
        saveInto: ri!cdt_question.int_relevancePoints,
        validations: {
          if(
            or(
              ri!cdt_question.int_relevancePoints &lt; 0,
              ri!cdt_question.int_relevancePoints &gt; 100
            ),
            &quot;Please enter relevance points greater than 0 and less than 100&quot;,
            &quot;&quot;
          )
        }
      )
    }
  )
)</definition>
        <namedTypedValue>
            <name>text_actionType</name>
            <type>
                <name>string</name>
                <namespace>http://www.w3.org/2001/XMLSchema</namespace>
            </type>
            <value/>
        </namedTypedValue>
        <namedTypedValue>
            <name>cdt_question</name>
            <type>
                <name>IAL_Question</name>
                <namespace>urn:com:appian:types:IAL</namespace>
            </type>
        </namedTypedValue>
        <namedTypedValue>
            <name>doc_uploadedDoc</name>
            <type>
                <name>CollaborationDocument</name>
                <namespace>http://www.appian.com/ae/types/2009</namespace>
            </type>
        </namedTypedValue>
        <namedTypedValue>
            <name>bool_isReadOnly</name>
            <type>
                <name>boolean</name>
                <namespace>http://www.w3.org/2001/XMLSchema</namespace>
            </type>
        </namedTypedValue>
        <namedTypedValue>
            <name>bool_isRequired</name>
            <type>
                <name>boolean</name>
                <namespace>http://www.w3.org/2001/XMLSchema</namespace>
            </type>
        </namedTypedValue>
        <namedTypedValue>
            <name>text_labelPosition</name>
            <type>
                <name>string</name>
                <namespace>http://www.w3.org/2001/XMLSchema</namespace>
            </type>
            <value/>
        </namedTypedValue>
        <namedTypedValue>
            <name>bool_hasQuestionPrerequisite</name>
            <type>
                <name>boolean</name>
                <namespace>http://www.w3.org/2001/XMLSchema</namespace>
            </type>
        </namedTypedValue>
        <preferredEditor>interface</preferredEditor>
        <offlineEnabled>false</offlineEnabled>
    </rule>
    <roleMap public="true">
        <role allowForAll="true" inherit="false" name="readers">
            <users/>
            <groups/>
        </role>
        <role allowForAll="true" inherit="false" name="authors">
            <users/>
            <groups/>
        </role>
        <role allowForAll="false" inherit="false" name="administrators">
            <users/>
            <groups>
                <groupUuid>_e-0000dd11-d37e-8000-9ccd-011e94011e94_425</groupUuid>
            </groups>
        </role>
        <role allowForAll="false" inherit="false" name="denyReaders">
            <users/>
            <groups/>
        </role>
        <role allowForAll="false" inherit="false" name="denyAuthors">
            <users/>
            <groups/>
        </role>
        <role allowForAll="false" inherit="false" name="denyAdministrators">
            <users/>
            <groups/>
        </role>
    </roleMap>
    <typedValue>
        <type>
            <name>RuleTestConfig?list</name>
            <namespace>http://www.appian.com/ae/types/2009</namespace>
        </type>
        <value>
            <el>
                <a:name/>
                <a:ruleInputTestConfigs>
                    <a:value xmlns:xsd="http://www.w3.org/2001/XMLSchema" xmlns:xsi="http://www.w3.org/2001/XMLSchema-instance" xsi:type="xsd:string"/>
                    <a:nameRef>text_actionType</a:nameRef>
                    <a:id/>
                </a:ruleInputTestConfigs>
                <a:ruleInputTestConfigs>
                    <a:value xmlns:n1="urn:com:appian:types:IAL" xmlns:xsi="http://www.w3.org/2001/XMLSchema-instance" xsi:nil="true" xsi:type="n1:IAL_Question"/>
                    <a:nameRef>cdt_question</a:nameRef>
                    <a:id/>
                </a:ruleInputTestConfigs>
                <a:ruleInputTestConfigs>
                    <a:value xmlns:xsi="http://www.w3.org/2001/XMLSchema-instance" xsi:nil="true" xsi:type="a:CollaborationDocument"/>
                    <a:nameRef>doc_uploadedDoc</a:nameRef>
                    <a:id/>
                </a:ruleInputTestConfigs>
                <a:ruleInputTestConfigs>
                    <a:value xmlns:xsd="http://www.w3.org/2001/XMLSchema" xmlns:xsi="http://www.w3.org/2001/XMLSchema-instance" xsi:nil="true" xsi:type="xsd:boolean"/>
                    <a:nameRef>bool_isReadOnly</a:nameRef>
                    <a:id/>
                </a:ruleInputTestConfigs>
                <a:ruleInputTestConfigs>
                    <a:value xmlns:xsd="http://www.w3.org/2001/XMLSchema" xmlns:xsi="http://www.w3.org/2001/XMLSchema-instance" xsi:nil="true" xsi:type="xsd:boolean"/>
                    <a:nameRef>bool_isRequired</a:nameRef>
                    <a:id/>
                </a:ruleInputTestConfigs>
                <a:ruleInputTestConfigs>
                    <a:value xmlns:xsd="http://www.w3.org/2001/XMLSchema" xmlns:xsi="http://www.w3.org/2001/XMLSchema-instance" xsi:type="xsd:string"/>
                    <a:nameRef>text_labelPosition</a:nameRef>
                    <a:id/>
                </a:ruleInputTestConfigs>
                <a:ruleInputTestConfigs>
                    <a:value xmlns:xsd="http://www.w3.org/2001/XMLSchema" xmlns:xsi="http://www.w3.org/2001/XMLSchema-instance" xsi:nil="true" xsi:type="xsd:boolean"/>
                    <a:nameRef>bool_hasQuestionPrerequisite</a:nameRef>
                    <a:id/>
                </a:ruleInputTestConfigs>
                <a:assertions xmlns:xsi="http://www.w3.org/2001/XMLSchema-instance" xsi:nil="true"/>
            </el>
        </value>
    </typedValue>
</contentHaul>
