<?xml version="1.0" encoding="UTF-8" standalone="yes"?>
<contentHaul xmlns:a="http://www.appian.com/ae/types/2009">
    <rule>
        <name>IAL_SAIL_Record_categoryDashboard</name>
        <uuid>_a-0000dd13-5aaa-8000-9ccd-01ef9001ef90_56261</uuid>
        <description>Refers to Category Record Dashboard</description>
        <parentUuid>_a-0000dd13-5aaa-8000-9ccd-01ef9001ef90_55728</parentUuid>
        <visibility>
            <advertise>false</advertise>
            <hierarchy>true</hierarchy>
            <indexable>true</indexable>
            <quota>false</quota>
            <searchable>true</searchable>
            <system>false</system>
            <unlogged>false</unlogged>
        </visibility>
        <definition>load(
  local!questionDataSubset,
  with(
    #&quot;SYSTEM_SYSRULES_dashboardLayout&quot;(
      firstColumnContents: {
        #&quot;SYSTEM_SYSRULES_sectionLayout&quot;(
          label: &quot;&quot;,
          firstColumnContents: {
            #&quot;SYSTEM_SYSRULES_textField&quot;(
              label: #&quot;_a-0000dd13-5aaa-8000-9ccd-01ef9001ef90_56251&quot;,
              labelPosition: &quot;ADJACENT&quot;,
              value: rf!text_categoryName,
              readOnly: true()
            ),
            #&quot;SYSTEM_SYSRULES_textField&quot;(
              label: #&quot;_a-0000dd13-5aaa-8000-9ccd-01ef9001ef90_56252&quot;,
              labelPosition: &quot;ADJACENT&quot;,
              value: rf!text_categoryDescription,
              readOnly: true()
            ),
            #&quot;SYSTEM_SYSRULES_textField&quot;(
              label: #&quot;_a-0000dd13-5aaa-8000-9ccd-01ef9001ef90_56255&quot;,
              labelPosition: &quot;ADJACENT&quot;,
              value: rf!int_totalWeightage,
              readOnly: true()
            ),
            #&quot;SYSTEM_SYSRULES_textField&quot;(
              label: &quot;&quot;,
              readOnly: true()
            )
          }
          ,
          secondColumnContents: {
            #&quot;SYSTEM_SYSRULES_imageField&quot;(
              label: &quot;&quot;,
              labelposition: &quot;ADJACENT&quot;,
              images: if(
                or(
                  #&quot;3cb44a61-09f2-4f15-91e8-489ab1280ef0&quot;(
                    rf!int_categoryIconDocId
                  ),
                  not(
                    isobjectexists(
                      &quot;Document&quot;,
                      rf!int_categoryIconDocId
                    )
                  )
                ),
                {},
                {
                  #&quot;SYSTEM_SYSRULES_documentImage&quot;(
                    document: rf!int_categoryIconDocId,
                    altText: document(
                      todocument(
                        rf!int_categoryIconDocId
                      ),
                      &quot;name&quot;
                    ),
                    caption: document(
                      todocument(
                        rf!int_categoryIconDocId
                      ),
                      &quot;name&quot;
                    )
                  )
                }
              ),
              size: &quot;MEDIUM&quot;
            )
          }
          
        ),
        #&quot;_a-0000dd28-5c84-8000-9ccd-01ef9001ef90_57919&quot;(
          text_selectedCategoryName: rf!text_categoryName,
          bool_isSelectionRequired: false(),
          bool_displayCategory: false()
        )
      }
    )
  )
)</definition>
        <preferredEditor>interface</preferredEditor>
        <offlineEnabled>false</offlineEnabled>
    </rule>
    <roleMap public="true">
        <role allowForAll="false" inherit="true" name="readers">
            <users/>
            <groups/>
        </role>
        <role allowForAll="false" inherit="true" name="authors">
            <users/>
            <groups/>
        </role>
        <role allowForAll="false" inherit="true" name="administrators">
            <users/>
            <groups/>
        </role>
        <role allowForAll="false" inherit="false" name="denyReaders">
            <users/>
            <groups/>
        </role>
        <role allowForAll="false" inherit="false" name="denyAuthors">
            <users/>
            <groups/>
        </role>
        <role allowForAll="false" inherit="false" name="denyAdministrators">
            <users/>
            <groups/>
        </role>
    </roleMap>
</contentHaul>
