<?xml version="1.0" encoding="UTF-8" standalone="yes"?>
<contentHaul xmlns:a="http://www.appian.com/ae/types/2009">
    <rule>
        <name>IAL_evaluatorReport</name>
        <uuid>_a-0000dd98-6750-8000-9ccd-01ef9001ef90_85657</uuid>
        <description>This is for evaluator report</description>
        <parentUuid>_a-0000dd13-5aaa-8000-9ccd-01ef9001ef90_55728</parentUuid>
        <visibility>
            <advertise>false</advertise>
            <hierarchy>true</hierarchy>
            <indexable>true</indexable>
            <quota>false</quota>
            <searchable>true</searchable>
            <system>false</system>
            <unlogged>false</unlogged>
        </visibility>
        <definition>= load(
  local!getEvaluatorData: #&quot;_a-0000dd98-6750-8000-9ccd-01ef9001ef90_85404&quot;(
    datetime_fromDate: ri!datetime_fromDate,
    datetime_toDate: ri!datetime_toDate
  ),
  local!pagingInforForEvalautionCompleted: #&quot;SYSTEM_SYSRULES_pagingInfo&quot;(
    startIndex: 1,
    batchSize: 10
  ),
  local!pagingInforForEvalautionAccepted: #&quot;SYSTEM_SYSRULES_pagingInfo&quot;(
    startIndex: 1,
    batchSize: 10
  ),
  local!acceptedEvaluatorsData: #&quot;_a-0000dd98-6750-8000-9ccd-01ef9001ef90_87385&quot;(
    datetime_fromDate: ri!datetime_fromDate,
    datetime_toDate: ri!datetime_toDate
  ),
  with(
    local!evaluationsCompletedDataSet: if(
      #&quot;3cb44a61-09f2-4f15-91e8-489ab1280ef0&quot;(
        local!getEvaluatorData
      ),
      null,
      fn!todatasubset(
        local!getEvaluatorData,
        local!pagingInforForEvalautionCompleted
      )
    ),
    local!evaluationsAcceptedDataset: if(
      #&quot;3cb44a61-09f2-4f15-91e8-489ab1280ef0&quot;(
        local!acceptedEvaluatorsData
      ),
      null,
      fn!todatasubset(
        local!acceptedEvaluatorsData,
        local!pagingInforForEvalautionAccepted
      )
    ),
    {
      #&quot;SYSTEM_SYSRULES_sectionLayout&quot;(
        label: &quot;Search evaluators by date and time&quot;,
        firstColumnContents: {
          #&quot;SYSTEM_SYSRULES_dateTimeField&quot;(
            label: &quot;From Date&quot;,
            labelPosition: &quot;ADJACENT&quot;,
            value: ri!datetime_fromDate,
            saveInto: ri!datetime_fromDate,
            validations: {}
          )
        },
        secondColumnContents: {
          /* Add components here for a two-column form */
          #&quot;SYSTEM_SYSRULES_dateTimeField&quot;(
            label: &quot;To Date&quot;,
            labelPosition: &quot;ADJACENT&quot;,
            value: ri!datetime_toDate,
            saveInto: ri!datetime_toDate,
            validations: {}
          ),
          #&quot;SYSTEM_SYSRULES_ButtonLayout&quot;(
            primaryButtons: {
              #&quot;SYSTEM_SYSRULES_ButtonWidget&quot;(
                label: &quot;Reset&quot;,
                style: &quot;NORMAL&quot;,
                value: &quot;Reset&quot;,
                disabled: if(
                  and(
                    #&quot;3cb44a61-09f2-4f15-91e8-489ab1280ef0&quot;(
                      ri!datetime_fromDate
                    ),
                    #&quot;3cb44a61-09f2-4f15-91e8-489ab1280ef0&quot;(
                      ri!datetime_toDate
                    )
                  ),
                  true(),
                  false()
                ),
                saveInto: {
                  ri!text_buttonAction,
                  a!save(
                    ri!datetime_toDate,
                    null()
                  ),
                  a!save(
                    ri!datetime_fromDate,
                    null()
                  )
                }
              ),
              #&quot;SYSTEM_SYSRULES_ButtonWidget&quot;(
                label: &quot;Search&quot;,
                style: &quot;PRIMARY&quot;,
                value: &quot;Search&quot;,
                disabled: if(
                  or(
                    #&quot;3cb44a61-09f2-4f15-91e8-489ab1280ef0&quot;(
                      ri!datetime_fromDate
                    ),
                    #&quot;3cb44a61-09f2-4f15-91e8-489ab1280ef0&quot;(
                      ri!datetime_toDate
                    ),
                    ri!datetime_fromDate &gt; now(),
                    ri!datetime_toDate &gt; now(),
                    ri!datetime_fromDate &gt; ri!datetime_toDate
                  ),
                  true(),
                  false()
                ),
                saveInto: {
                  ri!text_buttonAction,
                  a!save(
                    local!getEvaluatorData,
                    #&quot;_a-0000dd98-6750-8000-9ccd-01ef9001ef90_85404&quot;(
                      datetime_fromDate: ri!datetime_fromDate,
                      datetime_toDate: ri!datetime_toDate
                    )
                  ),
                  a!save(
                    local!acceptedEvaluatorsData,
                    #&quot;_a-0000dd98-6750-8000-9ccd-01ef9001ef90_87385&quot;(
                      datetime_fromDate: ri!datetime_fromDate,
                      datetime_toDate: ri!datetime_toDate
                    )
                  )
                }
              )
            }
          )
        },
        validations: {
          if(
            and(
              not(
                #&quot;3cb44a61-09f2-4f15-91e8-489ab1280ef0&quot;(
                  ri!datetime_fromDate
                )
              ),
              not(
                #&quot;3cb44a61-09f2-4f15-91e8-489ab1280ef0&quot;(
                  ri!datetime_toDate
                )
              ),
              or(
                ri!datetime_fromDate &gt; now(),
                ri!datetime_toDate &gt; now()
              )
            ),
            &quot;From Date or To Date should not be greater than future date&quot;,
            &quot;&quot;
          ),
          if(
            and(
              not(
                #&quot;3cb44a61-09f2-4f15-91e8-489ab1280ef0&quot;(
                  ri!datetime_fromDate
                ),
                not(
                  #&quot;3cb44a61-09f2-4f15-91e8-489ab1280ef0&quot;(
                    ri!datetime_toDate
                  )
                ),
                ri!datetime_fromDate &gt; ri!datetime_toDate
              )
            ),
            &quot;From Date should not be greater than To Date&quot;,
            &quot;&quot;
          )
        }
      ),
      #&quot;SYSTEM_SYSRULES_sectionLayout&quot;(
        label: &quot;Completed Evaluations per Evaluator&quot;,
        firstColumnContents: {
          #&quot;_a-0000dda8-31d6-8000-9ccd-01ef9001ef90_89240&quot;(
            cdt_data: local!getEvaluatorData,
            pagingInfo_pagingInfo: local!pagingInforForEvalautionCompleted,
            subset_dataSubset: local!evaluationsCompletedDataSet
          ),
          if(
            #&quot;3cb44a61-09f2-4f15-91e8-489ab1280ef0&quot;(
              local!getEvaluatorData
            ),
            {},
            #&quot;SYSTEM_SYSRULES_linkField&quot;(
              links: #&quot;SYSTEM_SYSRULES_safeLink&quot;(
                label: &quot;Please click here to download&quot;,
                uri: getdatasubsetdownloadlinkfromrule(
                  rule: #&quot;_a-0000dd98-6750-8000-9ccd-01ef9001ef90_86203&quot;,
                  input: #&quot;SYSTEM_SYSRULES_toJson&quot;(
                    local!getEvaluatorData
                  )
                )
              )
            )
          )
        }
      ),
      #&quot;SYSTEM_SYSRULES_sectionLayout&quot;(
        label: &quot;Accepted Evaluations per Evaluator&quot;,
        firstColumnContents: {
          #&quot;_a-0000dda8-31d6-8000-9ccd-01ef9001ef90_89240&quot;(
            cdt_data: local!acceptedEvaluatorsData,
            pagingInfo_pagingInfo: local!pagingInforForEvalautionAccepted,
            subset_dataSubset: local!evaluationsAcceptedDataset
          ),
          if(
            #&quot;3cb44a61-09f2-4f15-91e8-489ab1280ef0&quot;(
              local!acceptedEvaluatorsData
            ),
            {},
            #&quot;SYSTEM_SYSRULES_linkField&quot;(
              links: #&quot;SYSTEM_SYSRULES_safeLink&quot;(
                label: &quot;Please click here to download&quot;,
                uri: getdatasubsetdownloadlinkfromrule(
                  rule: #&quot;_a-0000dd98-6750-8000-9ccd-01ef9001ef90_86203&quot;,
                  input: #&quot;SYSTEM_SYSRULES_toJson&quot;(
                    local!acceptedEvaluatorsData
                  )
                )
              )
            )
          )
        }
      )
    }
  )
)</definition>
        <namedTypedValue>
            <name>datetime_toDate</name>
            <type>
                <name>dateTime</name>
                <namespace>http://www.w3.org/2001/XMLSchema</namespace>
            </type>
        </namedTypedValue>
        <namedTypedValue>
            <name>datetime_fromDate</name>
            <type>
                <name>dateTime</name>
                <namespace>http://www.w3.org/2001/XMLSchema</namespace>
            </type>
        </namedTypedValue>
        <namedTypedValue>
            <name>text_buttonAction</name>
            <type>
                <name>string</name>
                <namespace>http://www.w3.org/2001/XMLSchema</namespace>
            </type>
            <value/>
        </namedTypedValue>
        <preferredEditor>interface</preferredEditor>
        <offlineEnabled>false</offlineEnabled>
    </rule>
    <roleMap public="true">
        <role allowForAll="false" inherit="true" name="readers">
            <users/>
            <groups/>
        </role>
        <role allowForAll="false" inherit="true" name="authors">
            <users/>
            <groups/>
        </role>
        <role allowForAll="false" inherit="true" name="administrators">
            <users/>
            <groups/>
        </role>
        <role allowForAll="false" inherit="false" name="denyReaders">
            <users/>
            <groups/>
        </role>
        <role allowForAll="false" inherit="false" name="denyAuthors">
            <users/>
            <groups/>
        </role>
        <role allowForAll="false" inherit="false" name="denyAdministrators">
            <users/>
            <groups/>
        </role>
    </roleMap>
    <typedValue>
        <type>
            <name>RuleTestConfig?list</name>
            <namespace>http://www.appian.com/ae/types/2009</namespace>
        </type>
        <value>
            <el>
                <a:name/>
                <a:ruleInputTestConfigs>
                    <a:value xmlns:xsd="http://www.w3.org/2001/XMLSchema" xmlns:xsi="http://www.w3.org/2001/XMLSchema-instance" xsi:nil="true" xsi:type="xsd:dateTime"/>
                    <a:nameRef>datetime_toDate</a:nameRef>
                    <a:id/>
                </a:ruleInputTestConfigs>
                <a:ruleInputTestConfigs>
                    <a:value xmlns:xsd="http://www.w3.org/2001/XMLSchema" xmlns:xsi="http://www.w3.org/2001/XMLSchema-instance" xsi:nil="true" xsi:type="xsd:dateTime"/>
                    <a:nameRef>datetime_fromDate</a:nameRef>
                    <a:id/>
                </a:ruleInputTestConfigs>
                <a:ruleInputTestConfigs>
                    <a:value xmlns:xsd="http://www.w3.org/2001/XMLSchema" xmlns:xsi="http://www.w3.org/2001/XMLSchema-instance" xsi:type="xsd:string"/>
                    <a:nameRef>text_buttonAction</a:nameRef>
                    <a:id/>
                </a:ruleInputTestConfigs>
                <a:assertions xmlns:xsi="http://www.w3.org/2001/XMLSchema-instance" xsi:nil="true"/>
            </el>
        </value>
    </typedValue>
</contentHaul>
