<?xml version="1.0" encoding="UTF-8" standalone="yes"?>
<contentHaul xmlns:a="http://www.appian.com/ae/types/2009">
    <rule>
        <name>IAL_getEvaluatorTaskReportData</name>
        <uuid>_a-0000dd13-5aaa-8000-9ccd-01ef9001ef90_56715</uuid>
        <description>Returns the data of Evaluator Task Report along with the column configurations</description>
        <parentUuid>_a-0000dd13-5aaa-8000-9ccd-01ef9001ef90_55727</parentUuid>
        <visibility>
            <advertise>false</advertise>
            <hierarchy>true</hierarchy>
            <indexable>true</indexable>
            <quota>false</quota>
            <searchable>true</searchable>
            <system>false</system>
            <unlogged>false</unlogged>
        </visibility>
        <definition>a!queryProcessAnalytics(
  report: #&quot;_a-0000dd13-5aaa-8000-9ccd-01ef9001ef90_56657&quot;,
  query: #&quot;SYSTEM_SYSRULES_query&quot;(
    logicalExpression: #&quot;SYSTEM_SYSRULES_queryLogicalExpression&quot;(
      operator: &quot;AND&quot;,
      filters: {
        #&quot;SYSTEM_SYSRULES_queryFilter&quot;(
          field: &quot;c2&quot;,
          operator: &quot;&lt;=&quot;,
          value: now()
        ),
        #&quot;SYSTEM_SYSRULES_queryFilter&quot;(
          field: &quot;c7&quot;,
          operator: &quot;=&quot;,
          value: #&quot;_a-0000dd13-5aaa-8000-9ccd-01ef9001ef90_55920&quot;
        ),
        #&quot;SYSTEM_SYSRULES_queryFilter&quot;(
          field:&quot;c1&quot;,
          operator:&quot;&lt;&gt;&quot;,
          value: loggedInUser()
        ),
        if(
          #&quot;3cb44a61-09f2-4f15-91e8-489ab1280ef0&quot;(
            ri!text_assignedBy
          ),
          {},
          #&quot;SYSTEM_SYSRULES_queryFilter&quot;(
            field: &quot;c9&quot;,
            /*c1*/
            operator: &quot;includes&quot;,
            value: ri!text_assignedBy
          )
        ),
        if(
          #&quot;3cb44a61-09f2-4f15-91e8-489ab1280ef0&quot;(
            ri!submitedBy
          ),
          {},
          #&quot;SYSTEM_SYSRULES_queryFilter&quot;(
            field: &quot;c9&quot;,
            /*c1*/
            operator: &quot;=&quot;,
            value: ri!submitedBy
          )
        ),
        if(
          and(
            not(
              #&quot;3cb44a61-09f2-4f15-91e8-489ab1280ef0&quot;(
                ri!datetime_startTime
              )
            ),
            not(
              #&quot;3cb44a61-09f2-4f15-91e8-489ab1280ef0&quot;(
                ri!datetime_endTime
              )
            )
          ),
          {
            #&quot;SYSTEM_SYSRULES_queryFilter&quot;(
              field: &quot;c2&quot;,
              operator: &quot;between&quot;,
              value: {
                ri!datetime_startTime,
                ri!datetime_endTime + intervalds(
                  0,
                  0,
                  59
                )
              }
            )
          },
          {}
        ),
        if(
          #&quot;3cb44a61-09f2-4f15-91e8-489ab1280ef0&quot;(
            ri!queryFilter
          ),{},
          ri!queryFilter
        )
      },
      logicalExpressions: if(
          #&quot;3cb44a61-09f2-4f15-91e8-489ab1280ef0&quot;(
            ri!int_taskStatus
          ),
          {
            #&quot;SYSTEM_SYSRULES_queryLogicalExpression&quot;(
              operator: &quot;OR&quot;,
              filters: {
                #&quot;SYSTEM_SYSRULES_queryFilter&quot;(
                  field: &quot;c5&quot;,
                  operator: &quot;=&quot;,
                  value: 0
                )
              }
            )
          },
          {}
        )
    ),
    pagingInfo: ri!pagingInfo
  ),
  contextProcessModels: {
    #&quot;_a-0000dd13-5aaa-8000-9ccd-01ef9001ef90_56736&quot;
  }
)</definition>
        <namedTypedValue>
            <name>pagingInfo</name>
            <type>
                <name>PagingInfo</name>
                <namespace>http://www.appian.com/ae/types/2009</namespace>
            </type>
        </namedTypedValue>
        <namedTypedValue>
            <name>text_assignedBy</name>
            <type>
                <name>string</name>
                <namespace>http://www.w3.org/2001/XMLSchema</namespace>
            </type>
            <value/>
        </namedTypedValue>
        <namedTypedValue>
            <name>datetime_startTime</name>
            <type>
                <name>dateTime</name>
                <namespace>http://www.w3.org/2001/XMLSchema</namespace>
            </type>
        </namedTypedValue>
        <namedTypedValue>
            <name>datetime_endTime</name>
            <type>
                <name>dateTime</name>
                <namespace>http://www.w3.org/2001/XMLSchema</namespace>
            </type>
        </namedTypedValue>
        <namedTypedValue>
            <name>int_taskStatus</name>
            <type>
                <name>int</name>
                <namespace>http://www.w3.org/2001/XMLSchema</namespace>
            </type>
        </namedTypedValue>
        <namedTypedValue>
            <name>queryFilter</name>
            <type>
                <name>Variant</name>
                <namespace>http://www.appian.com/ae/types/2009</namespace>
            </type>
        </namedTypedValue>
        <namedTypedValue>
            <name>submitedBy</name>
            <type>
                <name>User</name>
                <namespace>http://www.appian.com/ae/types/2009</namespace>
            </type>
        </namedTypedValue>
        <preferredEditor>legacy</preferredEditor>
        <offlineEnabled>false</offlineEnabled>
    </rule>
    <roleMap public="true">
        <role allowForAll="false" inherit="true" name="readers">
            <users/>
            <groups/>
        </role>
        <role allowForAll="false" inherit="true" name="authors">
            <users/>
            <groups/>
        </role>
        <role allowForAll="false" inherit="true" name="administrators">
            <users/>
            <groups/>
        </role>
        <role allowForAll="false" inherit="false" name="denyReaders">
            <users/>
            <groups/>
        </role>
        <role allowForAll="false" inherit="false" name="denyAuthors">
            <users/>
            <groups/>
        </role>
        <role allowForAll="false" inherit="false" name="denyAdministrators">
            <users/>
            <groups/>
        </role>
    </roleMap>
</contentHaul>
