<?xml version="1.0" encoding="UTF-8" standalone="yes"?>
<contentHaul xmlns:a="http://www.appian.com/ae/types/2009">
    <rule>
        <name>IAL_getFilteredDataForQuestions</name>
        <uuid>acd01446-507c-4e6b-9ec1-bc9db82f5375</uuid>
        <description>Returns the filtered data upon applying the given filters on the given data</description>
        <parentUuid>_a-0000dd13-5aaa-8000-9ccd-01ef9001ef90_55727</parentUuid>
        <visibility>
            <advertise>false</advertise>
            <hierarchy>true</hierarchy>
            <indexable>true</indexable>
            <quota>false</quota>
            <searchable>true</searchable>
            <system>false</system>
            <unlogged>false</unlogged>
        </visibility>
        <definition>if(
  or(
    #&quot;3cb44a61-09f2-4f15-91e8-489ab1280ef0&quot;(
      ri!cdt_questionDetails
    ),
    and(
      isnull(
        text_selectedCategoryName
      ),
      isnull(
        text_selectedTopicName
      ),
      isnull(
        text_questionName
      )
    )
  ),
  ri!cdt_questionDetails,
  with(
    local!categoryMatchedIndices: if(
      isnull(
        ri!text_selectedCategoryName
      ),
      {},
      wherecontains(
        ri!text_selectedCategoryName,
        index(
          ri!cdt_questionDetails,
          &quot;text_categoryName&quot;,
          {}
        )
      )
    ),
    local!topicMatchedIndices: if(
      isnull(
        ri!text_selectedTopicName
      ),
      {},
      wherecontains(
        ri!text_selectedTopicName,
        index(
          ri!cdt_questionDetails,
          &quot;text_topicName&quot;,
          {}
        )
      )
    ),
    local!questionNameMatchedIndices: if(
      isnull(
        ri!text_questionName
      ),
      {},
      difference(
        {
          enumerate(
            length(
              ri!cdt_questionDetails
            )
          ) + 1
        },
        {
          wherecontains(
            0,
            search(
              ri!text_questionName,
              index(
                ri!cdt_questionDetails,
                &quot;text_questionName&quot;,
                {}
              )
            )
          )
        }
      )
    ),
    local!commonIndices: if(
      #&quot;3cb44a61-09f2-4f15-91e8-489ab1280ef0&quot;(
        local!categoryMatchedIndices
      ),
      if(
        #&quot;3cb44a61-09f2-4f15-91e8-489ab1280ef0&quot;(
          local!topicMatchedIndices
        ),
        if(
          #&quot;3cb44a61-09f2-4f15-91e8-489ab1280ef0&quot;(
            local!questionNameMatchedIndices
          ),
          {},
          local!questionNameMatchedIndices
        ),
        if(
          #&quot;3cb44a61-09f2-4f15-91e8-489ab1280ef0&quot;(
            local!questionNameMatchedIndices
          ),
          local!topicMatchedIndices,
          intersection(
            local!questionNameMatchedIndices,
            local!topicMatchedIndices
          )
        )
      ),
      if(
        #&quot;3cb44a61-09f2-4f15-91e8-489ab1280ef0&quot;(
          local!topicMatchedIndices
        ),
        if(
          #&quot;3cb44a61-09f2-4f15-91e8-489ab1280ef0&quot;(
            local!questionNameMatchedIndices
          ),
          local!categoryMatchedIndices,
          intersection(
            local!questionNameMatchedIndices,
            local!categoryMatchedIndices
          )
        ),
        if(
          #&quot;3cb44a61-09f2-4f15-91e8-489ab1280ef0&quot;(
            local!questionNameMatchedIndices
          ),
          intersection(
            local!topicMatchedIndices,
            local!categoryMatchedIndices
          ),
          intersection(
            local!topicMatchedIndices,
            local!questionNameMatchedIndices,
            local!categoryMatchedIndices
          )
        )
      )
    ),
    local!filteredData: if(
      #&quot;3cb44a61-09f2-4f15-91e8-489ab1280ef0&quot;(
        local!commonIndices
      ),
      {},
      index(
        ri!cdt_questionDetails,
        local!commonIndices,
        {}
      )
    ),
    local!filteredData/*local!commonIndices*/
    
  )
)</definition>
        <namedTypedValue>
            <name>text_selectedCategoryName</name>
            <type>
                <name>string</name>
                <namespace>http://www.w3.org/2001/XMLSchema</namespace>
            </type>
            <value/>
        </namedTypedValue>
        <namedTypedValue>
            <name>text_selectedTopicName</name>
            <type>
                <name>string</name>
                <namespace>http://www.w3.org/2001/XMLSchema</namespace>
            </type>
            <value/>
        </namedTypedValue>
        <namedTypedValue>
            <name>text_questionName</name>
            <type>
                <name>string</name>
                <namespace>http://www.w3.org/2001/XMLSchema</namespace>
            </type>
            <value/>
        </namedTypedValue>
        <namedTypedValue>
            <name>relevancePointsRange</name>
            <type>
                <name>string</name>
                <namespace>http://www.w3.org/2001/XMLSchema</namespace>
            </type>
            <value/>
        </namedTypedValue>
        <namedTypedValue>
            <name>cdt_questionDetails</name>
            <type>
                <name>IAL_View_Candidate_Question_Score?list</name>
                <namespace>urn:com:appian:types:IAL</namespace>
            </type>
        </namedTypedValue>
        <preferredEditor>legacy</preferredEditor>
        <offlineEnabled>false</offlineEnabled>
    </rule>
    <roleMap public="true">
        <role allowForAll="false" inherit="true" name="readers">
            <users/>
            <groups/>
        </role>
        <role allowForAll="false" inherit="true" name="authors">
            <users/>
            <groups/>
        </role>
        <role allowForAll="false" inherit="true" name="administrators">
            <users/>
            <groups/>
        </role>
        <role allowForAll="false" inherit="false" name="denyReaders">
            <users/>
            <groups/>
        </role>
        <role allowForAll="false" inherit="false" name="denyAuthors">
            <users/>
            <groups/>
        </role>
        <role allowForAll="false" inherit="false" name="denyAdministrators">
            <users/>
            <groups/>
        </role>
    </roleMap>
</contentHaul>
