<?xml version="1.0" encoding="UTF-8" standalone="yes"?>
<contentHaul xmlns:a="http://www.appian.com/ae/types/2009">
    <rule>
        <name>IAL_SAIL_taskReportDashboard</name>
        <uuid>b58b4f5c-29a1-4214-b1c3-46f2088e9f24</uuid>
        <description>Refers to the interface which lists out all the active tasks based on the logged in user</description>
        <parentUuid>_a-0000dd13-5aaa-8000-9ccd-01ef9001ef90_55728</parentUuid>
        <visibility>
            <advertise>false</advertise>
            <hierarchy>true</hierarchy>
            <indexable>true</indexable>
            <quota>false</quota>
            <searchable>true</searchable>
            <system>false</system>
            <unlogged>false</unlogged>
        </visibility>
        <definition>with(
  {
    if(
      isusermemberofgroup(
        loggedInUser(),
        #&quot;_a-0000dd13-5aaa-8000-9ccd-01ef9001ef90_55920&quot;
      ),
      {
        #&quot;a490980d-a9e2-432d-9ac6-12a7cebb640a&quot;()
      },
      {}
    ),
    #&quot;ee6eae44-645f-4f52-ba74-c41a7926eca2&quot;()
  }
)</definition>
        <preferredEditor>interface</preferredEditor>
        <offlineEnabled>false</offlineEnabled>
    </rule>
    <roleMap public="true">
        <role allowForAll="false" inherit="true" name="readers">
            <users/>
            <groups/>
        </role>
        <role allowForAll="false" inherit="true" name="authors">
            <users/>
            <groups/>
        </role>
        <role allowForAll="false" inherit="true" name="administrators">
            <users>
                <userUuid>poornag</userUuid>
            </users>
            <groups/>
        </role>
        <role allowForAll="false" inherit="false" name="denyReaders">
            <users/>
            <groups/>
        </role>
        <role allowForAll="false" inherit="false" name="denyAuthors">
            <users/>
            <groups/>
        </role>
        <role allowForAll="false" inherit="false" name="denyAdministrators">
            <users/>
            <groups/>
        </role>
    </roleMap>
</contentHaul>
