<?xml version="1.0" encoding="UTF-8" standalone="yes"?>
<contentHaul xmlns:a="http://www.appian.com/ae/types/2009">
    <rule>
        <name>IAL_SAIL_Section_taskReportForLoggedInUser</name>
        <uuid>ee6eae44-645f-4f52-ba74-c41a7926eca2</uuid>
        <description>Refers to the interface of task report which contains a list of all active tasks of the logged in user</description>
        <parentUuid>_a-0000dd3c-1880-8000-9ccd-01ef9001ef90_58808</parentUuid>
        <visibility>
            <advertise>false</advertise>
            <hierarchy>true</hierarchy>
            <indexable>true</indexable>
            <quota>false</quota>
            <searchable>true</searchable>
            <system>false</system>
            <unlogged>false</unlogged>
        </visibility>
        <definition>load(
  local!gridPagingInfo: #&quot;_a-0000dd13-5aaa-8000-9ccd-01ef9001ef90_56189&quot;(
    int_startIndex: 1,
    int_batchSize: 5,
    text_sortField: &quot;c2&quot;,
    bool_isAscending: true
  ),
  local!taskStatus,
  local!taskAssignedTime,
  with(
    local!tasksReportData: #&quot;3f8ec4dd-7e95-4953-83b4-c15469c832ef&quot;(
      int_taskStatus: local!taskStatus,
      datetime_startTime: if(
        #&quot;3cb44a61-09f2-4f15-91e8-489ab1280ef0&quot;(
          local!taskAssignedTime
        ),
        null,
        now() - (
          7 * local!taskAssignedTime
        )
      ),
      datetime_endTime: if(
        #&quot;3cb44a61-09f2-4f15-91e8-489ab1280ef0&quot;(
          local!taskAssignedTime
        ),
        null,
        now()
      ),
      pagingInfo:local!gridPagingInfo
    ),
    {
      /*a!sectionLayout(*/
      /*  firstColumnContents: {*/
      /*    a!textField(*/
      /*      value: local!tasksReportData,*/
      /*      readOnly: true()*/
      /*    )*/
      /*  }*/
      /*),*/
      #&quot;SYSTEM_SYSRULES_sectionLayout&quot;(
        label: &quot;Tasks&quot;,
        firstColumnContents: {
          #&quot;SYSTEM_SYSRULES_dropdownField&quot;(
            label: &quot;Filter by Status&quot;,
            labelPosition: &quot;ABOVE&quot;,
            choiceLabels: {
              &quot;Assigned&quot;,
              &quot;Accepted&quot;
            },
            choiceValues: {
              0,
              1
            },
            placeholderLabel: &quot;All&quot;,
            value: local!taskStatus,
            saveInto: local!taskStatus
          )
        },
        secondColumnContents: {
          #&quot;SYSTEM_SYSRULES_dropdownField&quot;(
            label: &quot;Filter by Assigned Date/Time&quot;,
            labelPosition: &quot;ABOVE&quot;,
            choiceLabels: {
              &quot;Last 1 Week&quot;,
              &quot;Last 2 Weeks&quot;,
              &quot;Last 3 Weeks&quot;,
              &quot;Last 4 Weeks&quot;
            },
            choiceValues: {
              1,
              2,
              3,
              4
            },
            placeholderLabel: &quot;All&quot;,
            value: local!taskAssignedTime,
            saveInto: local!taskAssignedTime
          )/*,*/
          /*a!textField(*/
          /*  readOnly: true()*/
          /*  ,*/
          /*  value:local!taskAssignedTime*/
          /*)*/
          
        }
      ),
      #&quot;SYSTEM_SYSRULES_sectionLayout&quot;(
        label: &quot;&quot;,
        firstColumnContents: {
          #&quot;SYSTEM_SYSRULES_gridField&quot;(
            label: &quot;&quot;,
            columns: {
              #&quot;SYSTEM_SYSRULES_gridTextColumn&quot;(
                label: index(
                  index(
                    local!tasksReportData.columnConfigs,
                    &quot;label&quot;,
                    {}
                  ),
                  1,
                  {}
                ),
                /*alignment: &quot;CENTER&quot;,*/
                field: index(
                  index(
                    local!tasksReportData.columnConfigs,
                    &quot;field&quot;,
                    {}
                  ),
                  1,
                  {}
                ),
                data: index(
                  local!tasksReportData.data,
                  &quot;c0&quot;,
                  {}
                ),
                links: {
                  if(
                    #&quot;3cb44a61-09f2-4f15-91e8-489ab1280ef0&quot;(
                      local!tasksReportData.data
                    ),
                    {},
                    apply(
                      #&quot;SYSTEM_SYSRULES_processTaskLink&quot;(
                        task: _
                      ),
                      index(
                        local!tasksReportData.data,
                        &quot;dp0&quot;,
                        {}
                      )
                    )
                  )
                }
              ),
              #&quot;SYSTEM_SYSRULES_gridTextColumn&quot;(
                label: &quot;Solution Owner&quot;,
                /*alignment: &quot;CENTER&quot;,*/
                field: index(
                  index(
                    local!tasksReportData.columnConfigs,
                    &quot;field&quot;,
                    {}
                  ),
                  3,
                  {}
                ),
                data: apply(
                  #&quot;_a-0000dd13-5aaa-8000-9ccd-01ef9001ef90_55778&quot;(
                    username: _
                  ),
                  index(
                    local!tasksReportData.data,
                    &quot;c10&quot;,
                    {}
                  )
                )
              ),
              #&quot;SYSTEM_SYSRULES_gridTextColumn&quot;(
                label: index(
                  index(
                    local!tasksReportData.columnConfigs,
                    &quot;label&quot;,
                    {}
                  ),
                  5,
                  {}
                ),
                /*alignment: &quot;CENTER&quot;,*/
                field: index(
                  index(
                    local!tasksReportData.columnConfigs,
                    &quot;field&quot;,
                    {}
                  ),
                  5,
                  {}
                ),
                data: apply(
                  #&quot;_a-0000dd13-5aaa-8000-9ccd-01ef9001ef90_55776&quot;(
                    dateTimeValue: _
                  ),
                  index(
                    local!tasksReportData.data,
                    &quot;c2&quot;,
                    {}
                  )
                )
              )
              /*,*/
              /*a!gridTextColumn(*/
              /*  label: index(*/
              /*    index(*/
              /*      local!tasksReportData.columnConfigs,*/
              /*      &quot;label&quot;,*/
              /*      {}*/
              /*    ),*/
              /*    6,*/
              /*    {}*/
              /*  ),*/
              /*  alignment: &quot;CENTER&quot;,*/
              /*  field: index(*/
              /*    index(*/
              /*      local!tasksReportData.columnConfigs,*/
              /*      &quot;field&quot;,*/
              /*      {}*/
              /*    ),*/
              /*    6,*/
              /*    {}*/
              /*  ),*/
              /*  data: apply(*/
              /*    rule!IAL_getFormattedStatusText(*/
              /*      int_taskStatus: _*/
              /*    ),*/
              /*    index(*/
              /*      local!tasksReportData.data,*/
              /*      &quot;c5&quot;,*/
              /*      {}*/
              /*    )*/
              /*  )*/
              /*)*/
            },
            totalCount: index(
              local!tasksReportData,
              &quot;totalCount&quot;,
              0
            ),
            value: local!gridPagingInfo,
            saveInto: local!gridPagingInfo,
            emptyGridMessage: &quot;No Tasks Available&quot;
          )
        }
      )
    }
  )
)</definition>
        <preferredEditor>interface</preferredEditor>
        <offlineEnabled>false</offlineEnabled>
    </rule>
    <roleMap public="true">
        <role allowForAll="false" inherit="true" name="readers">
            <users/>
            <groups/>
        </role>
        <role allowForAll="false" inherit="true" name="authors">
            <users/>
            <groups/>
        </role>
        <role allowForAll="false" inherit="true" name="administrators">
            <users>
                <userUuid>poornag</userUuid>
            </users>
            <groups/>
        </role>
        <role allowForAll="false" inherit="false" name="denyReaders">
            <users/>
            <groups/>
        </role>
        <role allowForAll="false" inherit="false" name="denyAuthors">
            <users/>
            <groups/>
        </role>
        <role allowForAll="false" inherit="false" name="denyAdministrators">
            <users/>
            <groups/>
        </role>
    </roleMap>
</contentHaul>
