<?xml version="1.0" encoding="UTF-8" standalone="yes"?>
<taskReportHaul xmlns:a="http://www.appian.com/ae/types/2009">
    <taskReport name="IAL_ReportCandidateScoreDetails" a:uuid="49c0c63e-b63a-4427-bc97-780341ce8779">
        <a:description>This will display candidate score details. </a:description>
        <a:uiExpr>=#&quot;_a-0000dda1-e144-8000-aae2-01ef9001ef90_7808&quot;()</a:uiExpr>
        <a:urlStub>28_a7A</a:urlStub>
    </taskReport>
    <roleMap>
        <role name="report_viewer">
            <users/>
            <groups>
                <groupUuid>_e-0000dd11-d37e-8000-9ccd-011e94011e94_424</groupUuid>
            </groups>
        </role>
    </roleMap>
</taskReportHaul>
