<?xml version="1.0" encoding="UTF-8" standalone="yes"?>
<taskReportHaul xmlns:a="http://www.appian.com/ae/types/2009">
    <taskReport name="IAL  Statistics" a:uuid="8c23805d-f598-4f56-934c-d1b2fae3f06c">
        <a:description>This will display statistics related to the logged in user</a:description>
        <a:uiExpr>#&quot;_a-0000dd69-3122-8000-aae2-01ef9001ef90_6011&quot;()</a:uiExpr>
        <a:urlStub>W8hSBw</a:urlStub>
    </taskReport>
    <roleMap>
        <role name="report_administrator">
            <users/>
            <groups>
                <groupUuid>_e-0000dd11-d37e-8000-9ccd-011e94011e94_425</groupUuid>
            </groups>
        </role>
        <role name="report_viewer">
            <users/>
            <groups>
                <groupUuid>_e-0000dd11-d37e-8000-9ccd-011e94011e94_423</groupUuid>
                <groupUuid>_e-0000dd11-d37e-8000-9ccd-011e94011e94_422</groupUuid>
            </groups>
        </role>
    </roleMap>
</taskReportHaul>
