<?xml version="1.0" encoding="UTF-8" standalone="yes"?>
<groupHaul xmlns:a="http://www.appian.com/ae/types/2009">
    <group>
        <name>IAL Process Administrators</name>
        <securityMap>SECURITYMAP_PUBLIC</securityMap>
        <uuid>_e-0000dd11-d37e-8000-9ccd-011e94011e94_425</uuid>
        <groupTypeUuid>SYSTEM_GROUP_TYPE_CUSTOM</groupTypeUuid>
        <description>Refers to the persons who can monitor and debug the application</description>
        <delegatedCreation>false</delegatedCreation>
        <memberPolicy>MEMBERPOLICY_CLOSED</memberPolicy>
        <viewingPolicy>VIEWINGPOLICY_LOW</viewingPolicy>
        <attributes/>
    </group>
    <members>
        <users/>
        <groups/>
    </members>
    <admins>
        <users>
            <userUuid>poornag</userUuid>
        </users>
        <groups/>
    </admins>
    <ruleSet/>
</groupHaul>
