<?xml version="1.0" encoding="UTF-8" standalone="yes"?>
<recordTypeHaul xmlns:a="http://www.appian.com/ae/types/2009">
    <recordType name="IAL Users" a:uuid="3c29a027-5cf4-4bc7-98b9-f138c3daae04">
        <a:pluralName>IAL Users</a:pluralName>
        <a:description>Contains all the Candidates </a:description>
        <a:urlStub>oJ9kzQ</a:urlStub>
        <a:source xmlns:xsi="http://www.w3.org/2001/XMLSchema-instance" xsi:type="a:DataStoreEntity" a:uuid="a30e21ed-4d32-439a-8015-1ff1d9b73e45@_a-0000dd13-5aaa-8000-9ccd-01ef9001ef90_55505"/>
        <a:listViewTemplateExpr>#&quot;_a-0000dd5e-66e2-8000-9ccd-01ef9001ef90_62490&quot;()</a:listViewTemplateExpr>
        <a:fieldCfg name="User Type">
            <a:isSortable>false</a:isSortable>
            <a:isSearchable>false</a:isSearchable>
            <a:isFacet>true</a:isFacet>
            <a:facetType>EXPRESSION</a:facetType>
            <a:isExclusiveFacet>true</a:isExclusiveFacet>
            <a:facetExpr>#&quot;_a-0000dd4c-1b8d-8000-9ccd-01ef9001ef90_62242&quot;()</a:facetExpr>
            <a:sortOrderIndex>0</a:sortOrderIndex>
            <a:facetOrderIndex>0</a:facetOrderIndex>
            <a:visibilityExpr></a:visibilityExpr>
            <a:defaultOptionExpr></a:defaultOptionExpr>
        </a:fieldCfg>
        <a:fieldCfg name="Status">
            <a:description></a:description>
            <a:sourceRef>bool_isActive</a:sourceRef>
            <a:isSortable>false</a:isSortable>
            <a:isSearchable>false</a:isSearchable>
            <a:isFacet>true</a:isFacet>
            <a:facetType>CUSTOM_BUCKETS_CLOSED</a:facetType>
            <a:isExclusiveFacet>true</a:isExclusiveFacet>
            <a:facetLabelExpr>&quot;Status&quot;</a:facetLabelExpr>
            <a:facetOption>
                <a:labelExpr>&quot;Active&quot;</a:labelExpr>
                <a:facetOperator>IN</a:facetOperator>
                <a:lowerLimitExpr></a:lowerLimitExpr>
                <a:upperLimitExpr></a:upperLimitExpr>
                <a:values>true()</a:values>
            </a:facetOption>
            <a:facetOption>
                <a:labelExpr>&quot;Inactive&quot;</a:labelExpr>
                <a:facetOperator>IN</a:facetOperator>
                <a:lowerLimitExpr></a:lowerLimitExpr>
                <a:upperLimitExpr></a:upperLimitExpr>
                <a:values>false()</a:values>
            </a:facetOption>
            <a:sortOrderIndex>1</a:sortOrderIndex>
            <a:facetOrderIndex>1</a:facetOrderIndex>
            <a:visibilityExpr></a:visibilityExpr>
            <a:defaultOptionExpr>&quot;Active&quot;</a:defaultOptionExpr>
        </a:fieldCfg>
        <a:fieldCfg name="User Types">
            <a:description></a:description>
            <a:sourceRef>int_id</a:sourceRef>
            <a:isSortable>false</a:isSortable>
            <a:isSearchable>false</a:isSearchable>
            <a:isFacet>true</a:isFacet>
            <a:facetType>CUSTOM_BUCKETS_CLOSED</a:facetType>
            <a:isExclusiveFacet>true</a:isExclusiveFacet>
            <a:facetLabelExpr>=&quot;User Types&quot;</a:facetLabelExpr>
            <a:facetOption>
                <a:labelExpr>&quot;Candidates&quot;</a:labelExpr>
                <a:facetOperator>IN</a:facetOperator>
                <a:lowerLimitExpr></a:lowerLimitExpr>
                <a:upperLimitExpr></a:upperLimitExpr>
                <a:values>18</a:values>
            </a:facetOption>
            <a:sortOrderIndex>2</a:sortOrderIndex>
            <a:facetOrderIndex>2</a:facetOrderIndex>
            <a:visibilityExpr></a:visibilityExpr>
            <a:defaultOptionExpr></a:defaultOptionExpr>
        </a:fieldCfg>
        <a:detailViewCfg>
            <a:nameExpr>=&quot;Summary&quot;</a:nameExpr>
            <a:uiExpr>#&quot;_a-0000dd5e-66e2-8000-9ccd-01ef9001ef90_62455&quot;(
  int_candidateId:rf!int_id
)</a:uiExpr>
            <a:visibilityExpr>=true()</a:visibilityExpr>
            <a:urlStub>summary</a:urlStub>
            <a:headerExpr></a:headerExpr>
            <a:relatedActionCfg>65cbdac6-e2d5-4164-91a2-10559ee7cfc9</a:relatedActionCfg>
            <a:relatedActionCfg>59aa38dc-f8cd-467f-831d-b962fc2d33f5</a:relatedActionCfg>
            <a:relatedActionCfg>8452234b-a567-4477-bd20-28fd0fe65c4f</a:relatedActionCfg>
        </a:detailViewCfg>
        <a:defaultFilter>
            <a:field>text_username</a:field>
            <a:operator>&lt;&gt;</a:operator>
            <a:valueExpression>loggedInUser()</a:valueExpression>
        </a:defaultFilter>
        <a:defaultSortInfo>
            <field>int_id</field>
            <ascending>true</ascending>
        </a:defaultSortInfo>
        <a:relatedActionCfg>
            <a:target xmlns:xsi="http://www.w3.org/2001/XMLSchema-instance" xsi:type="a:ProcessModel" a:uuid="0002dd57-f852-8000-9ccd-014d98014d98"/>
            <a:contextExpr>{
  int_candidateId:rf!int_id
}</a:contextExpr>
            <a:visibilityExpr>=(rf!bool_isActive = true())</a:visibilityExpr>
            <a:refId>8452234b-a567-4477-bd20-28fd0fe65c4f</a:refId>
        </a:relatedActionCfg>
        <a:relatedActionCfg>
            <a:target xmlns:xsi="http://www.w3.org/2001/XMLSchema-instance" xsi:type="a:ProcessModel" a:uuid="0002dd77-8f91-8000-aae2-014d98014d98"/>
            <a:contextExpr>{
  int_candidateId:rf!int_id
}</a:contextExpr>
            <a:visibilityExpr>=(rf!bool_isActive = false())</a:visibilityExpr>
            <a:refId>59aa38dc-f8cd-467f-831d-b962fc2d33f5</a:refId>
        </a:relatedActionCfg>
        <a:relatedActionCfg>
            <a:target xmlns:xsi="http://www.w3.org/2001/XMLSchema-instance" xsi:type="a:ProcessModel" a:uuid="0006dd77-81aa-8000-aae2-014d98014d98"/>
            <a:contextExpr>{
  int_candidateId:rf!int_id
}</a:contextExpr>
            <a:visibilityExpr>=(rf!bool_isActive = true())</a:visibilityExpr>
            <a:refId>65cbdac6-e2d5-4164-91a2-10559ee7cfc9</a:refId>
        </a:relatedActionCfg>
        <a:isSystem>false</a:isSystem>
        <a:dataSrcExpr></a:dataSrcExpr>
        <a:facetsListExpr></a:facetsListExpr>
        <a:titleExpr></a:titleExpr>
        <a:defaultFiltersExpr></a:defaultFiltersExpr>
        <a:layoutType>FEED</a:layoutType>
        <a:security>16383</a:security>
    </recordType>
    <roleMap>
        <role name="record_type_administrator">
            <users/>
            <groups>
                <groupUuid>_e-0000dd11-d37e-8000-9ccd-011e94011e94_425</groupUuid>
            </groups>
        </role>
        <role name="record_type_viewer">
            <users/>
            <groups>
                <groupUuid>_e-0000dd11-d37e-8000-9ccd-011e94011e94_423</groupUuid>
                <groupUuid>_e-0000dd11-d37e-8000-9ccd-011e94011e94_422</groupUuid>
                <groupUuid>_e-0000dd11-d37e-8000-9ccd-011e94011e94_425</groupUuid>
                <groupUuid>_e-0000dd11-d37e-8000-9ccd-011e94011e94_424</groupUuid>
            </groups>
        </role>
    </roleMap>
</recordTypeHaul>
