<?xml version="1.0" encoding="UTF-8" standalone="yes"?>
<recordTypeHaul xmlns:a="http://www.appian.com/ae/types/2009">
    <recordType name="IAL Category" a:uuid="b5520b28-6d88-418d-8b6c-550cfa9cbb59">
        <a:pluralName>IAL Categories</a:pluralName>
        <a:description>Contains all the Categories</a:description>
        <a:urlStub>CwzD3g</a:urlStub>
        <a:source xmlns:xsi="http://www.w3.org/2001/XMLSchema-instance" xsi:type="a:DataStoreEntity" a:uuid="0a07b8fb-70c9-4fa7-8b7e-252a39463a65@_a-0000dd13-5aaa-8000-9ccd-01ef9001ef90_55505"/>
        <a:listViewTemplateExpr>#&quot;SYSTEM_SYSRULES_recordGridLayoutColumns&quot;(
  columns: {
    #&quot;SYSTEM_SYSRULES_gridLayoutColumn&quot;(
      label: #&quot;_a-0000dd13-5aaa-8000-9ccd-01ef9001ef90_56251&quot;,
      align: &quot;CENTER&quot;,
      component: #&quot;SYSTEM_SYSRULES_recordGrid_linkField&quot;(
        links: #&quot;SYSTEM_SYSRULES_recordLink&quot;(   
          label: rf!text_categoryName,
          recordType: rp!type,
          identifier: rp!id
        ),
        align: &quot;CENTER&quot;
      )
    ),
    #&quot;SYSTEM_SYSRULES_gridLayoutColumn&quot;(
      label: #&quot;_a-0000dd13-5aaa-8000-9ccd-01ef9001ef90_56255&quot;,
      align: &quot;CENTER&quot;,
      component: #&quot;SYSTEM_SYSRULES_recordGrid_integerField&quot;(
        displayValue: rf!int_totalWeightage,
        align: &quot;CENTER&quot;
      )
    )  
  },
  pageSize: 5,
  defaultSort: #&quot;SYSTEM_SYSRULES_sortInfo&quot;(
    field: &quot;int_id&quot;,
    ascending: fn!true()
  )
)</a:listViewTemplateExpr>
        <a:detailViewCfg>
            <a:nameExpr>=&quot;Summary&quot;</a:nameExpr>
            <a:uiExpr>#&quot;_a-0000dd13-5aaa-8000-9ccd-01ef9001ef90_56261&quot;()</a:uiExpr>
            <a:visibilityExpr>=true()</a:visibilityExpr>
            <a:urlStub>summary</a:urlStub>
            <a:headerExpr></a:headerExpr>
            <a:relatedActionCfg>4fcc77b5-bd6c-4bb5-bbc1-2413b0c5e0ee</a:relatedActionCfg>
            <a:relatedActionCfg>3d375248-e4c2-42ca-b586-a324bad29801</a:relatedActionCfg>
        </a:detailViewCfg>
        <a:defaultFilter>
            <a:field>bool_isActive</a:field>
            <a:operator>=</a:operator>
            <a:valueExpression>true()</a:valueExpression>
        </a:defaultFilter>
        <a:relatedActionCfg>
            <a:target xmlns:xsi="http://www.w3.org/2001/XMLSchema-instance" xsi:type="a:ProcessModel" a:uuid="0003dd44-2bf1-8000-9ccd-014d98014d98"/>
            <a:contextExpr>{int_categoryId:rf!int_id}</a:contextExpr>
            <a:visibilityExpr>= if(
  isusermemberofgroup(
    loggedInUser(),
    #&quot;_a-0000dd13-5aaa-8000-9ccd-01ef9001ef90_55913&quot;
  ),
  true(),
  false()
)</a:visibilityExpr>
            <a:refId>4fcc77b5-bd6c-4bb5-bbc1-2413b0c5e0ee</a:refId>
        </a:relatedActionCfg>
        <a:relatedActionCfg>
            <a:target xmlns:xsi="http://www.w3.org/2001/XMLSchema-instance" xsi:type="a:ProcessModel" a:uuid="0003dd44-29e3-8000-9ccd-014d98014d98"/>
            <a:contextExpr>{int_categoryId:rf!int_id}</a:contextExpr>
            <a:visibilityExpr>= if(
  isusermemberofgroup(
    loggedInUser(),
    #&quot;_a-0000dd13-5aaa-8000-9ccd-01ef9001ef90_55913&quot;
  ),
  true(),
  false()
)</a:visibilityExpr>
            <a:refId>3d375248-e4c2-42ca-b586-a324bad29801</a:refId>
        </a:relatedActionCfg>
        <a:isSystem>false</a:isSystem>
        <a:dataSrcExpr></a:dataSrcExpr>
        <a:facetsListExpr></a:facetsListExpr>
        <a:titleExpr>rf!text_categoryName</a:titleExpr>
        <a:defaultFiltersExpr></a:defaultFiltersExpr>
        <a:layoutType>GRID</a:layoutType>
        <a:security>16383</a:security>
    </recordType>
    <roleMap>
        <role name="record_type_administrator">
            <users/>
            <groups>
                <groupUuid>_e-0000dd11-d37e-8000-9ccd-011e94011e94_425</groupUuid>
            </groups>
        </role>
        <role name="record_type_viewer">
            <users/>
            <groups>
                <groupUuid>_e-0000dd11-d37e-8000-9ccd-011e94011e94_423</groupUuid>
                <groupUuid>_e-0000dd11-d37e-8000-9ccd-011e94011e94_422</groupUuid>
                <groupUuid>_e-0000dd11-d37e-8000-9ccd-011e94011e94_424</groupUuid>
            </groups>
        </role>
    </roleMap>
</recordTypeHaul>
