<?xml version="1.0" encoding="UTF-8" standalone="yes"?>
<recordTypeHaul xmlns:a="http://www.appian.com/ae/types/2009">
    <recordType name="IAL Question" a:uuid="c65b2b8c-c500-4456-926a-8301870bde65">
        <a:pluralName>IAL Questions</a:pluralName>
        <a:description>Contains all the Questions</a:description>
        <a:urlStub>sltAsg</a:urlStub>
        <a:source xmlns:xsi="http://www.w3.org/2001/XMLSchema-instance" xsi:type="a:DataStoreEntity" a:uuid="7107a1d1-3bf9-4b89-8e79-750c4a589d7e@_a-0000dd13-5aaa-8000-9ccd-01ef9001ef90_55505"/>
        <a:listViewTemplateExpr>#&quot;SYSTEM_SYSRULES_recordGridLayoutColumns&quot;(
  columns: {
    #&quot;SYSTEM_SYSRULES_gridLayoutColumn&quot;(
      label: #&quot;_a-0000dd13-5aaa-8000-9ccd-01ef9001ef90_56251&quot;,
      align: &quot;CENTER&quot;,
      component: #&quot;SYSTEM_SYSRULES_recordGrid_linkField&quot;(
        links: #&quot;SYSTEM_SYSRULES_recordLink&quot;(
          label: rf!text_questionName,
          recordType: rp!type,
          identifier: rp!id
        ),
        align: &quot;CENTER&quot;
      )
    ),
    #&quot;SYSTEM_SYSRULES_gridLayoutColumn&quot;(
      label: #&quot;_a-0000dd13-5aaa-8000-9ccd-01ef9001ef90_56330&quot;,
      align: &quot;CENTER&quot;,
      component: #&quot;SYSTEM_SYSRULES_recordGrid_floatingPointField&quot;(
        displayvalue: rf!dec_evaluationTimeInHours,
        align: &quot;CENTER&quot;
      )
    ),
    #&quot;SYSTEM_SYSRULES_gridLayoutColumn&quot;(
      label: #&quot;_a-0000dd13-5aaa-8000-9ccd-01ef9001ef90_56353&quot;,
      width: &quot;DISTRIBUTE&quot;,
      align: &quot;CENTER&quot;,
      component: #&quot;SYSTEM_SYSRULES_recordGrid_integerField&quot;(
        displayvalue: rf!int_weightage,
        align: &quot;CENTER&quot;
      )
    ),
    #&quot;SYSTEM_SYSRULES_gridLayoutColumn&quot;(
      label: #&quot;_a-0000dd13-5aaa-8000-9ccd-01ef9001ef90_56355&quot;,
      width: &quot;DISTRIBUTE&quot;,
      align: &quot;CENTER&quot;,
      component: #&quot;SYSTEM_SYSRULES_recordGrid_integerField&quot;(
        displayvalue: rf!int_relevancePoints,
        align: &quot;CENTER&quot;
      )
    )  
  },
  pageSize: 10,
  defaultSort: #&quot;SYSTEM_SYSRULES_sortInfo&quot;(
    field: &quot;int_relevancePoints&quot;,
    ascending: false
  )
)</a:listViewTemplateExpr>
        <a:fieldCfg name="Category">
            <a:isSortable>false</a:isSortable>
            <a:isSearchable>false</a:isSearchable>
            <a:isFacet>true</a:isFacet>
            <a:facetType>EXPRESSION</a:facetType>
            <a:isExclusiveFacet>true</a:isExclusiveFacet>
            <a:facetExpr>#&quot;_a-0000dd13-5aaa-8000-9ccd-01ef9001ef90_56796&quot;()</a:facetExpr>
            <a:sortOrderIndex>0</a:sortOrderIndex>
            <a:facetOrderIndex>0</a:facetOrderIndex>
            <a:visibilityExpr></a:visibilityExpr>
            <a:defaultOptionExpr></a:defaultOptionExpr>
        </a:fieldCfg>
        <a:fieldCfg name="Topic">
            <a:isSortable>false</a:isSortable>
            <a:isSearchable>false</a:isSearchable>
            <a:isFacet>true</a:isFacet>
            <a:facetType>EXPRESSION</a:facetType>
            <a:isExclusiveFacet>true</a:isExclusiveFacet>
            <a:facetExpr>#&quot;_a-0000dd13-5aaa-8000-9ccd-01ef9001ef90_56794&quot;()</a:facetExpr>
            <a:sortOrderIndex>1</a:sortOrderIndex>
            <a:facetOrderIndex>1</a:facetOrderIndex>
            <a:visibilityExpr></a:visibilityExpr>
            <a:defaultOptionExpr></a:defaultOptionExpr>
        </a:fieldCfg>
        <a:detailViewCfg>
            <a:nameExpr>=&quot;Summary&quot;</a:nameExpr>
            <a:uiExpr>#&quot;_a-0000dd13-5aaa-8000-9ccd-01ef9001ef90_56324&quot;()</a:uiExpr>
            <a:visibilityExpr>=true()</a:visibilityExpr>
            <a:urlStub>summary</a:urlStub>
            <a:headerExpr></a:headerExpr>
            <a:relatedActionCfg>c7c7e1ba-4927-491d-bfbf-a55fb85cef2a</a:relatedActionCfg>
            <a:relatedActionCfg>78c73c65-d908-44b9-ae13-92e1eeb4070a</a:relatedActionCfg>
            <a:relatedActionCfg>6da2400c-ffb7-4aad-a573-0a1f616d19dc</a:relatedActionCfg>
        </a:detailViewCfg>
        <a:defaultFilter>
            <a:field>bool_isActive</a:field>
            <a:operator>=</a:operator>
            <a:valueExpression>true()</a:valueExpression>
        </a:defaultFilter>
        <a:relatedActionCfg>
            <a:target xmlns:xsi="http://www.w3.org/2001/XMLSchema-instance" xsi:type="a:ProcessModel" a:uuid="0007dd20-9b81-8000-9ccd-014d98014d98"/>
            <a:contextExpr>{
  int_questionId: rf!int_id,
  text_questionName: rf!text_questionName
}</a:contextExpr>
            <a:visibilityExpr>= if(&#xD;
  and(&#xD;
    not(&#xD;
      isusermemberofgroup(&#xD;
        loggedInUser(),&#xD;
        #&quot;_a-0000dd13-5aaa-8000-9ccd-01ef9001ef90_55913&quot;&#xD;
      )&#xD;
    ),&#xD;
    isusermemberofgroup(&#xD;
      loggedInUser(),&#xD;
      #&quot;_a-0000dd13-5aaa-8000-9ccd-01ef9001ef90_55897&quot;&#xD;
    ),&#xD;
    #&quot;74affea5-023f-4878-b6fb-fe6a9f9ce9fb&quot;(&#xD;
      rf!int_id&#xD;
    )&#xD;
  ),&#xD;
  true(),&#xD;
  false()&#xD;
)</a:visibilityExpr>
            <a:refId>c7c7e1ba-4927-491d-bfbf-a55fb85cef2a</a:refId>
        </a:relatedActionCfg>
        <a:relatedActionCfg>
            <a:target xmlns:xsi="http://www.w3.org/2001/XMLSchema-instance" xsi:type="a:ProcessModel" a:uuid="0003dd2e-0823-8000-9ccd-014d98014d98"/>
            <a:contextExpr>{int_questionID:rf!int_id,text_actionType:&quot;Update Question&quot;}</a:contextExpr>
            <a:visibilityExpr>=if(isusermemberofgroup(
  loggedInUser(),
  #&quot;_a-0000dd13-5aaa-8000-9ccd-01ef9001ef90_55913&quot;
),
true(),
false()
)</a:visibilityExpr>
            <a:refId>78c73c65-d908-44b9-ae13-92e1eeb4070a</a:refId>
        </a:relatedActionCfg>
        <a:relatedActionCfg>
            <a:target xmlns:xsi="http://www.w3.org/2001/XMLSchema-instance" xsi:type="a:ProcessModel" a:uuid="0003dd2f-1cdd-8000-9ccd-014d98014d98"/>
            <a:contextExpr>{int_questionID:rf!int_id}</a:contextExpr>
            <a:visibilityExpr>=if(isusermemberofgroup(&#xD;
loggedInUser(),&#xD;
#&quot;_a-0000dd13-5aaa-8000-9ccd-01ef9001ef90_55913&quot;&#xD;
),&#xD;
true(),&#xD;
false()&#xD;
)</a:visibilityExpr>
            <a:refId>6da2400c-ffb7-4aad-a573-0a1f616d19dc</a:refId>
        </a:relatedActionCfg>
        <a:isSystem>false</a:isSystem>
        <a:dataSrcExpr></a:dataSrcExpr>
        <a:facetsListExpr></a:facetsListExpr>
        <a:titleExpr>rf!text_questionName</a:titleExpr>
        <a:defaultFiltersExpr></a:defaultFiltersExpr>
        <a:layoutType>GRID</a:layoutType>
        <a:security>16383</a:security>
    </recordType>
    <roleMap>
        <role name="record_type_administrator">
            <users/>
            <groups>
                <groupUuid>_e-0000dd11-d37e-8000-9ccd-011e94011e94_425</groupUuid>
            </groups>
        </role>
        <role name="record_type_viewer">
            <users/>
            <groups>
                <groupUuid>_e-0000dd11-d37e-8000-9ccd-011e94011e94_422</groupUuid>
                <groupUuid>_e-0000dd11-d37e-8000-9ccd-011e94011e94_424</groupUuid>
            </groups>
        </role>
    </roleMap>
</recordTypeHaul>
