<?xml version="1.0" encoding="UTF-8" standalone="yes"?>
<dataStoreHaul xmlns:a="http://www.appian.com/ae/types/2009">
    <dataStore>
        <uuid>_a-0000dd13-5aaa-8000-9ccd-01ef9001ef90_55505</uuid>
        <name>IAL_Datastore_New</name>
        <description>Refers to all the active entities that are used across IAL</description>
        <dataSourceKey>jdbc/IAL</dataSourceKey>
        <adaptingExplicitSqlNames>false</adaptingExplicitSqlNames>
        <autoUpdateSchema>false</autoUpdateSchema>
        <entities>
            <entity>
                <uuid>a30e21ed-4d32-439a-8015-1ff1d9b73e45</uuid>
                <name>IAL_Candidate_Entity</name>
                <type>{urn:com:appian:types:IAL}IAL_Candidate</type>
            </entity>
            <entity>
                <uuid>0a07b8fb-70c9-4fa7-8b7e-252a39463a65</uuid>
                <name>IAL_Category_Entity</name>
                <type>{urn:com:appian:types:IAL}IAL_Category</type>
            </entity>
            <entity>
                <uuid>d4abd8ab-fa98-4791-8dbe-e26a362f7a65</uuid>
                <name>IAL_Entity_Audit_Entity</name>
                <type>{urn:com:appian:types:IAL}IAL_Entity_Audit</type>
            </entity>
            <entity>
                <uuid>e017398a-b45d-448c-8307-c95ac459a0a7</uuid>
                <name>IAL_Entity_Lookup_Entity</name>
                <type>{urn:com:appian:types:IAL}IAL_Entity_Lookup</type>
            </entity>
            <entity>
                <uuid>5a6fd0cf-2a1c-47e7-ac62-3bff4d4ba82b</uuid>
                <name>IAL_Evaluator_Entity</name>
                <type>{urn:com:appian:types:IAL}IAL_Evaluator</type>
            </entity>
            <entity>
                <uuid>7107a1d1-3bf9-4b89-8e79-750c4a589d7e</uuid>
                <name>IAL_Question_Entity</name>
                <type>{urn:com:appian:types:IAL}IAL_Question</type>
            </entity>
            <entity>
                <uuid>3941b2d5-695a-474a-beb2-4c2a52d2e060</uuid>
                <name>IAL_Topic_Lookup_Entity</name>
                <type>{urn:com:appian:types:IAL}IAL_Topic_Lookup</type>
            </entity>
            <entity>
                <uuid>c99a6c64-9a38-4b88-bcd8-c14c49b269b7</uuid>
                <name>IAL_Status_Lookup_Entity</name>
                <type>{urn:com:appian:types:IAL}IAL_Status_Lookup</type>
            </entity>
            <entity>
                <uuid>5095070e-ec0f-4844-a8b9-3ab4930001aa</uuid>
                <name>IAL_Question_Prerequisite_Entity</name>
                <type>{urn:com:appian:types:IAL}IAL_Question_Prerequisite</type>
            </entity>
            <entity>
                <uuid>38803dde-a815-41bb-b4b6-e5bffa18cfb8</uuid>
                <name>IAL_Question_Evaluation_Entity</name>
                <type>{urn:com:appian:types:IAL}IAL_Question_Evaluation</type>
            </entity>
            <entity>
                <uuid>c7e8a0e8-c0d2-4a84-8efc-3507a90fc059</uuid>
                <name>IAL_Question_Solution_Entity</name>
                <type>{urn:com:appian:types:IAL}IAL_Question_Solution</type>
            </entity>
            <entity>
                <uuid>b87d0fb7-dc19-43ac-8dc7-c91e8162e94e</uuid>
                <name>IAL_Candidate_Question_Entity</name>
                <type>{urn:com:appian:types:IAL}IAL_Candidate_Question</type>
            </entity>
            <entity>
                <uuid>8e015b59-c024-4a35-b99d-3d1f3c8abb72</uuid>
                <name>IAL_View_Candidate_Question_Score_Entity</name>
                <type>{urn:com:appian:types:IAL}IAL_View_Candidate_Question_Score</type>
            </entity>
            <entity>
                <uuid>1645a2fa-9304-465d-aecb-615582c10b41</uuid>
                <name>IAL_View_Question_Entity</name>
                <type>{urn:com:appian:types}IAL_View_Question</type>
            </entity>
            <entity>
                <uuid>26a8ac25-4a42-4752-9684-e8be73f78625</uuid>
                <name>IAL_View_Candidate_Category_Entity</name>
                <type>{urn:com:appian:types:IAL}IAL_View_Candidate_Category</type>
            </entity>
            <entity>
                <uuid>eae64823-4b76-44c2-9aa7-e818dea47f44</uuid>
                <name>IAL_CandidateSocreAndSumbitedQuestions_View</name>
                <type>{urn:com:appian:types:IAL}IAL_CandidateSocreAndSumbitedQuestions_View</type>
            </entity>
        </entities>
    </dataStore>
    <isPublished>true</isPublished>
    <roleMap>
        <role allowForAll="false" inherit="false" name="administrators">
            <users/>
            <groups>
                <groupUuid>_e-0000dd11-d37e-8000-9ccd-011e94011e94_425</groupUuid>
            </groups>
        </role>
        <role allowForAll="false" inherit="false" name="authors">
            <users/>
            <groups/>
        </role>
        <role allowForAll="false" inherit="false" name="denyAdministrators">
            <users/>
            <groups/>
        </role>
        <role allowForAll="false" inherit="false" name="denyAuthors">
            <users/>
            <groups/>
        </role>
        <role allowForAll="false" inherit="false" name="denyReaders">
            <users/>
            <groups/>
        </role>
        <role allowForAll="false" inherit="false" name="readers">
            <users/>
            <groups>
                <groupUuid>_e-0000dd11-d37e-8000-9ccd-011e94011e94_423</groupUuid>
                <groupUuid>_e-0000dd11-d37e-8000-9ccd-011e94011e94_422</groupUuid>
                <groupUuid>_e-0000dd11-d37e-8000-9ccd-011e94011e94_424</groupUuid>
            </groups>
        </role>
    </roleMap>
</dataStoreHaul>
