<?xml version="1.0" encoding="UTF-8" standalone="yes"?>
<applicationHaul xmlns:a="http://www.appian.com/ae/types/2009">
    <application>
        <name>IAL_New</name>
        <uuid>_a-0000dd13-5aaa-8000-9ccd-01ef9001ef90_55717</uuid>
        <description>Contains all objects related to IAL</description>
        <parentUuid>SYSTEM_APPLICATIONS_ROOT</parentUuid>
        <visibility>
            <advertise>false</advertise>
            <hierarchy>true</hierarchy>
            <indexable>true</indexable>
            <quota>false</quota>
            <searchable>true</searchable>
            <system>false</system>
            <unlogged>false</unlogged>
        </visibility>
        <urlIdentifier>P1pNyg</urlIdentifier>
        <published>true</published>
        <public>false</public>
        <associatedObjects>
            <globalIdMap>
                <item>
                    <type>datatype</type>
                    <uuids>
                        <uuid>{urn:com:appian:types:IAL}IAL_Candidate</uuid>
                        <uuid>{urn:com:appian:types:IAL}IAL_Candidate_Question</uuid>
                        <uuid>{urn:com:appian:types:IAL}IAL_Category</uuid>
                        <uuid>{urn:com:appian:types:IAL}IAL_Entity_Lookup</uuid>
                        <uuid>{urn:com:appian:types:IAL}IAL_Evaluator</uuid>
                        <uuid>{urn:com:appian:types:IAL}IAL_Question</uuid>
                        <uuid>{urn:com:appian:types:IAL}IAL_Topic_Lookup</uuid>
                        <uuid>{urn:com:appian:types:IAL}IAL_Entity_Audit</uuid>
                        <uuid>{urn:com:appian:types:IAL}IAL_Status_Lookup</uuid>
                        <uuid>{urn:com:appian:types:IAL}IAL_Question_Evaluation</uuid>
                        <uuid>{urn:com:appian:types:IAL}IAL_Question_Prerequisite</uuid>
                        <uuid>{urn:com:appian:types:IAL}IAL_Question_Solution</uuid>
                        <uuid>{urn:com:appian:types:IAL}IAL_View_Candidate_Question_Score</uuid>
                        <uuid>{urn:com:appian:types}IAL_View_Question</uuid>
                        <uuid>{urn:com:appian:types:IAL}IAL_View_Candidate_Category</uuid>
                        <uuid>{urn:com:appian:types:IAL}IAL_CandidateSocreAndSumbitedQuestions_View</uuid>
                        <uuid>{urn:appian:plugin:datasubsetdownload:types}ExportableDataSubset</uuid>
                    </uuids>
                </item>
                <item>
                    <type>dataStore</type>
                    <uuids>
                        <uuid>_a-0000dd13-5aaa-8000-9ccd-01ef9001ef90_55505</uuid>
                    </uuids>
                </item>
                <item>
                    <type>user</type>
                    <uuids/>
                </item>
                <item>
                    <type>groupType</type>
                    <uuids/>
                </item>
                <item>
                    <type>group</type>
                    <uuids>
                        <uuid>_e-0000dd11-d37e-8000-9ccd-011e94011e94_422</uuid>
                        <uuid>_e-0000dd11-d37e-8000-9ccd-011e94011e94_423</uuid>
                        <uuid>_e-0000dd11-d37e-8000-9ccd-011e94011e94_424</uuid>
                        <uuid>_e-0000dd11-d37e-8000-9ccd-011e94011e94_425</uuid>
                    </uuids>
                </item>
                <item>
                    <type>content</type>
                    <uuids>
                        <uuid>_a-0000dd13-5aaa-8000-9ccd-01ef9001ef90_55725</uuid>
                        <uuid>_a-0000dd13-5aaa-8000-9ccd-01ef9001ef90_55726</uuid>
                        <uuid>_a-0000dd13-5aaa-8000-9ccd-01ef9001ef90_55727</uuid>
                        <uuid>_a-0000dd13-5aaa-8000-9ccd-01ef9001ef90_55728</uuid>
                        <uuid>_a-0000dd13-5aaa-8000-9ccd-01ef9001ef90_55729</uuid>
                        <uuid>_a-0000dd13-5aaa-8000-9ccd-01ef9001ef90_55730</uuid>
                        <uuid>_a-0000dd13-5aaa-8000-9ccd-01ef9001ef90_55773</uuid>
                        <uuid>_a-0000dd13-5aaa-8000-9ccd-01ef9001ef90_55774</uuid>
                        <uuid>_a-0000dd13-5aaa-8000-9ccd-01ef9001ef90_55775</uuid>
                        <uuid>_a-0000dd13-5aaa-8000-9ccd-01ef9001ef90_55738</uuid>
                        <uuid>_a-0000dd13-5aaa-8000-9ccd-01ef9001ef90_55742</uuid>
                        <uuid>_a-0000dd13-5aaa-8000-9ccd-01ef9001ef90_55743</uuid>
                        <uuid>_a-0000dd13-5aaa-8000-9ccd-01ef9001ef90_55750</uuid>
                        <uuid>_a-0000dd13-5aaa-8000-9ccd-01ef9001ef90_55751</uuid>
                        <uuid>_a-0000dd13-5aaa-8000-9ccd-01ef9001ef90_55752</uuid>
                        <uuid>_a-0000dd13-5aaa-8000-9ccd-01ef9001ef90_55757</uuid>
                        <uuid>3cb44a61-09f2-4f15-91e8-489ab1280ef0</uuid>
                        <uuid>_a-0000dd13-5aaa-8000-9ccd-01ef9001ef90_55731</uuid>
                        <uuid>_a-0000dd13-5aaa-8000-9ccd-01ef9001ef90_55776</uuid>
                        <uuid>_a-0000dd13-5aaa-8000-9ccd-01ef9001ef90_55778</uuid>
                        <uuid>_a-0000dd13-5aaa-8000-9ccd-01ef9001ef90_55893</uuid>
                        <uuid>_a-0000dd13-5aaa-8000-9ccd-01ef9001ef90_55897</uuid>
                        <uuid>_a-0000dd13-5aaa-8000-9ccd-01ef9001ef90_55913</uuid>
                        <uuid>_a-0000dd13-5aaa-8000-9ccd-01ef9001ef90_55914</uuid>
                        <uuid>_a-0000dd13-5aaa-8000-9ccd-01ef9001ef90_55920</uuid>
                        <uuid>_a-0000dd13-5aaa-8000-9ccd-01ef9001ef90_55942</uuid>
                        <uuid>_a-0000dd13-5aaa-8000-9ccd-01ef9001ef90_55944</uuid>
                        <uuid>_a-0000dd13-5aaa-8000-9ccd-01ef9001ef90_55947</uuid>
                        <uuid>_a-0000dd13-5aaa-8000-9ccd-01ef9001ef90_55744</uuid>
                        <uuid>_a-0000dd13-5aaa-8000-9ccd-01ef9001ef90_56002</uuid>
                        <uuid>_a-0000dd13-5aaa-8000-9ccd-01ef9001ef90_56003</uuid>
                        <uuid>_a-0000dd13-5aaa-8000-9ccd-01ef9001ef90_56004</uuid>
                        <uuid>_a-0000dd13-5aaa-8000-9ccd-01ef9001ef90_56005</uuid>
                        <uuid>_a-0000dd13-5aaa-8000-9ccd-01ef9001ef90_56006</uuid>
                        <uuid>2ccad6b6-df16-4b91-b5cc-c118c46b770f</uuid>
                        <uuid>023fcd14-f681-44a1-9ec4-2c6efaf1650f</uuid>
                        <uuid>2dd26ae8-0d81-4e52-b452-dfa365e82668</uuid>
                        <uuid>1d43f463-2ac5-405b-b729-b6eb2125c480</uuid>
                        <uuid>6eb1ba97-ac38-4a80-938b-9327e78e60ff</uuid>
                        <uuid>f55e3b14-16ec-42c0-bcb9-ec8b9b34e43d</uuid>
                        <uuid>fba144b4-59fe-4235-9cc1-d993ff73fe0e</uuid>
                        <uuid>05c6089b-8244-4254-984b-247b00e713a0</uuid>
                        <uuid>_a-0000dd13-5aaa-8000-9ccd-01ef9001ef90_55753</uuid>
                        <uuid>c7b8b551-ade8-4113-9fc7-5f3c9ea2449d</uuid>
                        <uuid>35d301d2-8ed6-4d1d-b1e5-de135dd393d1</uuid>
                        <uuid>_a-0000dd13-5aaa-8000-9ccd-01ef9001ef90_55754</uuid>
                        <uuid>_a-0000dd13-5aaa-8000-9ccd-01ef9001ef90_55755</uuid>
                        <uuid>_a-0000dd13-5aaa-8000-9ccd-01ef9001ef90_56189</uuid>
                        <uuid>_a-0000dd13-5aaa-8000-9ccd-01ef9001ef90_56214</uuid>
                        <uuid>_a-0000dd13-5aaa-8000-9ccd-01ef9001ef90_56250</uuid>
                        <uuid>_a-0000dd13-5aaa-8000-9ccd-01ef9001ef90_56251</uuid>
                        <uuid>_a-0000dd13-5aaa-8000-9ccd-01ef9001ef90_56252</uuid>
                        <uuid>_a-0000dd13-5aaa-8000-9ccd-01ef9001ef90_56255</uuid>
                        <uuid>_a-0000dd13-5aaa-8000-9ccd-01ef9001ef90_56257</uuid>
                        <uuid>_a-0000dd13-5aaa-8000-9ccd-01ef9001ef90_56258</uuid>
                        <uuid>_a-0000dd13-5aaa-8000-9ccd-01ef9001ef90_56261</uuid>
                        <uuid>_a-0000dd13-5aaa-8000-9ccd-01ef9001ef90_56286</uuid>
                        <uuid>_a-0000dd13-5aaa-8000-9ccd-01ef9001ef90_56289</uuid>
                        <uuid>_a-0000dd13-5aaa-8000-9ccd-01ef9001ef90_56290</uuid>
                        <uuid>_a-0000dd13-5aaa-8000-9ccd-01ef9001ef90_56291</uuid>
                        <uuid>_a-0000dd13-5aaa-8000-9ccd-01ef9001ef90_56318</uuid>
                        <uuid>_a-0000dd13-5aaa-8000-9ccd-01ef9001ef90_56319</uuid>
                        <uuid>_a-0000dd13-5aaa-8000-9ccd-01ef9001ef90_56322</uuid>
                        <uuid>_a-0000dd13-5aaa-8000-9ccd-01ef9001ef90_56323</uuid>
                        <uuid>_a-0000dd13-5aaa-8000-9ccd-01ef9001ef90_56324</uuid>
                        <uuid>_a-0000dd13-5aaa-8000-9ccd-01ef9001ef90_56327</uuid>
                        <uuid>_a-0000dd13-5aaa-8000-9ccd-01ef9001ef90_56328</uuid>
                        <uuid>_a-0000dd13-5aaa-8000-9ccd-01ef9001ef90_56329</uuid>
                        <uuid>_a-0000dd13-5aaa-8000-9ccd-01ef9001ef90_56330</uuid>
                        <uuid>_a-0000dd13-5aaa-8000-9ccd-01ef9001ef90_56332</uuid>
                        <uuid>_a-0000dd13-5aaa-8000-9ccd-01ef9001ef90_56352</uuid>
                        <uuid>_a-0000dd13-5aaa-8000-9ccd-01ef9001ef90_56353</uuid>
                        <uuid>_a-0000dd13-5aaa-8000-9ccd-01ef9001ef90_56355</uuid>
                        <uuid>_a-0000dd13-5aaa-8000-9ccd-01ef9001ef90_56359</uuid>
                        <uuid>_a-0000dd13-5aaa-8000-9ccd-01ef9001ef90_56365</uuid>
                        <uuid>_a-0000dd13-5aaa-8000-9ccd-01ef9001ef90_56372</uuid>
                        <uuid>_a-0000dd13-5aaa-8000-9ccd-01ef9001ef90_56391</uuid>
                        <uuid>_a-0000dd13-5aaa-8000-9ccd-01ef9001ef90_56407</uuid>
                        <uuid>_a-0000dd13-5aaa-8000-9ccd-01ef9001ef90_56408</uuid>
                        <uuid>_a-0000dd13-5aaa-8000-9ccd-01ef9001ef90_56421</uuid>
                        <uuid>_a-0000dd13-5aaa-8000-9ccd-01ef9001ef90_56424</uuid>
                        <uuid>_a-0000dd13-5aaa-8000-9ccd-01ef9001ef90_56426</uuid>
                        <uuid>_a-0000dd13-5aaa-8000-9ccd-01ef9001ef90_56427</uuid>
                        <uuid>_a-0000dd13-5aaa-8000-9ccd-01ef9001ef90_56428</uuid>
                        <uuid>_a-0000dd13-5aaa-8000-9ccd-01ef9001ef90_56429</uuid>
                        <uuid>_a-0000dd13-5aaa-8000-9ccd-01ef9001ef90_56430</uuid>
                        <uuid>_a-0000dd13-5aaa-8000-9ccd-01ef9001ef90_56431</uuid>
                        <uuid>_a-0000dd13-5aaa-8000-9ccd-01ef9001ef90_56432</uuid>
                        <uuid>_a-0000dd13-5aaa-8000-9ccd-01ef9001ef90_56433</uuid>
                        <uuid>_a-0000dd13-5aaa-8000-9ccd-01ef9001ef90_56434</uuid>
                        <uuid>_a-0000dd13-5aaa-8000-9ccd-01ef9001ef90_56435</uuid>
                        <uuid>_a-0000dd13-5aaa-8000-9ccd-01ef9001ef90_56436</uuid>
                        <uuid>_a-0000dd13-5aaa-8000-9ccd-01ef9001ef90_56437</uuid>
                        <uuid>_a-0000dd13-5aaa-8000-9ccd-01ef9001ef90_56438</uuid>
                        <uuid>_a-0000dd13-5aaa-8000-9ccd-01ef9001ef90_56456</uuid>
                        <uuid>_a-0000dd13-5aaa-8000-9ccd-01ef9001ef90_56593</uuid>
                        <uuid>_a-0000dd13-5aaa-8000-9ccd-01ef9001ef90_56594</uuid>
                        <uuid>_a-0000dd13-5aaa-8000-9ccd-01ef9001ef90_56598</uuid>
                        <uuid>_a-0000dd13-5aaa-8000-9ccd-01ef9001ef90_56610</uuid>
                        <uuid>_a-0000dd13-5aaa-8000-9ccd-01ef9001ef90_56613</uuid>
                        <uuid>_a-0000dd13-5aaa-8000-9ccd-01ef9001ef90_56616</uuid>
                        <uuid>_a-0000dd13-5aaa-8000-9ccd-01ef9001ef90_56652</uuid>
                        <uuid>_a-0000dd13-5aaa-8000-9ccd-01ef9001ef90_56656</uuid>
                        <uuid>_a-0000dd13-5aaa-8000-9ccd-01ef9001ef90_56657</uuid>
                        <uuid>_a-0000dd13-5aaa-8000-9ccd-01ef9001ef90_56665</uuid>
                        <uuid>_a-0000dd13-5aaa-8000-9ccd-01ef9001ef90_56680</uuid>
                        <uuid>_a-0000dd13-5aaa-8000-9ccd-01ef9001ef90_56688</uuid>
                        <uuid>_a-0000dd13-5aaa-8000-9ccd-01ef9001ef90_56710</uuid>
                        <uuid>_a-0000dd13-5aaa-8000-9ccd-01ef9001ef90_56712</uuid>
                        <uuid>_a-0000dd13-5aaa-8000-9ccd-01ef9001ef90_56715</uuid>
                        <uuid>_a-0000dd13-5aaa-8000-9ccd-01ef9001ef90_56724</uuid>
                        <uuid>_a-0000dd13-5aaa-8000-9ccd-01ef9001ef90_56736</uuid>
                        <uuid>_a-0000dd13-5aaa-8000-9ccd-01ef9001ef90_56794</uuid>
                        <uuid>_a-0000dd13-5aaa-8000-9ccd-01ef9001ef90_56796</uuid>
                        <uuid>a490980d-a9e2-432d-9ac6-12a7cebb640a</uuid>
                        <uuid>_a-0000dd13-5aaa-8000-9ccd-01ef9001ef90_56808</uuid>
                        <uuid>_a-0000dd13-5aaa-8000-9ccd-01ef9001ef90_56838</uuid>
                        <uuid>_a-0000dd13-5aaa-8000-9ccd-01ef9001ef90_56852</uuid>
                        <uuid>_a-0000dd13-5aaa-8000-9ccd-01ef9001ef90_56854</uuid>
                        <uuid>_a-0000dd13-5aaa-8000-9ccd-01ef9001ef90_56667</uuid>
                        <uuid>_a-0000dd13-5aaa-8000-9ccd-01ef9001ef90_56720</uuid>
                        <uuid>_a-0000dd13-5aaa-8000-9ccd-01ef9001ef90_56881</uuid>
                        <uuid>712545c3-4148-4314-ba5b-dab4c8304e91</uuid>
                        <uuid>ee6eae44-645f-4f52-ba74-c41a7926eca2</uuid>
                        <uuid>b58b4f5c-29a1-4214-b1c3-46f2088e9f24</uuid>
                        <uuid>_a-0000dd13-5aaa-8000-9ccd-01ef9001ef90_56609</uuid>
                        <uuid>3f8ec4dd-7e95-4953-83b4-c15469c832ef</uuid>
                        <uuid>_a-0000dd13-5aaa-8000-9ccd-01ef9001ef90_57020</uuid>
                        <uuid>_a-0000dd13-5aaa-8000-9ccd-01ef9001ef90_57023</uuid>
                        <uuid>_a-0000dd28-5c84-8000-9ccd-01ef9001ef90_57446</uuid>
                        <uuid>_a-0000dd28-5c84-8000-9ccd-01ef9001ef90_57477</uuid>
                        <uuid>_a-0000dd28-5c84-8000-9ccd-01ef9001ef90_57481</uuid>
                        <uuid>_a-0000dd28-5c84-8000-9ccd-01ef9001ef90_57703</uuid>
                        <uuid>_a-0000dd28-5c84-8000-9ccd-01ef9001ef90_57704</uuid>
                        <uuid>_a-0000dd28-5c84-8000-9ccd-01ef9001ef90_57919</uuid>
                        <uuid>775ac157-c359-4876-9d81-d920b855da65</uuid>
                        <uuid>_a-0000dd13-5aaa-8000-9ccd-01ef9001ef90_55756</uuid>
                        <uuid>_a-0000dd28-5c84-8000-9ccd-01ef9001ef90_57946</uuid>
                        <uuid>_a-0000dd28-5c84-8000-9ccd-01ef9001ef90_57951</uuid>
                        <uuid>_a-0000dd28-5c84-8000-9ccd-01ef9001ef90_58023</uuid>
                        <uuid>_a-0000dd28-5c84-8000-9ccd-01ef9001ef90_58024</uuid>
                        <uuid>_a-0000dd28-5c84-8000-9ccd-01ef9001ef90_58025</uuid>
                        <uuid>_a-0000dd28-5c84-8000-9ccd-01ef9001ef90_58026</uuid>
                        <uuid>_a-0000dd28-5c84-8000-9ccd-01ef9001ef90_58027</uuid>
                        <uuid>_a-0000dd28-5c84-8000-9ccd-01ef9001ef90_58028</uuid>
                        <uuid>_a-0000dd28-5c84-8000-9ccd-01ef9001ef90_58033</uuid>
                        <uuid>_a-0000dd28-5c84-8000-9ccd-01ef9001ef90_58057</uuid>
                        <uuid>_a-0000dd28-5c84-8000-9ccd-01ef9001ef90_58059</uuid>
                        <uuid>_a-0000dd2d-fe61-8000-9ccd-01ef9001ef90_58220</uuid>
                        <uuid>_a-0000dd2d-fe61-8000-9ccd-01ef9001ef90_58221</uuid>
                        <uuid>1ef0b9e0-a7f9-4b71-984b-6a4105b9d70e</uuid>
                        <uuid>_a-0000dd2d-fe61-8000-9ccd-01ef9001ef90_58223</uuid>
                        <uuid>_a-0000dd2d-fe61-8000-9ccd-01ef9001ef90_58227</uuid>
                        <uuid>_a-0000dd2d-fe61-8000-9ccd-01ef9001ef90_58481</uuid>
                        <uuid>_a-0000dd2d-fe61-8000-9ccd-01ef9001ef90_58483</uuid>
                        <uuid>_a-0000dd2d-fe61-8000-9ccd-01ef9001ef90_58484</uuid>
                        <uuid>_a-0000dd31-d216-8000-9ccd-01ef9001ef90_58560</uuid>
                        <uuid>_a-0000dd31-d216-8000-9ccd-01ef9001ef90_58561</uuid>
                        <uuid>_a-0000dd3c-1880-8000-9ccd-01ef9001ef90_58796</uuid>
                        <uuid>_a-0000dd3c-1880-8000-9ccd-01ef9001ef90_58800</uuid>
                        <uuid>87ad3d70-33bb-48ff-8892-6c90b7bb47a3</uuid>
                        <uuid>acd01446-507c-4e6b-9ec1-bc9db82f5375</uuid>
                        <uuid>_a-0000dd3c-1880-8000-9ccd-01ef9001ef90_58807</uuid>
                        <uuid>_a-0000dd3c-1880-8000-9ccd-01ef9001ef90_58808</uuid>
                        <uuid>_a-0000dd3c-1880-8000-9ccd-01ef9001ef90_58828</uuid>
                        <uuid>_a-0000dd3c-1880-8000-9ccd-01ef9001ef90_58829</uuid>
                        <uuid>_a-0000dd3c-1880-8000-9ccd-01ef9001ef90_58830</uuid>
                        <uuid>_a-0000dd3c-1880-8000-9ccd-01ef9001ef90_58831</uuid>
                        <uuid>_a-0000dd3c-1880-8000-9ccd-01ef9001ef90_58832</uuid>
                        <uuid>_a-0000dd3c-1880-8000-9ccd-01ef9001ef90_58833</uuid>
                        <uuid>_a-0000dd3c-1880-8000-9ccd-01ef9001ef90_58834</uuid>
                        <uuid>_a-0000dd3c-1880-8000-9ccd-01ef9001ef90_58845</uuid>
                        <uuid>_a-0000dd3c-1880-8000-9ccd-01ef9001ef90_58849</uuid>
                        <uuid>_a-0000dd3c-1880-8000-9ccd-01ef9001ef90_58869</uuid>
                        <uuid>_a-0000dd3c-1880-8000-9ccd-01ef9001ef90_60055</uuid>
                        <uuid>_a-0000dd3c-1880-8000-9ccd-01ef9001ef90_60057</uuid>
                        <uuid>_a-0000dd3c-1880-8000-9ccd-01ef9001ef90_60061</uuid>
                        <uuid>_a-0000dd3c-1880-8000-9ccd-01ef9001ef90_61438</uuid>
                        <uuid>_a-0000dd3c-1880-8000-9ccd-01ef9001ef90_61452</uuid>
                        <uuid>_a-0000dd4c-1b8d-8000-9ccd-01ef9001ef90_61736</uuid>
                        <uuid>_a-0000dd4c-1b8d-8000-9ccd-01ef9001ef90_62242</uuid>
                        <uuid>_a-0000dd4c-1b8d-8000-9ccd-01ef9001ef90_62244</uuid>
                        <uuid>_a-0000dd4c-1b8d-8000-9ccd-01ef9001ef90_62246</uuid>
                        <uuid>_a-0000dd4c-1b8d-8000-9ccd-01ef9001ef90_62247</uuid>
                        <uuid>_a-0000dd4c-1b8d-8000-9ccd-01ef9001ef90_62251</uuid>
                        <uuid>_a-0000dd4c-1b8d-8000-9ccd-01ef9001ef90_62262</uuid>
                        <uuid>_a-0000dd4c-1b8d-8000-9ccd-01ef9001ef90_62263</uuid>
                        <uuid>571a805b-8849-476b-ba46-d100c9def799</uuid>
                        <uuid>_a-0000dd4c-1b8d-8000-9ccd-01ef9001ef90_62285</uuid>
                        <uuid>_a-0000dd4c-1b8d-8000-9ccd-01ef9001ef90_62288</uuid>
                        <uuid>_a-0000dd5e-66e2-8000-9ccd-01ef9001ef90_62455</uuid>
                        <uuid>74affea5-023f-4878-b6fb-fe6a9f9ce9fb</uuid>
                        <uuid>_a-0000dd5e-66e2-8000-9ccd-01ef9001ef90_62486</uuid>
                        <uuid>_a-0000dd5e-66e2-8000-9ccd-01ef9001ef90_62490</uuid>
                        <uuid>_a-0000dd5e-66e2-8000-9ccd-01ef9001ef90_62493</uuid>
                        <uuid>8208ca60-b841-412e-9f80-73f1dd33e6e4</uuid>
                        <uuid>_a-0000dd65-2699-8000-9ccd-01ef9001ef90_62603</uuid>
                        <uuid>_a-0000dd65-2699-8000-9ccd-01ef9001ef90_62610</uuid>
                        <uuid>_a-0000dd65-2699-8000-9ccd-01ef9001ef90_62611</uuid>
                        <uuid>77ea24d0-8405-4d3b-a2ce-ee0906d22938</uuid>
                        <uuid>_a-0000dd65-2699-8000-9ccd-01ef9001ef90_62651</uuid>
                        <uuid>_a-0000dd65-2699-8000-9ccd-01ef9001ef90_62653</uuid>
                        <uuid>_a-0000dd69-3122-8000-aae2-01ef9001ef90_5873</uuid>
                        <uuid>_a-0000dd69-3122-8000-aae2-01ef9001ef90_5874</uuid>
                        <uuid>_a-0000dd69-3122-8000-aae2-01ef9001ef90_5875</uuid>
                        <uuid>_a-0000dd69-3122-8000-aae2-01ef9001ef90_5907</uuid>
                        <uuid>_a-0000dd69-3122-8000-aae2-01ef9001ef90_5910</uuid>
                        <uuid>_a-0000dd69-3122-8000-aae2-01ef9001ef90_5914</uuid>
                        <uuid>_a-0000dd69-3122-8000-aae2-01ef9001ef90_5916</uuid>
                        <uuid>_a-0000dd69-3122-8000-aae2-01ef9001ef90_5924</uuid>
                        <uuid>_a-0000dd69-3122-8000-aae2-01ef9001ef90_5983</uuid>
                        <uuid>_a-0000dd69-3122-8000-aae2-01ef9001ef90_5988</uuid>
                        <uuid>9f7db43a-d09c-4686-8ba9-5f86e375bc8d</uuid>
                        <uuid>_a-0000dd69-3122-8000-aae2-01ef9001ef90_6011</uuid>
                        <uuid>_a-0000dd7a-325b-8000-aae2-01ef9001ef90_6681</uuid>
                        <uuid>_a-0000dd8e-fdae-8000-aae2-01ef9001ef90_6795</uuid>
                        <uuid>_a-0000dd94-c794-8000-aae2-01ef9001ef90_6956</uuid>
                        <uuid>_a-0000dd94-c794-8000-aae2-01ef9001ef90_6961</uuid>
                        <uuid>_a-0000dd94-c794-8000-aae2-01ef9001ef90_6978</uuid>
                        <uuid>_a-0000dd94-c794-8000-aae2-01ef9001ef90_6979</uuid>
                        <uuid>_a-0000dd96-1b17-8000-aae2-01ef9001ef90_6983</uuid>
                        <uuid>_a-0000dd96-1b17-8000-aae2-01ef9001ef90_7199</uuid>
                        <uuid>_a-0000dd96-1b17-8000-aae2-01ef9001ef90_7245</uuid>
                        <uuid>_a-0000dd96-1b17-8000-aae2-01ef9001ef90_7260</uuid>
                        <uuid>_a-0000dd96-1b17-8000-aae2-01ef9001ef90_7262</uuid>
                        <uuid>_a-0000dd96-1b17-8000-aae2-01ef9001ef90_7301</uuid>
                        <uuid>96415dd6-31c0-4537-a4f1-13ecda40b764</uuid>
                        <uuid>4e9d1ff4-5bf3-4327-91cd-bc80f2ec9de0</uuid>
                        <uuid>7ed655fb-0c4f-4127-b29e-0ca8b2a2fa0a</uuid>
                        <uuid>804bed3a-1d9a-4ab1-8b86-e2dbc4db0cb8</uuid>
                        <uuid>_a-0000dda8-31d6-8000-9ccd-01ef9001ef90_89240</uuid>
                        <uuid>_a-0000dd98-6750-8000-9ccd-01ef9001ef90_85151</uuid>
                        <uuid>_a-0000dd98-6750-8000-9ccd-01ef9001ef90_85618</uuid>
                        <uuid>_a-0000dda7-8771-8000-9ccd-01ef9001ef90_88627</uuid>
                        <uuid>0d36d8ab-884b-4313-a4af-8f5f0280f34e</uuid>
                        <uuid>f8ec579b-ca9d-4a14-a271-6d5e5b2b3e9a</uuid>
                        <uuid>_a-0000dd98-6750-8000-9ccd-01ef9001ef90_87385</uuid>
                        <uuid>_a-0000dd98-6750-8000-9ccd-01ef9001ef90_86203</uuid>
                        <uuid>_a-0000dda8-31d6-8000-9ccd-01ef9001ef90_88925</uuid>
                        <uuid>_a-0000dd98-6750-8000-9ccd-01ef9001ef90_85194</uuid>
                        <uuid>_a-0000dd98-6750-8000-9ccd-01ef9001ef90_85404</uuid>
                        <uuid>_a-0000dd98-6750-8000-9ccd-01ef9001ef90_85657</uuid>
                        <uuid>_a-0000dda1-e144-8000-aae2-01ef9001ef90_7802</uuid>
                        <uuid>_a-0000dda1-e144-8000-aae2-01ef9001ef90_7808</uuid>
                    </uuids>
                </item>
                <item>
                    <type>forum</type>
                    <uuids/>
                </item>
                <item>
                    <type>processModelFolder</type>
                    <uuids>
                        <uuid>_g-0000dd11-c4b5-8000-9ccd-014d98014d98_310</uuid>
                        <uuid>_g-0000dd11-c4b5-8000-9ccd-014d98014d98_311</uuid>
                        <uuid>_g-0000dd11-c4b5-8000-9ccd-014d98014d98_312</uuid>
                        <uuid>_g-0000dd11-c4b5-8000-9ccd-014d98014d98_309</uuid>
                        <uuid>_g-0000dd28-4a6b-8000-9ccd-014d98014d98_327</uuid>
                        <uuid>_g-0000dd28-4a6b-8000-9ccd-014d98014d98_328</uuid>
                        <uuid>_g-0000dd31-d7df-8000-9ccd-014d98014d98_339</uuid>
                        <uuid>_g-0000dd31-d7df-8000-9ccd-014d98014d98_340</uuid>
                        <uuid>_g-0000dd4c-1930-8000-9ccd-014d98014d98_357</uuid>
                    </uuids>
                </item>
                <item>
                    <type>processModel</type>
                    <uuids>
                        <uuid>0002dd1a-5218-8000-9ccd-014d98014d98</uuid>
                        <uuid>0004dd1a-56bb-8000-9ccd-014d98014d98</uuid>
                        <uuid>0004dd1a-6413-8000-9ccd-014d98014d98</uuid>
                        <uuid>0004dd1a-64d5-8000-9ccd-014d98014d98</uuid>
                        <uuid>0004dd1a-6596-8000-9ccd-014d98014d98</uuid>
                        <uuid>0004dd1a-6746-8000-9ccd-014d98014d98</uuid>
                        <uuid>0004dd1a-68d2-8000-9ccd-014d98014d98</uuid>
                        <uuid>0004dd1a-698c-8000-9ccd-014d98014d98</uuid>
                        <uuid>0002dd1f-ad77-8000-9ccd-014d98014d98</uuid>
                        <uuid>0007dd20-9b81-8000-9ccd-014d98014d98</uuid>
                        <uuid>0002dd24-c96c-8000-9ccd-014d98014d98</uuid>
                        <uuid>0002dd26-f61f-8000-9ccd-014d98014d98</uuid>
                        <uuid>0002dd2c-b7ee-8000-9ccd-014d98014d98</uuid>
                        <uuid>0009dd2c-f4d5-8000-9ccd-014d98014d98</uuid>
                        <uuid>0003dd2e-0986-8000-9ccd-014d98014d98</uuid>
                        <uuid>0003dd2e-0823-8000-9ccd-014d98014d98</uuid>
                        <uuid>0003dd2f-1cdd-8000-9ccd-014d98014d98</uuid>
                        <uuid>0004dd40-1bc9-8000-9ccd-014d98014d98</uuid>
                        <uuid>0002dd41-6dd0-8000-9ccd-014d98014d98</uuid>
                        <uuid>0002dd41-803b-8000-9ccd-014d98014d98</uuid>
                        <uuid>0003dd44-29e3-8000-9ccd-014d98014d98</uuid>
                        <uuid>0003dd44-2bf1-8000-9ccd-014d98014d98</uuid>
                        <uuid>0002dd1b-3726-8000-9ccd-014d98014d98</uuid>
                        <uuid>0002dd57-f852-8000-9ccd-014d98014d98</uuid>
                        <uuid>0002dd5f-e49c-8000-9ccd-014d98014d98</uuid>
                        <uuid>0002dd5f-edc7-8000-9ccd-014d98014d98</uuid>
                        <uuid>0002dd5f-effa-8000-9ccd-014d98014d98</uuid>
                        <uuid>000add60-1143-8000-9ccd-014d98014d98</uuid>
                        <uuid>0002dd77-8f91-8000-aae2-014d98014d98</uuid>
                        <uuid>0006dd77-81aa-8000-aae2-014d98014d98</uuid>
                        <uuid>000add7a-65e2-8000-aae2-014d98014d98</uuid>
                        <uuid>0002de10-54f8-8000-aae2-014d98014d98</uuid>
                    </uuids>
                </item>
                <item>
                    <type>portlet</type>
                    <uuids/>
                </item>
                <item>
                    <type>page</type>
                    <uuids/>
                </item>
                <item>
                    <type>application</type>
                    <uuids/>
                </item>
                <item>
                    <type>tempoFeed</type>
                    <uuids/>
                </item>
                <item>
                    <type>recordType</type>
                    <uuids>
                        <uuid>3c29a027-5cf4-4bc7-98b9-f138c3daae04</uuid>
                        <uuid>c65b2b8c-c500-4456-926a-8301870bde65</uuid>
                        <uuid>b5520b28-6d88-418d-8b6c-550cfa9cbb59</uuid>
                    </uuids>
                </item>
                <item>
                    <type>tempoReport</type>
                    <uuids/>
                </item>
                <item>
                    <type>taskReport</type>
                    <uuids>
                        <uuid>8c23805d-f598-4f56-934c-d1b2fae3f06c</uuid>
                        <uuid>49c0c63e-b63a-4427-bc97-780341ce8779</uuid>
                    </uuids>
                </item>
                <item>
                    <type>webApi</type>
                    <uuids/>
                </item>
                <item>
                    <type>site</type>
                    <uuids>
                        <uuid>7174c9b4-d8a9-43fb-900c-574455ac42b5</uuid>
                        <uuid>1763cc4b-e1c0-4888-921d-e64e1aca90af</uuid>
                    </uuids>
                </item>
                <item>
                    <type>adminSetting</type>
                    <uuids/>
                </item>
                <item>
                    <type>thirdPartyCredentials</type>
                    <uuids/>
                </item>
                <item>
                    <type>dataSource</type>
                    <uuids/>
                </item>
            </globalIdMap>
        </associatedObjects>
        <applicationNavigation/>
        <applicationActions>
            <action>
                <displayLabel>Create Application Admin</displayLabel>
                <description>Please click here to create application admin</description>
                <processModelUuid>000add7a-65e2-8000-aae2-014d98014d98</processModelUuid>
                <actionUuid>d27ad346-e551-4823-85b1-7edf4ad8c3af</actionUuid>
            </action>
        </applicationActions>
        <associatedApplications>
            <globalIdMap>
                <item>
                    <type>datatype</type>
                    <uuids/>
                </item>
                <item>
                    <type>dataStore</type>
                    <uuids/>
                </item>
                <item>
                    <type>user</type>
                    <uuids/>
                </item>
                <item>
                    <type>groupType</type>
                    <uuids/>
                </item>
                <item>
                    <type>group</type>
                    <uuids/>
                </item>
                <item>
                    <type>content</type>
                    <uuids/>
                </item>
                <item>
                    <type>forum</type>
                    <uuids/>
                </item>
                <item>
                    <type>processModelFolder</type>
                    <uuids/>
                </item>
                <item>
                    <type>processModel</type>
                    <uuids/>
                </item>
                <item>
                    <type>portlet</type>
                    <uuids/>
                </item>
                <item>
                    <type>page</type>
                    <uuids/>
                </item>
                <item>
                    <type>application</type>
                    <uuids/>
                </item>
                <item>
                    <type>tempoFeed</type>
                    <uuids/>
                </item>
                <item>
                    <type>recordType</type>
                    <uuids/>
                </item>
                <item>
                    <type>tempoReport</type>
                    <uuids/>
                </item>
                <item>
                    <type>taskReport</type>
                    <uuids/>
                </item>
                <item>
                    <type>webApi</type>
                    <uuids/>
                </item>
                <item>
                    <type>site</type>
                    <uuids/>
                </item>
                <item>
                    <type>adminSetting</type>
                    <uuids/>
                </item>
                <item>
                    <type>thirdPartyCredentials</type>
                    <uuids/>
                </item>
                <item>
                    <type>dataSource</type>
                    <uuids/>
                </item>
            </globalIdMap>
        </associatedApplications>
    </application>
    <roleMap>
        <contentRoleMap public="true">
            <role allowForAll="false" inherit="false" name="readers">
                <users/>
                <groups>
                    <groupUuid>_e-0000dd11-d37e-8000-9ccd-011e94011e94_423</groupUuid>
                    <groupUuid>_e-0000dd11-d37e-8000-9ccd-011e94011e94_422</groupUuid>
                </groups>
            </role>
            <role allowForAll="false" inherit="false" name="authors">
                <users/>
                <groups>
                    <groupUuid>_e-0000dd11-d37e-8000-9ccd-011e94011e94_424</groupUuid>
                </groups>
            </role>
            <role allowForAll="false" inherit="false" name="administrators">
                <users/>
                <groups>
                    <groupUuid>_e-0000dd11-d37e-8000-9ccd-011e94011e94_425</groupUuid>
                </groups>
            </role>
            <role allowForAll="false" inherit="false" name="denyReaders">
                <users/>
                <groups/>
            </role>
            <role allowForAll="false" inherit="false" name="denyAuthors">
                <users/>
                <groups/>
            </role>
            <role allowForAll="false" inherit="false" name="denyAdministrators">
                <users/>
                <groups/>
            </role>
        </contentRoleMap>
    </roleMap>
</applicationHaul>
