<?xml version="1.0" encoding="UTF-8"?>
<siteHaul xmlns:a="http://www.appian.com/ae/types/2009" xmlns:xsi="http://www.w3.org/2001/XMLSchema-instance">
  <site a:uuid="1763cc4b-e1c0-4888-921d-e64e1aca90af" name="IAL_Site_Administrator">
    <description>Refers to the Dashboard for Administrator</description>
    <urlStub>ial-site-administrator</urlStub>
    <page>
      <staticName>Statistics </staticName>
      <description/>
      <urlStub>statistics</urlStub>
      <uiObject a:uuid="49c0c63e-b63a-4427-bc97-780341ce8779" xsi:type="a:TaskReport"/>
      <iconId>f080</iconId>
      <visibilityExpr>fn!true()</visibilityExpr>
    </page>
    <page>
      <staticName>Tasks</staticName>
      <description/>
      <urlStub>tasks</urlStub>
      <uiObject a:uuid="0002dd2c-b7ee-8000-9ccd-014d98014d98" xsi:type="a:ProcessModel"/>
      <iconId>f0ae</iconId>
      <visibilityExpr>fn!true()</visibilityExpr>
    </page>
    <page>
      <staticName>Questions</staticName>
      <description/>
      <urlStub>questions</urlStub>
      <uiObject a:uuid="c65b2b8c-c500-4456-926a-8301870bde65" xsi:type="a:RecordType">
        <a:isSystem>false</a:isSystem>
        <a:security>16383</a:security>
      </uiObject>
      <iconId>f128</iconId>
      <visibilityExpr>fn!true()</visibilityExpr>
    </page>
    <page>
      <staticName>Category</staticName>
      <description/>
      <urlStub>category</urlStub>
      <uiObject a:uuid="b5520b28-6d88-418d-8b6c-550cfa9cbb59" xsi:type="a:RecordType">
        <a:isSystem>false</a:isSystem>
        <a:security>16383</a:security>
      </uiObject>
      <iconId>f0e8</iconId>
      <visibilityExpr>fn!true()</visibilityExpr>
    </page>
    <page>
      <staticName>Users</staticName>
      <description/>
      <urlStub>users</urlStub>
      <uiObject a:uuid="3c29a027-5cf4-4bc7-98b9-f138c3daae04" xsi:type="a:RecordType">
        <a:isSystem>false</a:isSystem>
        <a:security>16383</a:security>
      </uiObject>
      <iconId>f007</iconId>
      <visibilityExpr>fn!true()</visibilityExpr>
    </page>
    <visibility>268435456</visibility>
    <headerBackgroundColor>#5867B0</headerBackgroundColor>
    <selectedTabBackgroundColor>#2D3E74</selectedTabBackgroundColor>
    <faviconRef a:uuid="SYSTEM_CONTENT_SITES_DEFAULT_FAVICON" xsi:type="a:CollaborationDocument"/>
    <faviconHref/>
    <logoRef a:uuid="_a-0000dd13-5aaa-8000-9ccd-01ef9001ef90_56609" xsi:type="a:CollaborationDocument"/>
    <logoHref/>
    <headerBackgroundColorExpr/>
    <selectedTabBackgroundColorExpr/>
  </site>
  <roleMap>
    <role name="site_administrator">
      <users/>
      <groups>
        <groupUuid>_e-0000dd11-d37e-8000-9ccd-011e94011e94_425</groupUuid>
      </groups>
    </role>
    <role name="site_viewer">
      <users/>
      <groups>
        <groupUuid>_e-0000dd11-d37e-8000-9ccd-011e94011e94_424</groupUuid>
      </groups>
    </role>
  </roleMap>
</siteHaul>
