<?xml version="1.0" encoding="UTF-8"?>
<siteHaul xmlns:a="http://www.appian.com/ae/types/2009" xmlns:xsi="http://www.w3.org/2001/XMLSchema-instance">
  <site a:uuid="7174c9b4-d8a9-43fb-900c-574455ac42b5" name="IAL_Site_Candidate">
    <description>Refers to the start page for Candidates</description>
    <urlStub>ial-site-candidate</urlStub>
    <page>
      <staticName>Landing Page</staticName>
      <description/>
      <urlStub>landing-page</urlStub>
      <uiObject a:uuid="0002dd1f-ad77-8000-9ccd-014d98014d98" xsi:type="a:ProcessModel"/>
      <iconId>f13d</iconId>
      <visibilityExpr>fn!true()</visibilityExpr>
    </page>
    <page>
      <staticName>Tasks</staticName>
      <description/>
      <urlStub>tasks</urlStub>
      <uiObject a:uuid="0002dd24-c96c-8000-9ccd-014d98014d98" xsi:type="a:ProcessModel"/>
      <iconId>f0ae</iconId>
      <visibilityExpr>fn!true()</visibilityExpr>
    </page>
    <page>
      <staticName>Questions</staticName>
      <description/>
      <urlStub>questions</urlStub>
      <uiObject a:uuid="c65b2b8c-c500-4456-926a-8301870bde65" xsi:type="a:RecordType">
        <a:isSystem>false</a:isSystem>
        <a:security>16383</a:security>
      </uiObject>
      <iconId>f059</iconId>
      <visibilityExpr>fn!true()</visibilityExpr>
    </page>
    <page>
      <staticName>Statistics</staticName>
      <description/>
      <urlStub>statistics</urlStub>
      <uiObject a:uuid="8c23805d-f598-4f56-934c-d1b2fae3f06c" xsi:type="a:TaskReport"/>
      <iconId>f080</iconId>
      <visibilityExpr>fn!true()</visibilityExpr>
    </page>
    <visibility>268435456</visibility>
    <headerBackgroundColor>#C2AF5E</headerBackgroundColor>
    <selectedTabBackgroundColor>#656565</selectedTabBackgroundColor>
    <faviconRef a:uuid="SYSTEM_CONTENT_SITES_DEFAULT_FAVICON" xsi:type="a:CollaborationDocument"/>
    <faviconHref/>
    <logoRef a:uuid="_a-0000dd13-5aaa-8000-9ccd-01ef9001ef90_56609" xsi:type="a:CollaborationDocument"/>
    <logoHref/>
    <headerBackgroundColorExpr/>
    <selectedTabBackgroundColorExpr/>
  </site>
  <roleMap>
    <role name="site_administrator">
      <users/>
      <groups>
        <groupUuid>_e-0000dd11-d37e-8000-9ccd-011e94011e94_425</groupUuid>
      </groups>
    </role>
    <role name="site_viewer">
      <users/>
      <groups>
        <groupUuid>_e-0000dd11-d37e-8000-9ccd-011e94011e94_422</groupUuid>
      </groups>
    </role>
  </roleMap>
</siteHaul>
